sale_id,date,customer_id,dog_name,service,price_mxn,payment_method,employee_id,notes,is_churned
DD-000543,2023-01-01,C-292,Chico,Guardería,190.0,Efectivo,EMP-02,,0
DD-000368,2023-01-01,C-194,Nina,Guardería,150.0,Efectivo,EMP-08,descuento aplicado,0
DD-000594,2023-01-01,C-319,Princesa,Corte,380.0,Efectivo,EMP-07,traer vacunas,0
DD-000285,2023-01-01,C-156,Beto,Guardería,200.0,Efectivo,EMP-07,cliente VIP,0
DD-000032,2023-01-01,C-013,Coco,Guardería,190.0,Efectivo,EMP-07,descuento aplicado,1
DD-000026,2023-01-01,C-012,Chispa,Baño,270.0,Tarjeta,EMP-05,cliente VIP,1
DD-000450,2023-01-01,C-239,Pancho,Hotel,560.0,Efectivo,EMP-01,,0
DD-000043,2023-01-01,C-022,Sammy,Hotel,370.0,Tarjeta,EMP-08,,1
DD-000233,2023-01-01,C-129,Tigrillo,Guardería,190.0,Efectivo,EMP-01,primera visita,0
DD-000230,2023-01-01,C-125,Tigrillo,Baño,410.0,Tarjeta,EMP-01,,0
DD-000466,2023-01-01,C-245,Frida,Hotel,480.0,Efectivo,EMP-05,,0
DD-000235,2023-01-01,C-130,Gordo,Guardería,160.0,Transferencia,EMP-07,propina incluida,0
DD-000104,2023-01-01,C-056,Bonita,Guardería,210.0,Tarjeta,EMP-03,cliente VIP,1
DD-000597,2023-01-01,C-320,Negro,Hotel,540.0,Transferencia,EMP-08,,0
DD-000008,2023-01-01,C-004,Paloma,Guardería,170.0,Tarjeta,EMP-06,,1
DD-000578,2023-01-01,C-310,Paloma,Corte,440.0,Efectivo,EMP-06,cliente frecuente,0
DD-000515,2023-01-01,C-271,Pancho,Guardería,180.0,Efectivo,EMP-01,primera visita,0
DD-000007,2023-01-01,C-004,Paloma,Hotel,520.0,Efectivo,EMP-04,alérgico a champú,1
DD-000122,2023-01-01,C-070,Buddy,Hotel,410.0,Tarjeta,EMP-04,alérgico a champú,1
DD-000476,2023-01-02,C-252,Kira,Baño,400.0,Transferencia,EMP-05,requiere cita previa,0
DD-000062,2023-01-02,C-033,Max,Hotel,400.0,Efectivo,EMP-02,traer vacunas,1
DD-000432,2023-01-02,C-229,Bella,Guardería,180.0,Efectivo,EMP-07,,0
DD-000190,2023-01-02,C-105,Tito,Guardería,210.0,Transferencia,EMP-07,traer vacunas,0
DD-000413,2023-01-02,C-221,Beto,Corte,270.0,Tarjeta,EMP-05,cliente frecuente,0
DD-000031,2023-01-02,C-013,Coco,Guardería,250.0,Efectivo,EMP-03,perro agresivo,1
DD-000030,2023-01-02,C-013,Coco,Guardería,160.0,Efectivo,EMP-07,,1
DD-000029,2023-01-02,C-013,Coco,Guardería,170.0,Tarjeta,EMP-03,alérgico a champú,1
DD-000314,2023-01-02,C-169,Gordo,Baño,440.0,Tarjeta,EMP-02,primera visita,0
DD-000266,2023-01-02,C-147,Rex,Guardería,210.0,Efectivo,EMP-06,,0
DD-000496,2023-01-02,C-262,Charlie,Guardería,220.0,Efectivo,EMP-04,alérgico a champú,0
DD-000057,2023-01-02,C-030,Bear,Baño,220.0,Tarjeta,EMP-08,traer vacunas,1
DD-000454,2023-01-02,C-240,Mia,Guardería,230.0,Transferencia,EMP-03,traer vacunas,0
DD-000134,2023-01-02,C-076,Bear,Guardería,220.0,Transferencia,EMP-05,cliente VIP,1
DD-000489,2023-01-02,C-259,Paloma,Guardería,220.0,Efectivo,EMP-03,,0
DD-000458,2023-01-02,C-242,Sammy,Guardería,160.0,Efectivo,EMP-08,,0
DD-000357,2023-01-02,C-189,Zeus,Baño,350.0,Efectivo,EMP-01,alérgico a champú,0
DD-000416,2023-01-02,C-222,Canela,Baño,360.0,Efectivo,EMP-08,traer vacunas,0
DD-000228,2023-01-03,C-124,Manchas,Adiestramiento,680.0,Efectivo,EMP-04,,0
DD-000079,2023-01-03,C-042,Nena,Guardería,230.0,Tarjeta,EMP-02,,1
DD-000240,2023-01-03,C-132,Blanca,Baño,200.0,Tarjeta,EMP-08,,0
DD-000214,2023-01-03,C-117,Daisy,Guardería,240.0,Efectivo,EMP-05,,0
DD-000229,2023-01-03,C-124,Manchas,Guardería,180.0,Tarjeta,EMP-01,,0
DD-000197,2023-01-03,C-108,Sasha,Guardería,230.0,Tarjeta,EMP-02,,0
DD-000284,2023-01-03,C-156,Beto,Guardería,250.0,Tarjeta,EMP-07,primera visita,0
DD-000101,2023-01-03,C-055,Bear,Guardería,170.0,Tarjeta,EMP-02,requiere cita previa,1
DD-000535,2023-01-03,C-284,Duke,Guardería,240.0,Tarjeta,EMP-02,alérgico a champú,0
DD-000457,2023-01-03,C-242,Sammy,Guardería,210.0,Efectivo,EMP-05,cliente frecuente,0
DD-000398,2023-01-03,C-211,Lobo,Guardería,200.0,Efectivo,EMP-02,cliente VIP,0
DD-000003,2023-01-03,C-003,Bella,Baño,300.0,Tarjeta,EMP-06,cliente VIP,1
DD-000437,2023-01-03,C-230,Chico,Hotel,550.0,Tarjeta,EMP-08,,0
DD-000464,2023-01-03,C-245,Frida,Baño,410.0,Tarjeta,EMP-02,,0
DD-000517,2023-01-03,C-274,Nena,Baño,270.0,Tarjeta,EMP-06,,0
DD-000411,2023-01-03,C-219,Nina,Hotel,530.0,Efectivo,EMP-03,cliente frecuente,0
DD-000440,2023-01-03,C-232,Thor,Guardería,240.0,Efectivo,EMP-01,descuento aplicado,0
DD-000013,2023-01-03,C-006,Thor,Guardería,230.0,Tarjeta,EMP-05,,1
DD-000262,2023-01-04,C-145,Lola,Guardería,160.0,Tarjeta,EMP-05,pago pendiente,0
DD-000022,2023-01-04,C-010,Maya,Guardería,190.0,Efectivo,EMP-05,cliente frecuente,1
DD-000015,2023-01-04,C-006,Thor,Baño,390.0,Tarjeta,EMP-06,,1
DD-000227,2023-01-04,C-123,Ringo,Hotel,400.0,Efectivo,EMP-02,traer vacunas,0
DD-000205,2023-01-04,C-114,Rocky,Guardería,240.0,Tarjeta,EMP-02,,0
DD-000514,2023-01-04,C-271,Pancho,Baño,340.0,Tarjeta,EMP-04,cliente VIP,0
DD-000577,2023-01-04,C-310,Paloma,Guardería,160.0,Efectivo,EMP-07,,0
DD-000193,2023-01-04,C-107,Lobo,Guardería,200.0,Tarjeta,EMP-07,,0
DD-000178,2023-01-04,C-100,Rosa,Adiestramiento,710.0,Tarjeta,EMP-08,,0
DD-000163,2023-01-04,C-092,Rocky,Guardería,240.0,Efectivo,EMP-06,,0
DD-000125,2023-01-04,C-072,Chico,Hotel,480.0,Tarjeta,EMP-04,,1
DD-000112,2023-01-04,C-064,Bella,Corte,280.0,Tarjeta,EMP-07,,1
DD-000511,2023-01-04,C-271,Pancho,Guardería,250.0,Tarjeta,EMP-03,propina incluida,0
DD-000556,2023-01-04,C-298,Ringo,Guardería,220.0,Transferencia,EMP-06,cliente VIP,0
DD-000369,2023-01-04,C-195,Rocky,Guardería,170.0,Tarjeta,EMP-03,primera visita,0
DD-000280,2023-01-04,C-153,Chato,Guardería,230.0,Transferencia,EMP-07,cliente frecuente,0
DD-000287,2023-01-04,C-157,Thor,Corte,420.0,Efectivo,EMP-07,pago pendiente,0
DD-000396,2023-01-04,C-210,Max,Corte,400.0,Tarjeta,EMP-05,,0
DD-000293,2023-01-04,C-160,Boby,Guardería,200.0,Efectivo,EMP-05,alérgico a champú,0
DD-000060,2023-01-04,C-032,Tito,Baño,300.0,Efectivo,EMP-05,pago pendiente,1
DD-000573,2023-01-04,C-308,Nina,Baño,340.0,Transferencia,EMP-08,,0
DD-000058,2023-01-04,C-031,Ringo,Hotel,420.0,Transferencia,EMP-08,,1
DD-000559,2023-01-04,C-299,Negro,Guardería,180.0,Transferencia,EMP-03,,0
DD-000385,2023-01-04,C-203,Princesa,Guardería,220.0,Efectivo,EMP-02,propina incluida,0
DD-000354,2023-01-04,C-188,Chico,Corte,310.0,Tarjeta,EMP-06,,0
DD-000337,2023-01-04,C-178,Coco,Corte,370.0,Tarjeta,EMP-01,,0
DD-000263,2023-01-05,C-147,Rex,Guardería,210.0,Transferencia,EMP-08,primera visita,0
DD-000375,2023-01-05,C-198,Chato,Baño,400.0,Efectivo,EMP-08,perro agresivo,0
DD-000386,2023-01-05,C-203,Princesa,Baño,350.0,Tarjeta,EMP-07,propina incluida,0
DD-000129,2023-01-05,C-074,Fifi,Baño,210.0,Tarjeta,EMP-08,descuento aplicado,1
DD-000316,2023-01-05,C-169,Gordo,Guardería,200.0,Transferencia,EMP-04,perro agresivo,0
DD-000328,2023-01-05,C-177,Princesa,Baño,310.0,Efectivo,EMP-01,descuento aplicado,0
DD-000547,2023-01-05,C-295,Chico,Guardería,170.0,Efectivo,EMP-08,descuento aplicado,0
DD-000419,2023-01-05,C-226,Chispa,Guardería,170.0,Efectivo,EMP-01,requiere cita previa,0
DD-000221,2023-01-05,C-121,Duke,Adiestramiento,730.0,Efectivo,EMP-05,propina incluida,0
DD-000425,2023-01-05,C-227,Maya,Guardería,220.0,Tarjeta,EMP-08,,0
DD-000435,2023-01-05,C-230,Chico,Guardería,240.0,Efectivo,EMP-07,,0
DD-000274,2023-01-05,C-150,Duke,Baño,420.0,Efectivo,EMP-01,perro agresivo,0
DD-000529,2023-01-05,C-280,Nena,Corte,370.0,Tarjeta,EMP-05,,0
DD-000383,2023-01-05,C-202,Tigrillo,Guardería,210.0,Tarjeta,EMP-02,requiere cita previa,0
DD-000527,2023-01-05,C-279,Coco,Guardería,250.0,Efectivo,EMP-03,,0
DD-000047,2023-01-05,C-024,Sultan,Baño,300.0,Efectivo,EMP-01,cliente VIP,1
DD-000073,2023-01-05,C-040,Manchas,Baño,380.0,Tarjeta,EMP-04,cliente frecuente,1
DD-000039,2023-01-05,C-019,Canela,Corte,330.0,Tarjeta,EMP-03,descuento aplicado,1
DD-000049,2023-01-05,C-026,Mia,Hotel,600.0,Efectivo,EMP-08,traer vacunas,1
DD-000055,2023-01-05,C-030,Bear,Guardería,200.0,Transferencia,EMP-07,pago pendiente,1
DD-000061,2023-01-05,C-033,Max,Guardería,230.0,Tarjeta,EMP-04,,1
DD-000036,2023-01-05,C-017,Canela,Baño,230.0,Efectivo,EMP-01,alérgico a champú,1
DD-000363,2023-01-06,C-192,Sammy,Baño,400.0,Efectivo,EMP-07,descuento aplicado,0
DD-000438,2023-01-06,C-231,Fifi,Guardería,220.0,Efectivo,EMP-07,primera visita,0
DD-000441,2023-01-06,C-232,Thor,Baño,290.0,Transferencia,EMP-07,descuento aplicado,0
DD-000442,2023-01-06,C-233,Manchas,Baño,220.0,Tarjeta,EMP-07,cliente VIP,0
DD-000580,2023-01-06,C-312,Bella,Baño,440.0,Efectivo,EMP-03,cliente frecuente,0
DD-000505,2023-01-06,C-267,Daisy,Baño,360.0,Efectivo,EMP-02,,0
DD-000509,2023-01-06,C-270,Luna,Guardería,230.0,Tarjeta,EMP-01,descuento aplicado,0
DD-000330,2023-01-06,C-177,Princesa,Baño,310.0,Efectivo,EMP-02,traer vacunas,0
DD-000027,2023-01-06,C-013,Coco,Guardería,210.0,Tarjeta,EMP-03,propina incluida,1
DD-000417,2023-01-06,C-225,Simba,Guardería,180.0,Efectivo,EMP-02,pago pendiente,0
DD-000204,2023-01-06,C-112,Princesa,Guardería,220.0,Tarjeta,EMP-04,,0
DD-000195,2023-01-06,C-108,Sasha,Guardería,190.0,Efectivo,EMP-02,,0
DD-000259,2023-01-06,C-143,Rex,Corte,330.0,Efectivo,EMP-05,,0
DD-000414,2023-01-06,C-221,Beto,Guardería,230.0,Transferencia,EMP-05,,0
DD-000415,2023-01-06,C-221,Beto,Adiestramiento,680.0,Tarjeta,EMP-03,,0
DD-000394,2023-01-06,C-210,Max,Baño,250.0,Tarjeta,EMP-08,,0
DD-000145,2023-01-06,C-083,Duke,Guardería,220.0,Efectivo,EMP-07,cliente VIP,0
DD-000252,2023-01-06,C-140,Chispa,Corte,360.0,Tarjeta,EMP-07,,0
DD-000165,2023-01-06,C-092,Rocky,Guardería,220.0,Transferencia,EMP-01,cliente frecuente,0
DD-000094,2023-01-06,C-051,Simba,Guardería,190.0,Tarjeta,EMP-07,,1
DD-000408,2023-01-06,C-216,Bonita,Guardería,210.0,Transferencia,EMP-06,descuento aplicado,0
DD-000475,2023-01-06,C-251,Blanca,Hotel,380.0,Transferencia,EMP-06,alérgico a champú,0
DD-000225,2023-01-06,C-122,Pepa,Guardería,240.0,Tarjeta,EMP-05,,0
DD-000041,2023-01-06,C-021,Rocky,Hotel,390.0,Efectivo,EMP-05,requiere cita previa,1
DD-000136,2023-01-06,C-077,Kira,Hotel,380.0,Tarjeta,EMP-06,,1
DD-000044,2023-01-06,C-022,Sammy,Guardería,180.0,Tarjeta,EMP-02,,1
DD-000526,2023-01-06,C-279,Coco,Guardería,160.0,Transferencia,EMP-06,pago pendiente,0
DD-000550,2023-01-07,C-297,Sasha,Guardería,200.0,Efectivo,EMP-06,,0
DD-000153,2023-01-07,C-085,Beto,Corte,310.0,Efectivo,EMP-08,cliente frecuente,0
DD-000188,2023-01-07,C-103,Panda,Hotel,540.0,Efectivo,EMP-05,,0
DD-000397,2023-01-07,C-210,Max,Guardería,160.0,Efectivo,EMP-02,alérgico a champú,0
DD-000088,2023-01-07,C-046,Chato,Guardería,150.0,Tarjeta,EMP-03,,1
DD-000171,2023-01-07,C-098,Ringo,Baño,230.0,Efectivo,EMP-08,descuento aplicado,0
DD-000175,2023-01-07,C-099,Gordo,Hotel,510.0,Efectivo,EMP-04,cliente VIP,0
DD-000484,2023-01-07,C-256,Chato,Guardería,170.0,Efectivo,EMP-02,primera visita,0
DD-000143,2023-01-07,C-083,Duke,Guardería,190.0,Transferencia,EMP-04,primera visita,0
DD-000162,2023-01-07,C-092,Rocky,Corte,270.0,Transferencia,EMP-07,,0
DD-000217,2023-01-07,C-120,Duke,Baño,390.0,Efectivo,EMP-03,perro agresivo,0
DD-000322,2023-01-07,C-174,Chispa,Guardería,210.0,Efectivo,EMP-04,descuento aplicado,0
DD-000539,2023-01-07,C-288,Boby,Adiestramiento,800.0,Efectivo,EMP-01,primera visita,0
DD-000056,2023-01-07,C-030,Bear,Guardería,200.0,Tarjeta,EMP-05,perro agresivo,1
DD-000349,2023-01-07,C-186,Frida,Hotel,450.0,Transferencia,EMP-07,,0
DD-000524,2023-01-07,C-278,Estrella,Baño,400.0,Tarjeta,EMP-01,descuento aplicado,0
DD-000352,2023-01-07,C-187,Simba,Guardería,240.0,Tarjeta,EMP-05,,0
DD-000362,2023-01-07,C-191,Sammy,Baño,410.0,Tarjeta,EMP-08,requiere cita previa,0
DD-000243,2023-01-07,C-134,Luna,Guardería,200.0,Efectivo,EMP-06,pago pendiente,0
DD-000366,2023-01-07,C-194,Nina,Guardería,180.0,Efectivo,EMP-07,perro agresivo,0
DD-000504,2023-01-07,C-266,Rex,Baño,430.0,Tarjeta,EMP-08,,0
DD-000439,2023-01-07,C-232,Thor,Baño,410.0,Tarjeta,EMP-08,alérgico a champú,0
DD-000507,2023-01-08,C-268,Nala,Guardería,220.0,Tarjeta,EMP-05,,0
DD-000257,2023-01-08,C-142,Estrella,Baño,210.0,Efectivo,EMP-02,alérgico a champú,0
DD-000579,2023-01-08,C-311,Nala,Baño,290.0,Efectivo,EMP-05,alérgico a champú,0
DD-000467,2023-01-08,C-245,Frida,Corte,430.0,Efectivo,EMP-04,traer vacunas,0
DD-000406,2023-01-08,C-214,Gordo,Baño,200.0,Tarjeta,EMP-04,cliente VIP,0
DD-000332,2023-01-08,C-178,Coco,Baño,400.0,Tarjeta,EMP-08,propina incluida,0
DD-000317,2023-01-08,C-170,Frida,Baño,320.0,Transferencia,EMP-03,,0
DD-000017,2023-01-08,C-007,Tito,Baño,270.0,Efectivo,EMP-06,requiere cita previa,1
DD-000034,2023-01-08,C-015,Panda,Guardería,170.0,Efectivo,EMP-08,traer vacunas,1
DD-000002,2023-01-08,C-002,Mia,Guardería,170.0,Tarjeta,EMP-04,cliente frecuente,1
DD-000185,2023-01-08,C-102,Chispa,Baño,350.0,Tarjeta,EMP-08,cliente frecuente,0
DD-000219,2023-01-08,C-120,Duke,Corte,400.0,Tarjeta,EMP-02,cliente VIP,0
DD-000312,2023-01-08,C-167,Coco,Guardería,180.0,Tarjeta,EMP-02,cliente VIP,0
DD-000493,2023-01-08,C-261,Sultan,Guardería,190.0,Efectivo,EMP-08,primera visita,0
DD-000089,2023-01-08,C-046,Chato,Corte,280.0,Efectivo,EMP-01,,1
DD-000393,2023-01-08,C-209,Manchas,Adiestramiento,450.0,Tarjeta,EMP-06,primera visita,0
DD-000213,2023-01-08,C-117,Daisy,Guardería,160.0,Tarjeta,EMP-02,requiere cita previa,0
DD-000092,2023-01-08,C-050,Max,Baño,320.0,Tarjeta,EMP-01,,1
DD-000461,2023-01-08,C-243,Maya,Corte,360.0,Efectivo,EMP-04,,0
DD-000201,2023-01-08,C-111,Thor,Baño,380.0,Tarjeta,EMP-08,requiere cita previa,0
DD-000081,2023-01-09,C-042,Nena,Baño,270.0,Transferencia,EMP-06,descuento aplicado,1
DD-000422,2023-01-09,C-226,Chispa,Hotel,360.0,Tarjeta,EMP-07,cliente VIP,0
DD-000255,2023-01-09,C-142,Estrella,Baño,410.0,Transferencia,EMP-04,traer vacunas,0
DD-000024,2023-01-09,C-011,Daisy,Guardería,210.0,Transferencia,EMP-03,propina incluida,1
DD-000448,2023-01-09,C-238,Max,Hotel,520.0,Efectivo,EMP-05,,0
DD-000037,2023-01-09,C-018,Toby,Baño,410.0,Efectivo,EMP-08,,1
DD-000097,2023-01-09,C-052,Estrella,Guardería,160.0,Efectivo,EMP-01,,1
DD-000519,2023-01-09,C-274,Nena,Baño,400.0,Tarjeta,EMP-08,pago pendiente,0
DD-000482,2023-01-09,C-255,Frida,Adiestramiento,420.0,Transferencia,EMP-06,,0
DD-000462,2023-01-09,C-244,Coco,Guardería,230.0,Efectivo,EMP-08,cliente VIP,0
DD-000318,2023-01-09,C-172,Tito,Guardería,230.0,Tarjeta,EMP-05,,0
DD-000164,2023-01-09,C-092,Rocky,Adiestramiento,570.0,Tarjeta,EMP-03,descuento aplicado,0
DD-000096,2023-01-09,C-052,Estrella,Hotel,390.0,Efectivo,EMP-03,perro agresivo,1
DD-000124,2023-01-09,C-072,Chico,Guardería,240.0,Transferencia,EMP-05,perro agresivo,1
DD-000105,2023-01-09,C-058,Gordo,Corte,360.0,Tarjeta,EMP-03,alérgico a champú,1
DD-000133,2023-01-10,C-076,Bear,Corte,480.0,Efectivo,EMP-03,,1
DD-000128,2023-01-10,C-072,Chico,Guardería,240.0,Tarjeta,EMP-05,,1
DD-000246,2023-01-10,C-136,Simba,Hotel,550.0,Tarjeta,EMP-02,,0
DD-000082,2023-01-10,C-043,Luna,Guardería,210.0,Transferencia,EMP-05,,1
DD-000222,2023-01-10,C-121,Duke,Adiestramiento,770.0,Efectivo,EMP-07,,0
DD-000065,2023-01-10,C-034,Gus,Adiestramiento,460.0,Transferencia,EMP-01,cliente VIP,1
DD-000282,2023-01-10,C-155,Nala,Guardería,230.0,Efectivo,EMP-01,,0
DD-000281,2023-01-10,C-154,Nena,Adiestramiento,500.0,Efectivo,EMP-01,perro agresivo,0
DD-000549,2023-01-10,C-297,Sasha,Hotel,450.0,Efectivo,EMP-05,,0
DD-000551,2023-01-10,C-297,Sasha,Guardería,150.0,Efectivo,EMP-07,,0
DD-000428,2023-01-10,C-228,Sasha,Guardería,170.0,Efectivo,EMP-01,,0
DD-000378,2023-01-10,C-199,Pepa,Guardería,240.0,Efectivo,EMP-02,,0
DD-000401,2023-01-10,C-212,Negro,Corte,450.0,Efectivo,EMP-08,descuento aplicado,0
DD-000399,2023-01-10,C-211,Lobo,Adiestramiento,410.0,Tarjeta,EMP-05,,0
DD-000593,2023-01-10,C-316,Nina,Baño,370.0,Tarjeta,EMP-02,propina incluida,0
DD-000253,2023-01-10,C-140,Chispa,Guardería,240.0,Tarjeta,EMP-08,descuento aplicado,0
DD-000345,2023-01-10,C-183,Sammy,Guardería,160.0,Transferencia,EMP-08,cliente frecuente,0
DD-000477,2023-01-10,C-253,Luna,Corte,490.0,Transferencia,EMP-01,,0
DD-000226,2023-01-10,C-123,Ringo,Guardería,220.0,Transferencia,EMP-04,,0
DD-000444,2023-01-10,C-234,Toby,Baño,290.0,Tarjeta,EMP-05,,0
DD-000045,2023-01-10,C-023,Tito,Baño,240.0,Transferencia,EMP-02,requiere cita previa,1
DD-000563,2023-01-10,C-302,Fifi,Hotel,430.0,Tarjeta,EMP-05,,0
DD-000429,2023-01-10,C-228,Sasha,Guardería,160.0,Efectivo,EMP-01,descuento aplicado,0
DD-000150,2023-01-10,C-085,Beto,Baño,290.0,Tarjeta,EMP-08,propina incluida,0
DD-000392,2023-01-10,C-209,Manchas,Guardería,200.0,Efectivo,EMP-07,primera visita,0
DD-000053,2023-01-11,C-028,Princesa,Baño,350.0,Efectivo,EMP-01,,1
DD-000338,2023-01-11,C-179,Nina,Baño,370.0,Tarjeta,EMP-03,cliente VIP,0
DD-000427,2023-01-11,C-228,Sasha,Guardería,220.0,Tarjeta,EMP-01,traer vacunas,0
DD-000561,2023-01-11,C-302,Fifi,Corte,360.0,Efectivo,EMP-05,,0
DD-000238,2023-01-11,C-131,Sultan,Guardería,160.0,Tarjeta,EMP-04,cliente frecuente,0
DD-000303,2023-01-11,C-162,Kira,Baño,220.0,Efectivo,EMP-01,,0
DD-000353,2023-01-11,C-187,Simba,Guardería,160.0,Efectivo,EMP-03,cliente VIP,0
DD-000300,2023-01-11,C-161,Chispa,Corte,370.0,Efectivo,EMP-04,pago pendiente,0
DD-000370,2023-01-11,C-195,Rocky,Guardería,170.0,Transferencia,EMP-04,perro agresivo,0
DD-000288,2023-01-11,C-157,Thor,Baño,330.0,Efectivo,EMP-06,primera visita,0
DD-000248,2023-01-11,C-137,Sasha,Hotel,350.0,Efectivo,EMP-03,cliente frecuente,0
DD-000250,2023-01-11,C-139,Panda,Guardería,160.0,Efectivo,EMP-03,,0
DD-000269,2023-01-11,C-149,Toby,Guardería,190.0,Tarjeta,EMP-08,cliente VIP,0
DD-000420,2023-01-11,C-226,Chispa,Corte,490.0,Tarjeta,EMP-07,traer vacunas,0
DD-000244,2023-01-11,C-135,Bella,Adiestramiento,420.0,Efectivo,EMP-05,,0
DD-000567,2023-01-11,C-303,Toby,Baño,200.0,Transferencia,EMP-07,,0
DD-000212,2023-01-11,C-116,Bonita,Guardería,190.0,Transferencia,EMP-02,cliente frecuente,0
DD-000455,2023-01-11,C-241,Canela,Guardería,200.0,Transferencia,EMP-06,,0
DD-000553,2023-01-11,C-297,Sasha,Guardería,180.0,Tarjeta,EMP-04,,0
DD-000198,2023-01-11,C-109,Lobo,Baño,340.0,Tarjeta,EMP-02,requiere cita previa,0
DD-000199,2023-01-11,C-109,Lobo,Baño,370.0,Tarjeta,EMP-05,cliente frecuente,0
DD-000206,2023-01-11,C-115,Charlie,Hotel,590.0,Tarjeta,EMP-05,,0
DD-000118,2023-01-11,C-067,Bonita,Guardería,200.0,Efectivo,EMP-01,primera visita,1
DD-000537,2023-01-11,C-287,Maya,Guardería,210.0,Transferencia,EMP-03,descuento aplicado,0
DD-000095,2023-01-11,C-052,Estrella,Corte,430.0,Tarjeta,EMP-07,,1
DD-000538,2023-01-11,C-288,Boby,Adiestramiento,780.0,Tarjeta,EMP-01,cliente frecuente,0
DD-000497,2023-01-11,C-263,Nena,Baño,360.0,Tarjeta,EMP-01,,0
DD-000540,2023-01-11,C-290,Lola,Guardería,160.0,Efectivo,EMP-02,pago pendiente,0
DD-000218,2023-01-11,C-120,Duke,Corte,340.0,Efectivo,EMP-01,,0
DD-000495,2023-01-11,C-261,Sultan,Hotel,440.0,Tarjeta,EMP-03,traer vacunas,0
DD-000510,2023-01-11,C-271,Pancho,Baño,320.0,Efectivo,EMP-06,,0
DD-000132,2023-01-12,C-075,Chato,Baño,210.0,Transferencia,EMP-04,propina incluida,1
DD-000512,2023-01-12,C-271,Pancho,Hotel,480.0,Transferencia,EMP-05,perro agresivo,0
DD-000377,2023-01-12,C-199,Pepa,Baño,380.0,Tarjeta,EMP-08,cliente VIP,0
DD-000169,2023-01-12,C-096,Chato,Baño,290.0,Efectivo,EMP-08,traer vacunas,0
DD-000264,2023-01-12,C-147,Rex,Guardería,220.0,Efectivo,EMP-04,,0
DD-000142,2023-01-12,C-082,Zeus,Baño,430.0,Tarjeta,EMP-07,,0
DD-000373,2023-01-12,C-197,Mia,Adiestramiento,640.0,Transferencia,EMP-01,requiere cita previa,0
DD-000004,2023-01-12,C-003,Bella,Baño,420.0,Tarjeta,EMP-03,alérgico a champú,1
DD-000063,2023-01-12,C-033,Max,Corte,320.0,Efectivo,EMP-06,pago pendiente,1
DD-000215,2023-01-12,C-119,Canela,Corte,270.0,Transferencia,EMP-02,cliente frecuente,0
DD-000237,2023-01-12,C-131,Sultan,Baño,310.0,Efectivo,EMP-07,,0
DD-000084,2023-01-12,C-043,Luna,Hotel,460.0,Transferencia,EMP-03,primera visita,1
DD-000207,2023-01-12,C-115,Charlie,Guardería,250.0,Efectivo,EMP-03,descuento aplicado,0
DD-000194,2023-01-13,C-108,Sasha,Guardería,200.0,Tarjeta,EMP-01,,0
DD-000431,2023-01-13,C-229,Bella,Guardería,200.0,Efectivo,EMP-06,requiere cita previa,0
DD-000487,2023-01-13,C-257,Canela,Baño,370.0,Transferencia,EMP-02,,0
DD-000279,2023-01-13,C-153,Chato,Guardería,190.0,Efectivo,EMP-02,descuento aplicado,0
DD-000234,2023-01-13,C-129,Tigrillo,Corte,250.0,Tarjeta,EMP-04,perro agresivo,0
DD-000558,2023-01-13,C-299,Negro,Guardería,170.0,Efectivo,EMP-03,,0
DD-000481,2023-01-13,C-255,Frida,Corte,320.0,Efectivo,EMP-02,traer vacunas,0
DD-000135,2023-01-13,C-076,Bear,Guardería,250.0,Transferencia,EMP-01,cliente VIP,1
DD-000059,2023-01-13,C-032,Tito,Guardería,160.0,Tarjeta,EMP-04,,1
DD-000090,2023-01-13,C-047,Gus,Guardería,190.0,Transferencia,EMP-05,,1
DD-000187,2023-01-13,C-103,Panda,Guardería,190.0,Efectivo,EMP-06,,0
DD-000557,2023-01-13,C-298,Ringo,Baño,350.0,Efectivo,EMP-04,traer vacunas,0
DD-000161,2023-01-13,C-092,Rocky,Corte,440.0,Tarjeta,EMP-05,cliente VIP,0
DD-000333,2023-01-13,C-178,Coco,Guardería,210.0,Efectivo,EMP-03,traer vacunas,0
DD-000533,2023-01-13,C-282,Rosa,Guardería,190.0,Tarjeta,EMP-05,,0
DD-000412,2023-01-13,C-220,Sammy,Guardería,170.0,Efectivo,EMP-07,,0
DD-000371,2023-01-13,C-197,Mia,Guardería,250.0,Tarjeta,EMP-05,pago pendiente,0
DD-000208,2023-01-13,C-116,Bonita,Guardería,240.0,Tarjeta,EMP-06,traer vacunas,0
DD-000258,2023-01-13,C-143,Rex,Adiestramiento,630.0,Efectivo,EMP-07,alérgico a champú,0
DD-000011,2023-01-13,C-005,Canela,Adiestramiento,790.0,Efectivo,EMP-07,,1
DD-000083,2023-01-13,C-043,Luna,Guardería,200.0,Transferencia,EMP-04,,1
DD-000570,2023-01-13,C-304,Buddy,Guardería,200.0,Tarjeta,EMP-04,pago pendiente,0
DD-000113,2023-01-14,C-064,Bella,Guardería,150.0,Efectivo,EMP-04,propina incluida,1
DD-000351,2023-01-14,C-187,Simba,Corte,450.0,Efectivo,EMP-08,,0
DD-000588,2023-01-14,C-316,Nina,Guardería,200.0,Transferencia,EMP-04,alérgico a champú,0
DD-000359,2023-01-14,C-190,Beto,Guardería,150.0,Efectivo,EMP-07,alérgico a champú,0
DD-000290,2023-01-14,C-158,Negro,Guardería,160.0,Efectivo,EMP-03,,0
DD-000098,2023-01-14,C-054,Mia,Guardería,160.0,Tarjeta,EMP-07,pago pendiente,1
DD-000323,2023-01-14,C-175,Panda,Guardería,220.0,Efectivo,EMP-08,propina incluida,0
DD-000424,2023-01-14,C-226,Chispa,Guardería,160.0,Efectivo,EMP-05,cliente frecuente,0
DD-000595,2023-01-14,C-319,Princesa,Hotel,500.0,Tarjeta,EMP-01,traer vacunas,0
DD-000405,2023-01-14,C-214,Gordo,Adiestramiento,470.0,Efectivo,EMP-06,,0
DD-000179,2023-01-14,C-101,Fifi,Guardería,250.0,Tarjeta,EMP-02,alérgico a champú,0
DD-000157,2023-01-14,C-089,Panda,Guardería,230.0,Efectivo,EMP-02,perro agresivo,0
DD-000286,2023-01-14,C-157,Thor,Hotel,590.0,Tarjeta,EMP-01,,0
DD-000271,2023-01-14,C-150,Duke,Guardería,210.0,Tarjeta,EMP-01,,0
DD-000156,2023-01-14,C-089,Panda,Corte,370.0,Tarjeta,EMP-01,traer vacunas,0
DD-000245,2023-01-14,C-135,Bella,Guardería,180.0,Tarjeta,EMP-05,perro agresivo,0
DD-000479,2023-01-14,C-253,Luna,Baño,350.0,Tarjeta,EMP-04,cliente VIP,0
DD-000231,2023-01-14,C-126,Manchas,Hotel,520.0,Efectivo,EMP-04,perro agresivo,0
DD-000372,2023-01-14,C-197,Mia,Guardería,240.0,Transferencia,EMP-04,,0
DD-000319,2023-01-15,C-173,Charlie,Guardería,150.0,Tarjeta,EMP-01,propina incluida,0
DD-000186,2023-01-15,C-103,Panda,Hotel,440.0,Efectivo,EMP-07,,0
DD-000074,2023-01-15,C-040,Manchas,Adiestramiento,610.0,Efectivo,EMP-03,,1
DD-000451,2023-01-15,C-239,Pancho,Guardería,220.0,Tarjeta,EMP-04,,0
DD-000182,2023-01-15,C-101,Fifi,Hotel,590.0,Transferencia,EMP-02,propina incluida,0
DD-000544,2023-01-15,C-293,Blanca,Guardería,150.0,Efectivo,EMP-02,traer vacunas,0
DD-000545,2023-01-15,C-293,Blanca,Guardería,160.0,Tarjeta,EMP-02,propina incluida,0
DD-000565,2023-01-15,C-303,Toby,Baño,400.0,Tarjeta,EMP-04,,0
DD-000239,2023-01-15,C-132,Blanca,Guardería,220.0,Efectivo,EMP-08,cliente frecuente,0
DD-000569,2023-01-15,C-303,Toby,Guardería,160.0,Tarjeta,EMP-01,cliente frecuente,0
DD-000138,2023-01-15,C-078,Kira,Baño,310.0,Efectivo,EMP-02,primera visita,1
DD-000173,2023-01-15,C-098,Ringo,Guardería,170.0,Tarjeta,EMP-02,perro agresivo,0
DD-000585,2023-01-15,C-315,Zeus,Hotel,480.0,Efectivo,EMP-07,cliente frecuente,0
DD-000091,2023-01-15,C-050,Max,Corte,280.0,Efectivo,EMP-02,pago pendiente,1
DD-000087,2023-01-15,C-045,Thor,Guardería,180.0,Tarjeta,EMP-03,descuento aplicado,1
DD-000583,2023-01-15,C-315,Zeus,Corte,380.0,Efectivo,EMP-04,traer vacunas,0
DD-000508,2023-01-15,C-269,Maya,Guardería,180.0,Transferencia,EMP-02,,0
DD-000478,2023-01-15,C-253,Luna,Guardería,170.0,Efectivo,EMP-07,traer vacunas,0
DD-000582,2023-01-15,C-314,Blanca,Hotel,530.0,Efectivo,EMP-05,perro agresivo,0
DD-000355,2023-01-15,C-188,Chico,Hotel,450.0,Efectivo,EMP-04,,0
DD-000149,2023-01-15,C-084,Pancho,Guardería,220.0,Tarjeta,EMP-01,,0
DD-000453,2023-01-16,C-240,Mia,Guardería,200.0,Efectivo,EMP-03,,0
DD-000531,2023-01-16,C-282,Rosa,Hotel,520.0,Transferencia,EMP-05,,0
DD-000564,2023-01-16,C-302,Fifi,Guardería,240.0,Transferencia,EMP-05,alérgico a champú,0
DD-000390,2023-01-16,C-205,Pepa,Corte,440.0,Efectivo,EMP-08,,0
DD-000033,2023-01-16,C-014,Nena,Corte,370.0,Efectivo,EMP-07,alérgico a champú,1
DD-000469,2023-01-16,C-247,Rosa,Adiestramiento,500.0,Transferencia,EMP-08,,0
DD-000492,2023-01-16,C-260,Bonita,Baño,240.0,Transferencia,EMP-05,cliente frecuente,0
DD-000272,2023-01-16,C-150,Duke,Hotel,500.0,Tarjeta,EMP-06,,0
DD-000211,2023-01-16,C-116,Bonita,Corte,350.0,Tarjeta,EMP-04,pago pendiente,0
DD-000576,2023-01-16,C-310,Paloma,Guardería,240.0,Transferencia,EMP-01,traer vacunas,0
DD-000587,2023-01-16,C-315,Zeus,Corte,460.0,Tarjeta,EMP-03,,0
DD-000295,2023-01-16,C-160,Boby,Guardería,190.0,Tarjeta,EMP-02,traer vacunas,0
DD-000160,2023-01-16,C-092,Rocky,Guardería,220.0,Tarjeta,EMP-01,pago pendiente,0
DD-000261,2023-01-16,C-144,Rex,Guardería,200.0,Tarjeta,EMP-04,,0
DD-000147,2023-01-16,C-084,Pancho,Guardería,200.0,Efectivo,EMP-06,alérgico a champú,0
DD-000586,2023-01-16,C-315,Zeus,Guardería,250.0,Transferencia,EMP-06,traer vacunas,0
DD-000152,2023-01-17,C-085,Beto,Corte,300.0,Efectivo,EMP-04,,0
DD-000560,2023-01-17,C-301,Gus,Hotel,490.0,Efectivo,EMP-07,descuento aplicado,0
DD-000189,2023-01-17,C-104,Rosa,Guardería,180.0,Tarjeta,EMP-08,,0
DD-000452,2023-01-17,C-240,Mia,Baño,380.0,Tarjeta,EMP-01,alérgico a champú,0
DD-000170,2023-01-17,C-097,Bella,Guardería,180.0,Efectivo,EMP-06,perro agresivo,0
DD-000548,2023-01-17,C-296,Duke,Guardería,180.0,Efectivo,EMP-06,pago pendiente,0
DD-000592,2023-01-17,C-316,Nina,Baño,400.0,Efectivo,EMP-02,alérgico a champú,0
DD-000532,2023-01-17,C-282,Rosa,Baño,210.0,Transferencia,EMP-04,alérgico a champú,0
DD-000321,2023-01-17,C-174,Chispa,Hotel,440.0,Tarjeta,EMP-01,cliente VIP,0
DD-000344,2023-01-18,C-183,Sammy,Guardería,190.0,Tarjeta,EMP-02,,0
DD-000463,2023-01-18,C-244,Coco,Baño,290.0,Efectivo,EMP-05,,0
DD-000077,2023-01-18,C-041,Tigrillo,Baño,350.0,Transferencia,EMP-05,perro agresivo,1
DD-000224,2023-01-18,C-122,Pepa,Guardería,220.0,Efectivo,EMP-06,,0
DD-000336,2023-01-18,C-178,Coco,Guardería,200.0,Tarjeta,EMP-03,alérgico a champú,0
DD-000130,2023-01-18,C-074,Fifi,Baño,250.0,Efectivo,EMP-05,propina incluida,1
DD-000387,2023-01-18,C-203,Princesa,Guardería,160.0,Tarjeta,EMP-04,traer vacunas,0
DD-000064,2023-01-18,C-034,Gus,Baño,420.0,Tarjeta,EMP-06,descuento aplicado,1
DD-000116,2023-01-18,C-066,Rocky,Guardería,190.0,Efectivo,EMP-07,,1
DD-000107,2023-01-18,C-061,Toby,Guardería,230.0,Tarjeta,EMP-08,traer vacunas,1
DD-000019,2023-01-19,C-009,Rosa,Adiestramiento,750.0,Efectivo,EMP-02,pago pendiente,1
DD-000596,2023-01-19,C-319,Princesa,Guardería,230.0,Tarjeta,EMP-06,cliente frecuente,0
DD-000180,2023-01-19,C-101,Fifi,Baño,410.0,Transferencia,EMP-07,cliente VIP,0
DD-000183,2023-01-19,C-102,Chispa,Hotel,450.0,Efectivo,EMP-05,cliente VIP,0
DD-000536,2023-01-19,C-284,Duke,Guardería,200.0,Efectivo,EMP-03,requiere cita previa,0
DD-000202,2023-01-19,C-111,Thor,Baño,230.0,Tarjeta,EMP-01,alérgico a champú,0
DD-000276,2023-01-19,C-152,Rex,Guardería,180.0,Tarjeta,EMP-05,cliente frecuente,0
DD-000046,2023-01-19,C-024,Sultan,Corte,440.0,Tarjeta,EMP-05,,1
DD-000384,2023-01-19,C-203,Princesa,Baño,420.0,Efectivo,EMP-06,,0
DD-000273,2023-01-19,C-150,Duke,Hotel,560.0,Efectivo,EMP-01,alérgico a champú,0
DD-000236,2023-01-19,C-130,Gordo,Corte,480.0,Tarjeta,EMP-03,,0
DD-000054,2023-01-19,C-028,Princesa,Guardería,160.0,Efectivo,EMP-02,cliente VIP,1
DD-000184,2023-01-19,C-102,Chispa,Hotel,600.0,Efectivo,EMP-02,cliente VIP,0
DD-000468,2023-01-19,C-246,Luna,Baño,360.0,Tarjeta,EMP-06,,0
DD-000216,2023-01-19,C-119,Canela,Baño,430.0,Efectivo,EMP-08,,0
DD-000471,2023-01-19,C-247,Rosa,Guardería,240.0,Efectivo,EMP-07,alérgico a champú,0
DD-000364,2023-01-19,C-193,Zeus,Corte,270.0,Efectivo,EMP-05,primera visita,0
DD-000310,2023-01-19,C-165,Frida,Adiestramiento,780.0,Tarjeta,EMP-07,requiere cita previa,0
DD-000346,2023-01-19,C-184,Mia,Guardería,200.0,Tarjeta,EMP-03,cliente VIP,0
DD-000151,2023-01-19,C-085,Beto,Corte,360.0,Tarjeta,EMP-01,cliente VIP,0
DD-000350,2023-01-19,C-187,Simba,Guardería,180.0,Transferencia,EMP-05,,0
DD-000131,2023-01-19,C-075,Chato,Hotel,510.0,Tarjeta,EMP-03,pago pendiente,1
DD-000117,2023-01-20,C-067,Bonita,Baño,440.0,Tarjeta,EMP-05,,1
DD-000513,2023-01-20,C-271,Pancho,Guardería,220.0,Efectivo,EMP-01,cliente frecuente,0
DD-000121,2023-01-20,C-070,Buddy,Corte,260.0,Tarjeta,EMP-01,,1
DD-000433,2023-01-20,C-229,Bella,Guardería,150.0,Efectivo,EMP-01,requiere cita previa,0
DD-000541,2023-01-20,C-290,Lola,Guardería,250.0,Tarjeta,EMP-06,perro agresivo,0
DD-000566,2023-01-20,C-303,Toby,Corte,430.0,Efectivo,EMP-02,alérgico a champú,0
DD-000302,2023-01-20,C-162,Kira,Guardería,240.0,Transferencia,EMP-05,,0
DD-000520,2023-01-20,C-274,Nena,Baño,340.0,Efectivo,EMP-04,cliente VIP,0
DD-000176,2023-01-20,C-099,Gordo,Hotel,390.0,Transferencia,EMP-02,,0
DD-000313,2023-01-20,C-168,Charlie,Hotel,360.0,Tarjeta,EMP-08,,0
DD-000572,2023-01-20,C-307,Daisy,Guardería,190.0,Tarjeta,EMP-05,,0
DD-000137,2023-01-20,C-077,Kira,Adiestramiento,740.0,Efectivo,EMP-08,cliente VIP,1
DD-000342,2023-01-20,C-182,Negro,Adiestramiento,430.0,Efectivo,EMP-02,cliente frecuente,0
DD-000502,2023-01-21,C-266,Rex,Baño,410.0,Tarjeta,EMP-07,,0
DD-000447,2023-01-21,C-238,Max,Guardería,240.0,Transferencia,EMP-01,,0
DD-000326,2023-01-21,C-175,Panda,Guardería,180.0,Tarjeta,EMP-08,primera visita,0
DD-000490,2023-01-21,C-259,Paloma,Guardería,170.0,Tarjeta,EMP-03,primera visita,0
DD-000488,2023-01-21,C-258,Lola,Adiestramiento,610.0,Efectivo,EMP-05,primera visita,0
DD-000078,2023-01-21,C-041,Tigrillo,Guardería,220.0,Efectivo,EMP-04,traer vacunas,1
DD-000115,2023-01-21,C-066,Rocky,Guardería,180.0,Efectivo,EMP-07,traer vacunas,1
DD-000485,2023-01-21,C-257,Canela,Baño,310.0,Efectivo,EMP-03,descuento aplicado,0
DD-000254,2023-01-21,C-142,Estrella,Guardería,250.0,Efectivo,EMP-04,pago pendiente,0
DD-000407,2023-01-21,C-215,Daisy,Guardería,240.0,Efectivo,EMP-03,cliente frecuente,0
DD-000320,2023-01-21,C-173,Charlie,Corte,390.0,Tarjeta,EMP-03,,0
DD-000367,2023-01-21,C-194,Nina,Adiestramiento,620.0,Efectivo,EMP-07,requiere cita previa,0
DD-000542,2023-01-21,C-291,Blanca,Guardería,160.0,Tarjeta,EMP-03,cliente frecuente,0
DD-000339,2023-01-21,C-180,Buddy,Adiestramiento,560.0,Transferencia,EMP-04,,0
DD-000299,2023-01-21,C-161,Chispa,Adiestramiento,700.0,Efectivo,EMP-01,descuento aplicado,0
DD-000382,2023-01-21,C-201,Rosa,Guardería,250.0,Tarjeta,EMP-01,descuento aplicado,0
DD-000562,2023-01-21,C-302,Fifi,Corte,270.0,Tarjeta,EMP-05,propina incluida,0
DD-000376,2023-01-21,C-198,Chato,Guardería,170.0,Tarjeta,EMP-05,pago pendiente,0
DD-000574,2023-01-21,C-308,Nina,Corte,440.0,Tarjeta,EMP-02,pago pendiente,0
DD-000379,2023-01-21,C-200,Paloma,Baño,270.0,Efectivo,EMP-05,,0
DD-000275,2023-01-22,C-151,Rocky,Adiestramiento,440.0,Tarjeta,EMP-01,perro agresivo,0
DD-000374,2023-01-22,C-197,Mia,Guardería,200.0,Tarjeta,EMP-05,primera visita,0
DD-000283,2023-01-22,C-155,Nala,Baño,340.0,Efectivo,EMP-05,requiere cita previa,0
DD-000552,2023-01-22,C-297,Sasha,Hotel,380.0,Tarjeta,EMP-05,descuento aplicado,0
DD-000391,2023-01-22,C-207,Ringo,Baño,290.0,Tarjeta,EMP-06,perro agresivo,0
DD-000473,2023-01-22,C-250,Pepa,Guardería,220.0,Efectivo,EMP-05,primera visita,0
DD-000168,2023-01-22,C-095,Nala,Hotel,410.0,Tarjeta,EMP-05,,0
DD-000196,2023-01-22,C-108,Sasha,Corte,330.0,Transferencia,EMP-08,,0
DD-000446,2023-01-22,C-236,Frida,Guardería,150.0,Efectivo,EMP-08,,0
DD-000232,2023-01-22,C-128,Chico,Baño,370.0,Tarjeta,EMP-04,pago pendiente,0
DD-000445,2023-01-22,C-235,Blanca,Baño,420.0,Efectivo,EMP-05,alérgico a champú,0
DD-000070,2023-01-22,C-038,Buddy,Guardería,180.0,Efectivo,EMP-01,,1
DD-000568,2023-01-22,C-303,Toby,Baño,200.0,Efectivo,EMP-05,alérgico a champú,0
DD-000042,2023-01-22,C-021,Rocky,Guardería,230.0,Transferencia,EMP-05,propina incluida,1
DD-000109,2023-01-22,C-062,Zeus,Guardería,160.0,Efectivo,EMP-04,requiere cita previa,1
DD-000242,2023-01-22,C-134,Luna,Guardería,180.0,Efectivo,EMP-05,,0
DD-000395,2023-01-22,C-210,Max,Guardería,240.0,Transferencia,EMP-04,,0
DD-000521,2023-01-22,C-276,Charlie,Corte,380.0,Tarjeta,EMP-06,,0
DD-000311,2023-01-22,C-165,Frida,Guardería,190.0,Efectivo,EMP-06,,0
DD-000418,2023-01-22,C-225,Simba,Baño,390.0,Tarjeta,EMP-04,alérgico a champú,0
DD-000589,2023-01-22,C-316,Nina,Guardería,250.0,Tarjeta,EMP-03,cliente frecuente,0
DD-000331,2023-01-23,C-177,Princesa,Corte,430.0,Tarjeta,EMP-03,traer vacunas,0
DD-000181,2023-01-23,C-101,Fifi,Corte,310.0,Efectivo,EMP-05,,0
DD-000528,2023-01-23,C-280,Nena,Adiestramiento,430.0,Transferencia,EMP-07,alérgico a champú,0
DD-000021,2023-01-23,C-010,Maya,Baño,350.0,Transferencia,EMP-02,pago pendiente,1
DD-000050,2023-01-23,C-027,Zeus,Corte,380.0,Tarjeta,EMP-07,cliente VIP,1
DD-000012,2023-01-23,C-005,Canela,Guardería,150.0,Efectivo,EMP-01,,1
DD-000126,2023-01-23,C-072,Chico,Baño,350.0,Efectivo,EMP-02,pago pendiente,1
DD-000304,2023-01-23,C-162,Kira,Baño,440.0,Efectivo,EMP-05,traer vacunas,0
DD-000148,2023-01-23,C-084,Pancho,Guardería,210.0,Transferencia,EMP-01,,0
DD-000139,2023-01-23,C-078,Kira,Corte,270.0,Efectivo,EMP-02,,1
DD-000146,2023-01-23,C-083,Duke,Guardería,240.0,Efectivo,EMP-05,pago pendiente,0
DD-000356,2023-01-23,C-189,Zeus,Baño,390.0,Transferencia,EMP-07,requiere cita previa,0
DD-000358,2023-01-23,C-189,Zeus,Guardería,240.0,Efectivo,EMP-02,,0
DD-000016,2023-01-23,C-006,Thor,Corte,440.0,Efectivo,EMP-08,,1
DD-000020,2023-01-23,C-010,Maya,Guardería,160.0,Transferencia,EMP-05,,1
DD-000555,2023-01-23,C-298,Ringo,Guardería,220.0,Tarjeta,EMP-02,,0
DD-000400,2023-01-23,C-212,Negro,Guardería,170.0,Efectivo,EMP-02,,0
DD-000241,2023-01-23,C-133,Gus,Baño,420.0,Efectivo,EMP-04,traer vacunas,0
DD-000035,2023-01-23,C-015,Panda,Guardería,210.0,Efectivo,EMP-01,,1
DD-000270,2023-01-23,C-150,Duke,Baño,310.0,Transferencia,EMP-07,pago pendiente,0
DD-000434,2023-01-23,C-229,Bella,Baño,340.0,Tarjeta,EMP-04,,0
DD-000247,2023-01-23,C-137,Sasha,Guardería,230.0,Efectivo,EMP-05,,0
DD-000111,2023-01-24,C-064,Bella,Guardería,160.0,Tarjeta,EMP-04,,1
DD-000480,2023-01-24,C-255,Frida,Corte,500.0,Tarjeta,EMP-04,,0
DD-000325,2023-01-24,C-175,Panda,Guardería,160.0,Tarjeta,EMP-02,cliente VIP,0
DD-000421,2023-01-24,C-226,Chispa,Guardería,210.0,Efectivo,EMP-01,traer vacunas,0
DD-000100,2023-01-24,C-055,Bear,Guardería,210.0,Tarjeta,EMP-02,cliente VIP,1
DD-000144,2023-01-24,C-083,Duke,Guardería,190.0,Efectivo,EMP-02,,0
DD-000301,2023-01-24,C-161,Chispa,Corte,400.0,Tarjeta,EMP-02,,0
DD-000402,2023-01-24,C-212,Negro,Hotel,490.0,Transferencia,EMP-02,,0
DD-000052,2023-01-24,C-027,Zeus,Guardería,170.0,Efectivo,EMP-08,,1
DD-000106,2023-01-24,C-058,Gordo,Guardería,180.0,Efectivo,EMP-04,,1
DD-000223,2023-01-24,C-122,Pepa,Corte,260.0,Tarjeta,EMP-05,requiere cita previa,0
DD-000038,2023-01-24,C-019,Canela,Baño,430.0,Efectivo,EMP-08,,1
DD-000518,2023-01-24,C-274,Nena,Baño,340.0,Tarjeta,EMP-01,descuento aplicado,0
DD-000251,2023-01-24,C-140,Chispa,Corte,270.0,Tarjeta,EMP-07,,0
DD-000005,2023-01-24,C-004,Paloma,Guardería,240.0,Efectivo,EMP-05,propina incluida,1
DD-000499,2023-01-24,C-263,Nena,Guardería,240.0,Tarjeta,EMP-08,requiere cita previa,0
DD-000292,2023-01-24,C-159,Sultan,Baño,250.0,Efectivo,EMP-08,alérgico a champú,0
DD-000327,2023-01-24,C-176,Estrella,Guardería,190.0,Tarjeta,EMP-07,,0
DD-000048,2023-01-24,C-025,Lola,Baño,420.0,Tarjeta,EMP-04,,1
DD-000465,2023-01-24,C-245,Frida,Corte,450.0,Tarjeta,EMP-02,propina incluida,0
DD-000389,2023-01-24,C-205,Pepa,Guardería,230.0,Efectivo,EMP-07,,0
DD-000080,2023-01-24,C-042,Nena,Baño,260.0,Efectivo,EMP-07,descuento aplicado,1
DD-000291,2023-01-24,C-158,Negro,Guardería,180.0,Efectivo,EMP-06,primera visita,0
DD-000025,2023-01-24,C-012,Chispa,Guardería,180.0,Efectivo,EMP-03,,1
DD-000340,2023-01-25,C-181,Nala,Guardería,230.0,Efectivo,EMP-08,,0
DD-000114,2023-01-25,C-065,Buddy,Baño,440.0,Tarjeta,EMP-03,propina incluida,1
DD-000009,2023-01-25,C-004,Paloma,Guardería,210.0,Tarjeta,EMP-06,,1
DD-000335,2023-01-25,C-178,Coco,Guardería,220.0,Tarjeta,EMP-05,,0
DD-000348,2023-01-25,C-185,Toby,Baño,250.0,Efectivo,EMP-08,,0
DD-000123,2023-01-25,C-070,Buddy,Guardería,240.0,Efectivo,EMP-08,cliente frecuente,1
DD-000503,2023-01-25,C-266,Rex,Guardería,210.0,Tarjeta,EMP-06,,0
DD-000014,2023-01-25,C-006,Thor,Corte,310.0,Efectivo,EMP-01,primera visita,1
DD-000071,2023-01-25,C-039,Tigrillo,Adiestramiento,610.0,Tarjeta,EMP-04,alérgico a champú,1
DD-000380,2023-01-25,C-200,Paloma,Hotel,580.0,Tarjeta,EMP-02,pago pendiente,0
DD-000119,2023-01-25,C-069,Paloma,Hotel,490.0,Efectivo,EMP-05,,1
DD-000506,2023-01-25,C-267,Daisy,Guardería,200.0,Tarjeta,EMP-02,,0
DD-000155,2023-01-25,C-088,Simba,Guardería,200.0,Efectivo,EMP-02,primera visita,0
DD-000426,2023-01-25,C-227,Maya,Guardería,180.0,Tarjeta,EMP-03,,0
DD-000174,2023-01-25,C-099,Gordo,Guardería,180.0,Transferencia,EMP-02,propina incluida,0
DD-000249,2023-01-26,C-138,Bear,Guardería,150.0,Efectivo,EMP-08,primera visita,0
DD-000066,2023-01-26,C-035,Pancho,Guardería,190.0,Efectivo,EMP-02,propina incluida,1
DD-000067,2023-01-26,C-035,Pancho,Guardería,250.0,Tarjeta,EMP-08,descuento aplicado,1
DD-000309,2023-01-26,C-164,Gus,Baño,250.0,Tarjeta,EMP-01,,0
DD-000459,2023-01-26,C-243,Maya,Guardería,210.0,Efectivo,EMP-02,,0
DD-000423,2023-01-26,C-226,Chispa,Corte,370.0,Tarjeta,EMP-02,perro agresivo,0
DD-000361,2023-01-26,C-191,Sammy,Baño,400.0,Efectivo,EMP-07,pago pendiente,0
DD-000085,2023-01-26,C-044,Tigrillo,Hotel,410.0,Transferencia,EMP-03,,1
DD-000166,2023-01-26,C-093,Thor,Guardería,170.0,Efectivo,EMP-07,,0
DD-000141,2023-01-26,C-078,Kira,Baño,250.0,Transferencia,EMP-07,propina incluida,1
DD-000099,2023-01-26,C-054,Mia,Guardería,190.0,Tarjeta,EMP-04,primera visita,1
DD-000268,2023-01-26,C-148,Lola,Guardería,160.0,Efectivo,EMP-06,primera visita,0
DD-000315,2023-01-26,C-169,Gordo,Guardería,200.0,Efectivo,EMP-05,primera visita,0
DD-000307,2023-01-26,C-164,Gus,Corte,480.0,Efectivo,EMP-08,propina incluida,0
DD-000120,2023-01-26,C-069,Paloma,Corte,280.0,Efectivo,EMP-06,,1
DD-000341,2023-01-27,C-182,Negro,Baño,330.0,Efectivo,EMP-08,alérgico a champú,0
DD-000040,2023-01-27,C-020,Fifi,Guardería,150.0,Efectivo,EMP-06,,1
DD-000110,2023-01-27,C-063,Estrella,Guardería,200.0,Efectivo,EMP-03,,1
DD-000343,2023-01-27,C-182,Negro,Guardería,180.0,Transferencia,EMP-05,pago pendiente,0
DD-000534,2023-01-27,C-283,Princesa,Baño,420.0,Transferencia,EMP-01,descuento aplicado,0
DD-000305,2023-01-27,C-163,Rocky,Guardería,230.0,Efectivo,EMP-02,propina incluida,0
DD-000265,2023-01-27,C-147,Rex,Baño,260.0,Efectivo,EMP-05,,0
DD-000220,2023-01-27,C-120,Duke,Corte,370.0,Efectivo,EMP-02,cliente frecuente,0
DD-000177,2023-01-27,C-100,Rosa,Guardería,240.0,Tarjeta,EMP-05,cliente VIP,0
DD-000086,2023-01-27,C-044,Tigrillo,Baño,450.0,Tarjeta,EMP-07,requiere cita previa,1
DD-000289,2023-01-27,C-157,Thor,Guardería,190.0,Transferencia,EMP-02,requiere cita previa,0
DD-000546,2023-01-27,C-293,Blanca,Guardería,180.0,Efectivo,EMP-05,cliente VIP,0
DD-000278,2023-01-28,C-152,Rex,Baño,310.0,Tarjeta,EMP-05,pago pendiente,0
DD-000256,2023-01-28,C-142,Estrella,Baño,390.0,Tarjeta,EMP-03,pago pendiente,0
DD-000103,2023-01-28,C-056,Bonita,Guardería,200.0,Efectivo,EMP-06,,1
DD-000449,2023-01-28,C-239,Pancho,Baño,230.0,Transferencia,EMP-06,,0
DD-000192,2023-01-28,C-105,Tito,Guardería,230.0,Efectivo,EMP-02,perro agresivo,0
DD-000076,2023-01-28,C-041,Tigrillo,Adiestramiento,690.0,Tarjeta,EMP-03,traer vacunas,1
DD-000267,2023-01-28,C-147,Rex,Hotel,540.0,Efectivo,EMP-07,primera visita,0
DD-000590,2023-01-28,C-316,Nina,Guardería,240.0,Efectivo,EMP-08,,0
DD-000522,2023-01-28,C-276,Charlie,Hotel,480.0,Tarjeta,EMP-05,descuento aplicado,0
DD-000591,2023-01-28,C-316,Nina,Guardería,210.0,Efectivo,EMP-02,cliente frecuente,0
DD-000360,2023-01-28,C-191,Sammy,Adiestramiento,780.0,Tarjeta,EMP-01,pago pendiente,0
DD-000483,2023-01-28,C-255,Frida,Baño,370.0,Efectivo,EMP-03,propina incluida,0
DD-000494,2023-01-28,C-261,Sultan,Baño,290.0,Efectivo,EMP-01,,0
DD-000500,2023-01-28,C-265,Duke,Hotel,530.0,Tarjeta,EMP-08,,0
DD-000127,2023-01-28,C-072,Chico,Hotel,550.0,Efectivo,EMP-06,,1
DD-000409,2023-01-28,C-219,Nina,Corte,260.0,Efectivo,EMP-04,pago pendiente,0
DD-000581,2023-01-28,C-314,Blanca,Baño,240.0,Efectivo,EMP-06,propina incluida,0
DD-000018,2023-01-28,C-008,Boby,Hotel,480.0,Transferencia,EMP-03,cliente VIP,1
DD-000159,2023-01-28,C-091,Kira,Corte,310.0,Transferencia,EMP-03,,0
DD-000516,2023-01-28,C-274,Nena,Guardería,210.0,Efectivo,EMP-03,primera visita,0
DD-000297,2023-01-28,C-160,Boby,Corte,280.0,Tarjeta,EMP-01,,0
DD-000474,2023-01-28,C-251,Blanca,Baño,360.0,Tarjeta,EMP-04,,0
DD-000023,2023-01-28,C-011,Daisy,Corte,490.0,Tarjeta,EMP-08,,1
DD-000443,2023-01-28,C-233,Manchas,Baño,390.0,Efectivo,EMP-05,perro agresivo,0
DD-000571,2023-01-29,C-306,Pepa,Baño,360.0,Transferencia,EMP-03,perro agresivo,0
DD-000575,2023-01-29,C-308,Nina,Corte,410.0,Efectivo,EMP-01,propina incluida,0
DD-000001,2023-01-29,C-002,Mia,Guardería,180.0,Transferencia,EMP-02,requiere cita previa,1
DD-000203,2023-01-29,C-111,Thor,Guardería,210.0,Transferencia,EMP-04,alérgico a champú,0
DD-000334,2023-01-29,C-178,Coco,Guardería,190.0,Tarjeta,EMP-05,,0
DD-000298,2023-01-29,C-161,Chispa,Adiestramiento,680.0,Tarjeta,EMP-02,requiere cita previa,0
DD-000296,2023-01-29,C-160,Boby,Guardería,160.0,Tarjeta,EMP-02,perro agresivo,0
DD-000381,2023-01-29,C-201,Rosa,Guardería,180.0,Transferencia,EMP-02,,0
DD-000294,2023-01-29,C-160,Boby,Corte,480.0,Efectivo,EMP-08,propina incluida,0
DD-000403,2023-01-29,C-213,Pancho,Guardería,180.0,Efectivo,EMP-04,propina incluida,0
DD-000210,2023-01-29,C-116,Bonita,Guardería,150.0,Tarjeta,EMP-03,perro agresivo,0
DD-000172,2023-01-29,C-098,Ringo,Guardería,250.0,Tarjeta,EMP-06,pago pendiente,0
DD-000456,2023-01-29,C-241,Canela,Baño,240.0,Transferencia,EMP-05,cliente VIP,0
DD-000470,2023-01-29,C-247,Rosa,Guardería,210.0,Tarjeta,EMP-07,cliente VIP,0
DD-000140,2023-01-29,C-078,Kira,Guardería,180.0,Efectivo,EMP-02,,1
DD-000051,2023-01-29,C-027,Zeus,Hotel,570.0,Efectivo,EMP-07,pago pendiente,1
DD-000028,2023-01-29,C-013,Coco,Guardería,190.0,Transferencia,EMP-06,perro agresivo,1
DD-000010,2023-01-29,C-005,Canela,Baño,400.0,Tarjeta,EMP-04,,1
DD-000006,2023-01-29,C-004,Paloma,Baño,300.0,Efectivo,EMP-02,descuento aplicado,1
DD-000158,2023-01-29,C-090,Coco,Guardería,220.0,Efectivo,EMP-03,perro agresivo,0
DD-000308,2023-01-29,C-164,Gus,Hotel,510.0,Tarjeta,EMP-05,cliente VIP,0
DD-000167,2023-01-30,C-095,Nala,Adiestramiento,510.0,Efectivo,EMP-01,pago pendiente,0
DD-000306,2023-01-30,C-163,Rocky,Guardería,250.0,Efectivo,EMP-02,cliente frecuente,0
DD-000209,2023-01-30,C-116,Bonita,Adiestramiento,580.0,Transferencia,EMP-08,,0
DD-000154,2023-01-30,C-087,Sasha,Guardería,170.0,Tarjeta,EMP-08,,0
DD-000260,2023-01-30,C-143,Rex,Guardería,160.0,Tarjeta,EMP-03,cliente frecuente,0
DD-000108,2023-01-30,C-061,Toby,Guardería,180.0,Tarjeta,EMP-02,primera visita,1
DD-000277,2023-01-30,C-152,Rex,Adiestramiento,690.0,Tarjeta,EMP-02,pago pendiente,0
DD-000486,2023-01-30,C-257,Canela,Baño,260.0,Tarjeta,EMP-03,,0
DD-000525,2023-01-30,C-278,Estrella,Baño,270.0,Efectivo,EMP-05,,0
DD-000523,2023-01-30,C-277,Panda,Baño,290.0,Tarjeta,EMP-03,,0
DD-000491,2023-01-30,C-260,Bonita,Guardería,170.0,Efectivo,EMP-07,primera visita,0
DD-000324,2023-01-30,C-175,Panda,Adiestramiento,570.0,Tarjeta,EMP-04,cliente VIP,0
DD-000554,2023-01-30,C-298,Ringo,Adiestramiento,450.0,Tarjeta,EMP-04,,0
DD-000530,2023-01-30,C-280,Nena,Guardería,210.0,Efectivo,EMP-07,perro agresivo,0
DD-000365,2023-01-30,C-194,Nina,Hotel,460.0,Tarjeta,EMP-08,pago pendiente,0
DD-000404,2023-01-30,C-213,Pancho,Guardería,160.0,Tarjeta,EMP-08,,0
DD-000430,2023-01-31,C-228,Sasha,Adiestramiento,710.0,Efectivo,EMP-08,propina incluida,0
DD-000347,2023-01-31,C-184,Mia,Hotel,370.0,Efectivo,EMP-02,cliente VIP,0
DD-000501,2023-01-31,C-265,Duke,Hotel,580.0,Tarjeta,EMP-07,,0
DD-000498,2023-01-31,C-263,Nena,Guardería,190.0,Efectivo,EMP-04,cliente frecuente,0
DD-000068,2023-01-31,C-038,Buddy,Guardería,190.0,Efectivo,EMP-07,,1
DD-000069,2023-01-31,C-038,Buddy,Baño,290.0,Efectivo,EMP-04,,1
DD-000072,2023-01-31,C-039,Tigrillo,Guardería,240.0,Tarjeta,EMP-01,pago pendiente,1
DD-000410,2023-01-31,C-219,Nina,Guardería,180.0,Tarjeta,EMP-07,,0
DD-000093,2023-01-31,C-050,Max,Guardería,160.0,Tarjeta,EMP-01,,1
DD-000075,2023-01-31,C-040,Manchas,Guardería,240.0,Efectivo,EMP-03,,1
DD-000388,2023-01-31,C-203,Princesa,Guardería,210.0,Tarjeta,EMP-07,descuento aplicado,0
DD-000472,2023-01-31,C-250,Pepa,Guardería,150.0,Efectivo,EMP-06,,0
DD-000584,2023-01-31,C-315,Zeus,Hotel,400.0,Efectivo,EMP-03,perro agresivo,0
DD-000460,2023-01-31,C-243,Maya,Hotel,400.0,Efectivo,EMP-08,,0
DD-000436,2023-01-31,C-230,Chico,Guardería,240.0,Efectivo,EMP-01,primera visita,0
DD-000191,2023-01-31,C-105,Tito,Guardería,210.0,Transferencia,EMP-02,,0
DD-000200,2023-01-31,C-110,Pancho,Baño,260.0,Tarjeta,EMP-07,,0
DD-000102,2023-01-31,C-055,Bear,Guardería,250.0,Efectivo,EMP-06,perro agresivo,1
DD-000329,2023-01-31,C-177,Princesa,Baño,220.0,Transferencia,EMP-05,requiere cita previa,0
DD-000714,2023-02-01,C-100,Rosa,Guardería,230.0,Tarjeta,EMP-03,,0
DD-000943,2023-02-01,C-280,Nena,Adiestramiento,690.0,Efectivo,EMP-02,,0
DD-000776,2023-02-01,C-141,Maya,Baño,240.0,Tarjeta,EMP-02,alérgico a champú,0
DD-000931,2023-02-01,C-266,Rex,Guardería,190.0,Tarjeta,EMP-08,alérgico a champú,0
DD-000928,2023-02-01,C-264,Sultan,Guardería,160.0,Tarjeta,EMP-02,perro agresivo,0
DD-000924,2023-02-01,C-262,Charlie,Guardería,220.0,Transferencia,EMP-03,,0
DD-000616,2023-02-01,C-015,Panda,Guardería,220.0,Tarjeta,EMP-02,cliente VIP,1
DD-000878,2023-02-01,C-223,Sasha,Guardería,150.0,Tarjeta,EMP-05,requiere cita previa,0
DD-000870,2023-02-01,C-217,Sultan,Baño,210.0,Efectivo,EMP-01,,0
DD-000695,2023-02-01,C-076,Bear,Guardería,220.0,Tarjeta,EMP-07,cliente frecuente,1
DD-000839,2023-02-01,C-194,Nina,Baño,320.0,Tarjeta,EMP-02,,0
DD-000830,2023-02-01,C-185,Toby,Corte,500.0,Efectivo,EMP-06,,0
DD-000632,2023-02-01,C-028,Princesa,Baño,360.0,Efectivo,EMP-08,traer vacunas,1
DD-000786,2023-02-01,C-152,Rex,Adiestramiento,450.0,Tarjeta,EMP-02,,0
DD-000975,2023-02-01,C-305,Paloma,Hotel,530.0,Tarjeta,EMP-05,alérgico a champú,0
DD-000832,2023-02-01,C-188,Chico,Guardería,220.0,Efectivo,EMP-02,,0
DD-000999,2023-02-01,C-315,Zeus,Guardería,230.0,Tarjeta,EMP-07,,0
DD-000727,2023-02-01,C-107,Lobo,Baño,310.0,Tarjeta,EMP-08,,0
DD-000977,2023-02-02,C-306,Pepa,Corte,450.0,Efectivo,EMP-01,alérgico a champú,0
DD-000737,2023-02-02,C-113,Lola,Guardería,150.0,Tarjeta,EMP-07,,0
DD-000989,2023-02-02,C-312,Bella,Guardería,220.0,Tarjeta,EMP-05,,0
DD-000791,2023-02-02,C-154,Nena,Corte,390.0,Tarjeta,EMP-04,pago pendiente,0
DD-000630,2023-02-02,C-026,Mia,Guardería,220.0,Efectivo,EMP-08,,1
DD-000627,2023-02-02,C-024,Sultan,Baño,380.0,Efectivo,EMP-08,,1
DD-000923,2023-02-02,C-261,Sultan,Baño,370.0,Tarjeta,EMP-07,,0
DD-000806,2023-02-02,C-161,Chispa,Guardería,230.0,Tarjeta,EMP-01,cliente frecuente,0
DD-000752,2023-02-02,C-124,Manchas,Hotel,450.0,Tarjeta,EMP-07,,0
DD-000722,2023-02-02,C-103,Panda,Guardería,190.0,Tarjeta,EMP-03,cliente frecuente,0
DD-000853,2023-02-02,C-208,Coco,Hotel,380.0,Transferencia,EMP-07,cliente VIP,0
DD-000969,2023-02-02,C-302,Fifi,Corte,430.0,Tarjeta,EMP-07,cliente VIP,0
DD-000674,2023-02-02,C-059,Pepa,Corte,420.0,Efectivo,EMP-06,traer vacunas,1
DD-000720,2023-02-02,C-102,Chispa,Guardería,210.0,Transferencia,EMP-03,,0
DD-000781,2023-02-02,C-149,Toby,Guardería,200.0,Transferencia,EMP-06,,0
DD-000818,2023-02-03,C-174,Chispa,Hotel,540.0,Tarjeta,EMP-07,traer vacunas,0
DD-000887,2023-02-03,C-229,Bella,Guardería,230.0,Tarjeta,EMP-01,perro agresivo,0
DD-000894,2023-02-03,C-235,Blanca,Baño,400.0,Transferencia,EMP-05,primera visita,0
DD-000850,2023-02-03,C-206,Simba,Corte,280.0,Efectivo,EMP-05,cliente frecuente,0
DD-000613,2023-02-03,C-013,Coco,Baño,290.0,Tarjeta,EMP-07,traer vacunas,1
DD-000710,2023-02-03,C-097,Bella,Baño,290.0,Efectivo,EMP-04,alérgico a champú,0
DD-000748,2023-02-03,C-121,Duke,Guardería,200.0,Tarjeta,EMP-02,,0
DD-000598,2023-02-03,C-002,Mia,Guardería,250.0,Tarjeta,EMP-01,,1
DD-000641,2023-02-03,C-031,Ringo,Corte,430.0,Efectivo,EMP-04,alérgico a champú,1
DD-000981,2023-02-03,C-306,Pepa,Baño,280.0,Efectivo,EMP-03,alérgico a champú,0
DD-000766,2023-02-03,C-134,Luna,Corte,280.0,Tarjeta,EMP-01,,0
DD-000987,2023-02-03,C-311,Nala,Corte,370.0,Tarjeta,EMP-07,,0
DD-000629,2023-02-03,C-024,Sultan,Baño,300.0,Efectivo,EMP-07,propina incluida,1
DD-000973,2023-02-03,C-304,Buddy,Guardería,190.0,Tarjeta,EMP-02,perro agresivo,0
DD-000984,2023-02-03,C-309,Boby,Hotel,550.0,Transferencia,EMP-08,pago pendiente,0
DD-000687,2023-02-03,C-071,Daisy,Baño,300.0,Efectivo,EMP-06,,1
DD-000855,2023-02-04,C-208,Coco,Guardería,240.0,Transferencia,EMP-08,,0
DD-000854,2023-02-04,C-208,Coco,Hotel,400.0,Efectivo,EMP-02,descuento aplicado,0
DD-000963,2023-02-04,C-298,Ringo,Guardería,220.0,Efectivo,EMP-01,,0
DD-000840,2023-02-04,C-195,Rocky,Guardería,250.0,Efectivo,EMP-05,descuento aplicado,0
DD-000607,2023-02-04,C-006,Thor,Baño,390.0,Tarjeta,EMP-01,primera visita,1
DD-000868,2023-02-04,C-217,Sultan,Hotel,470.0,Efectivo,EMP-01,perro agresivo,0
DD-000678,2023-02-04,C-065,Buddy,Guardería,240.0,Tarjeta,EMP-07,requiere cita previa,1
DD-000820,2023-02-04,C-174,Chispa,Baño,360.0,Transferencia,EMP-05,,0
DD-000682,2023-02-04,C-068,Lola,Guardería,220.0,Transferencia,EMP-03,descuento aplicado,1
DD-000836,2023-02-04,C-193,Zeus,Guardería,210.0,Efectivo,EMP-06,propina incluida,0
DD-000835,2023-02-04,C-191,Sammy,Guardería,230.0,Efectivo,EMP-02,traer vacunas,0
DD-000974,2023-02-04,C-304,Buddy,Adiestramiento,550.0,Transferencia,EMP-06,pago pendiente,0
DD-000676,2023-02-04,C-063,Estrella,Guardería,220.0,Efectivo,EMP-07,,1
DD-000959,2023-02-04,C-295,Chico,Baño,210.0,Efectivo,EMP-04,perro agresivo,0
DD-000625,2023-02-04,C-021,Rocky,Baño,280.0,Tarjeta,EMP-07,traer vacunas,1
DD-000800,2023-02-04,C-159,Sultan,Guardería,250.0,Efectivo,EMP-06,,0
DD-000778,2023-02-04,C-145,Lola,Guardería,170.0,Tarjeta,EMP-04,traer vacunas,0
DD-000642,2023-02-04,C-032,Tito,Guardería,180.0,Transferencia,EMP-02,,1
DD-000647,2023-02-04,C-041,Tigrillo,Baño,230.0,Efectivo,EMP-03,,1
DD-000911,2023-02-04,C-245,Frida,Corte,360.0,Efectivo,EMP-07,alérgico a champú,0
DD-000949,2023-02-04,C-288,Boby,Adiestramiento,640.0,Tarjeta,EMP-03,pago pendiente,0
DD-000705,2023-02-04,C-088,Simba,Guardería,170.0,Efectivo,EMP-05,primera visita,0
DD-000796,2023-02-04,C-156,Beto,Corte,370.0,Tarjeta,EMP-01,perro agresivo,0
DD-000856,2023-02-05,C-208,Coco,Guardería,180.0,Efectivo,EMP-04,pago pendiente,0
DD-000891,2023-02-05,C-234,Toby,Guardería,230.0,Efectivo,EMP-07,pago pendiente,0
DD-000761,2023-02-05,C-130,Gordo,Guardería,170.0,Tarjeta,EMP-08,,0
DD-000971,2023-02-05,C-303,Toby,Baño,280.0,Tarjeta,EMP-06,cliente frecuente,0
DD-000756,2023-02-05,C-127,Beto,Guardería,220.0,Efectivo,EMP-06,,0
DD-000805,2023-02-05,C-161,Chispa,Hotel,380.0,Transferencia,EMP-05,,0
DD-000834,2023-02-05,C-189,Zeus,Adiestramiento,740.0,Tarjeta,EMP-05,,0
DD-000858,2023-02-05,C-211,Lobo,Corte,390.0,Efectivo,EMP-03,cliente frecuente,0
DD-000882,2023-02-05,C-225,Simba,Guardería,160.0,Efectivo,EMP-03,,0
DD-000694,2023-02-05,C-075,Chato,Guardería,180.0,Efectivo,EMP-01,alérgico a champú,1
DD-000728,2023-02-05,C-108,Sasha,Hotel,520.0,Transferencia,EMP-06,pago pendiente,0
DD-000681,2023-02-05,C-067,Bonita,Baño,390.0,Efectivo,EMP-05,,1
DD-000783,2023-02-05,C-149,Toby,Baño,270.0,Efectivo,EMP-08,primera visita,0
DD-000920,2023-02-05,C-259,Paloma,Baño,380.0,Efectivo,EMP-01,,0
DD-000757,2023-02-06,C-127,Beto,Baño,250.0,Tarjeta,EMP-08,perro agresivo,0
DD-000718,2023-02-06,C-101,Fifi,Adiestramiento,470.0,Efectivo,EMP-03,primera visita,0
DD-000798,2023-02-06,C-157,Thor,Hotel,380.0,Tarjeta,EMP-04,primera visita,0
DD-000758,2023-02-06,C-128,Chico,Baño,250.0,Transferencia,EMP-02,alérgico a champú,0
DD-000698,2023-02-06,C-081,Luna,Baño,280.0,Efectivo,EMP-02,propina incluida,0
DD-000790,2023-02-06,C-153,Chato,Guardería,210.0,Tarjeta,EMP-04,,0
DD-000742,2023-02-06,C-116,Bonita,Guardería,190.0,Efectivo,EMP-02,cliente VIP,0
DD-000657,2023-02-06,C-046,Chato,Guardería,200.0,Tarjeta,EMP-07,cliente frecuente,1
DD-000875,2023-02-06,C-222,Canela,Hotel,490.0,Tarjeta,EMP-06,requiere cita previa,0
DD-000961,2023-02-06,C-295,Chico,Guardería,230.0,Transferencia,EMP-02,cliente frecuente,0
DD-000978,2023-02-06,C-306,Pepa,Adiestramiento,540.0,Efectivo,EMP-08,,0
DD-000866,2023-02-06,C-217,Sultan,Baño,440.0,Efectivo,EMP-05,pago pendiente,0
DD-000679,2023-02-06,C-066,Rocky,Baño,310.0,Efectivo,EMP-05,,1
DD-000909,2023-02-06,C-245,Frida,Guardería,240.0,Efectivo,EMP-08,propina incluida,0
DD-000731,2023-02-07,C-111,Thor,Guardería,190.0,Efectivo,EMP-01,perro agresivo,0
DD-000606,2023-02-07,C-005,Canela,Corte,370.0,Transferencia,EMP-05,primera visita,1
DD-000917,2023-02-07,C-255,Frida,Baño,340.0,Transferencia,EMP-06,,0
DD-000601,2023-02-07,C-003,Bella,Adiestramiento,680.0,Efectivo,EMP-06,,1
DD-000775,2023-02-07,C-140,Chispa,Guardería,150.0,Efectivo,EMP-06,alérgico a champú,0
DD-000734,2023-02-07,C-112,Princesa,Corte,400.0,Efectivo,EMP-06,cliente VIP,0
DD-000600,2023-02-07,C-003,Bella,Guardería,220.0,Efectivo,EMP-06,,1
DD-000944,2023-02-07,C-283,Princesa,Baño,200.0,Efectivo,EMP-02,,0
DD-000996,2023-02-07,C-314,Blanca,Guardería,240.0,Efectivo,EMP-07,alérgico a champú,0
DD-000831,2023-02-07,C-186,Frida,Corte,300.0,Efectivo,EMP-05,perro agresivo,0
DD-000680,2023-02-07,C-067,Bonita,Guardería,210.0,Efectivo,EMP-06,alérgico a champú,1
DD-000697,2023-02-07,C-078,Kira,Baño,280.0,Tarjeta,EMP-05,,1
DD-000833,2023-02-07,C-188,Chico,Adiestramiento,540.0,Efectivo,EMP-04,pago pendiente,0
DD-000692,2023-02-07,C-074,Fifi,Guardería,240.0,Efectivo,EMP-08,pago pendiente,1
DD-000845,2023-02-07,C-201,Rosa,Corte,310.0,Efectivo,EMP-03,,0
DD-000867,2023-02-08,C-217,Sultan,Adiestramiento,620.0,Tarjeta,EMP-04,requiere cita previa,0
DD-000968,2023-02-08,C-301,Gus,Baño,300.0,Tarjeta,EMP-03,,0
DD-000762,2023-02-08,C-131,Sultan,Corte,320.0,Efectivo,EMP-04,,0
DD-000765,2023-02-08,C-134,Luna,Corte,270.0,Efectivo,EMP-01,propina incluida,0
DD-000668,2023-02-08,C-055,Bear,Guardería,200.0,Tarjeta,EMP-04,,1
DD-000623,2023-02-08,C-020,Fifi,Baño,250.0,Tarjeta,EMP-07,requiere cita previa,1
DD-000871,2023-02-08,C-218,Mia,Guardería,180.0,Transferencia,EMP-06,perro agresivo,0
DD-000919,2023-02-08,C-258,Lola,Baño,450.0,Tarjeta,EMP-06,,0
DD-000905,2023-02-08,C-242,Sammy,Adiestramiento,440.0,Tarjeta,EMP-05,perro agresivo,0
DD-000933,2023-02-08,C-269,Maya,Hotel,590.0,Tarjeta,EMP-01,,0
DD-000925,2023-02-08,C-262,Charlie,Corte,400.0,Tarjeta,EMP-02,requiere cita previa,0
DD-000688,2023-02-08,C-072,Chico,Guardería,220.0,Tarjeta,EMP-04,alérgico a champú,1
DD-000652,2023-02-08,C-044,Tigrillo,Guardería,190.0,Transferencia,EMP-06,primera visita,1
DD-000915,2023-02-08,C-252,Kira,Guardería,160.0,Efectivo,EMP-02,primera visita,0
DD-000736,2023-02-08,C-113,Lola,Guardería,200.0,Tarjeta,EMP-01,requiere cita previa,0
DD-000709,2023-02-08,C-095,Nala,Guardería,170.0,Tarjeta,EMP-04,,0
DD-000991,2023-02-08,C-312,Bella,Hotel,380.0,Transferencia,EMP-03,pago pendiente,0
DD-000993,2023-02-08,C-313,Nala,Baño,440.0,Tarjeta,EMP-04,propina incluida,0
DD-000794,2023-02-09,C-155,Nala,Baño,280.0,Tarjeta,EMP-06,requiere cita previa,0
DD-000770,2023-02-09,C-137,Sasha,Corte,450.0,Efectivo,EMP-08,alérgico a champú,0
DD-000802,2023-02-09,C-160,Boby,Guardería,230.0,Transferencia,EMP-05,primera visita,0
DD-000930,2023-02-09,C-265,Duke,Guardería,160.0,Transferencia,EMP-03,descuento aplicado,0
DD-000916,2023-02-09,C-254,Fifi,Hotel,380.0,Tarjeta,EMP-06,primera visita,0
DD-000908,2023-02-09,C-244,Coco,Hotel,410.0,Tarjeta,EMP-03,,0
DD-000795,2023-02-09,C-155,Nala,Baño,380.0,Efectivo,EMP-02,traer vacunas,0
DD-000962,2023-02-09,C-296,Duke,Guardería,210.0,Efectivo,EMP-07,cliente frecuente,0
DD-000799,2023-02-09,C-159,Sultan,Baño,390.0,Efectivo,EMP-04,perro agresivo,0
DD-000723,2023-02-09,C-103,Panda,Adiestramiento,590.0,Efectivo,EMP-08,requiere cita previa,0
DD-000660,2023-02-09,C-047,Gus,Guardería,210.0,Efectivo,EMP-04,cliente VIP,1
DD-000646,2023-02-09,C-041,Tigrillo,Guardería,220.0,Transferencia,EMP-04,,1
DD-000615,2023-02-09,C-014,Nena,Guardería,220.0,Tarjeta,EMP-04,cliente VIP,1
DD-000614,2023-02-09,C-013,Coco,Guardería,180.0,Efectivo,EMP-03,,1
DD-000934,2023-02-10,C-270,Luna,Corte,310.0,Efectivo,EMP-07,perro agresivo,0
DD-000860,2023-02-10,C-213,Pancho,Baño,400.0,Efectivo,EMP-02,primera visita,0
DD-000699,2023-02-10,C-081,Luna,Baño,280.0,Tarjeta,EMP-02,,0
DD-000956,2023-02-10,C-294,Rex,Baño,320.0,Efectivo,EMP-04,,0
DD-000715,2023-02-10,C-100,Rosa,Corte,290.0,Tarjeta,EMP-03,propina incluida,0
DD-000645,2023-02-10,C-040,Manchas,Guardería,210.0,Transferencia,EMP-08,cliente VIP,1
DD-000970,2023-02-10,C-303,Toby,Baño,330.0,Efectivo,EMP-07,propina incluida,0
DD-000732,2023-02-10,C-111,Thor,Guardería,210.0,Efectivo,EMP-04,pago pendiente,0
DD-000721,2023-02-10,C-103,Panda,Baño,240.0,Tarjeta,EMP-01,perro agresivo,0
DD-000902,2023-02-10,C-240,Mia,Guardería,210.0,Transferencia,EMP-06,,0
DD-000814,2023-02-10,C-169,Gordo,Guardería,210.0,Tarjeta,EMP-04,descuento aplicado,0
DD-000825,2023-02-10,C-179,Nina,Hotel,480.0,Tarjeta,EMP-08,descuento aplicado,0
DD-000994,2023-02-11,C-314,Blanca,Corte,430.0,Efectivo,EMP-08,,0
DD-000843,2023-02-11,C-199,Pepa,Baño,410.0,Efectivo,EMP-01,,0
DD-001000,2023-02-11,C-316,Nina,Guardería,230.0,Tarjeta,EMP-02,alérgico a champú,0
DD-000755,2023-02-11,C-125,Tigrillo,Corte,450.0,Efectivo,EMP-05,,0
DD-000900,2023-02-11,C-238,Max,Baño,290.0,Tarjeta,EMP-02,descuento aplicado,0
DD-000635,2023-02-11,C-029,Gus,Corte,480.0,Tarjeta,EMP-01,requiere cita previa,1
DD-000893,2023-02-11,C-235,Blanca,Guardería,230.0,Efectivo,EMP-04,,0
DD-000780,2023-02-12,C-147,Rex,Corte,460.0,Efectivo,EMP-02,requiere cita previa,0
DD-000910,2023-02-12,C-245,Frida,Baño,230.0,Efectivo,EMP-02,,0
DD-000881,2023-02-12,C-225,Simba,Guardería,200.0,Efectivo,EMP-03,,0
DD-000639,2023-02-12,C-030,Bear,Hotel,510.0,Tarjeta,EMP-08,,1
DD-000901,2023-02-12,C-240,Mia,Baño,410.0,Efectivo,EMP-06,alérgico a champú,0
DD-000844,2023-02-12,C-200,Paloma,Guardería,220.0,Efectivo,EMP-01,perro agresivo,0
DD-000661,2023-02-12,C-050,Max,Guardería,240.0,Efectivo,EMP-02,alérgico a champú,1
DD-000716,2023-02-12,C-101,Fifi,Corte,380.0,Efectivo,EMP-01,pago pendiente,0
DD-000995,2023-02-12,C-314,Blanca,Baño,380.0,Efectivo,EMP-08,alérgico a champú,0
DD-000605,2023-02-12,C-004,Paloma,Guardería,220.0,Transferencia,EMP-02,cliente frecuente,1
DD-000983,2023-02-12,C-307,Daisy,Guardería,200.0,Efectivo,EMP-06,requiere cita previa,0
DD-000807,2023-02-12,C-162,Kira,Corte,390.0,Tarjeta,EMP-07,,0
DD-000810,2023-02-12,C-166,Boby,Guardería,240.0,Efectivo,EMP-05,,0
DD-000769,2023-02-13,C-136,Simba,Guardería,170.0,Tarjeta,EMP-06,perro agresivo,0
DD-000793,2023-02-13,C-154,Nena,Hotel,590.0,Efectivo,EMP-05,descuento aplicado,0
DD-000735,2023-02-13,C-112,Princesa,Baño,270.0,Efectivo,EMP-02,propina incluida,0
DD-000828,2023-02-13,C-181,Nala,Guardería,250.0,Transferencia,EMP-07,,0
DD-000829,2023-02-13,C-185,Toby,Guardería,200.0,Tarjeta,EMP-05,,0
DD-000712,2023-02-13,C-099,Gordo,Adiestramiento,550.0,Tarjeta,EMP-01,,0
DD-000886,2023-02-13,C-229,Bella,Guardería,160.0,Efectivo,EMP-01,,0
DD-000621,2023-02-13,C-017,Canela,Corte,430.0,Transferencia,EMP-02,primera visita,1
DD-000624,2023-02-13,C-021,Rocky,Baño,400.0,Efectivo,EMP-04,,1
DD-000631,2023-02-13,C-026,Mia,Guardería,180.0,Tarjeta,EMP-02,,1
DD-000926,2023-02-13,C-262,Charlie,Guardería,170.0,Tarjeta,EMP-03,,0
DD-000670,2023-02-13,C-056,Bonita,Guardería,190.0,Tarjeta,EMP-05,,1
DD-000889,2023-02-13,C-231,Fifi,Guardería,190.0,Transferencia,EMP-05,,0
DD-000768,2023-02-13,C-136,Simba,Hotel,500.0,Efectivo,EMP-05,,0
DD-000932,2023-02-13,C-269,Maya,Hotel,400.0,Transferencia,EMP-02,requiere cita previa,0
DD-000691,2023-02-14,C-074,Fifi,Baño,400.0,Tarjeta,EMP-05,,1
DD-000662,2023-02-14,C-051,Simba,Adiestramiento,570.0,Efectivo,EMP-08,propina incluida,1
DD-000842,2023-02-14,C-198,Chato,Guardería,180.0,Tarjeta,EMP-05,,0
DD-000686,2023-02-14,C-071,Daisy,Hotel,440.0,Tarjeta,EMP-06,,1
DD-000740,2023-02-14,C-115,Charlie,Hotel,500.0,Transferencia,EMP-07,propina incluida,0
DD-000654,2023-02-14,C-044,Tigrillo,Guardería,250.0,Efectivo,EMP-08,primera visita,1
DD-000602,2023-02-14,C-003,Bella,Guardería,230.0,Tarjeta,EMP-05,,1
DD-000985,2023-02-14,C-310,Paloma,Guardería,180.0,Efectivo,EMP-02,perro agresivo,0
DD-000982,2023-02-14,C-306,Pepa,Baño,360.0,Tarjeta,EMP-04,alérgico a champú,0
DD-000610,2023-02-14,C-008,Boby,Guardería,190.0,Tarjeta,EMP-02,perro agresivo,1
DD-000979,2023-02-14,C-306,Pepa,Guardería,190.0,Efectivo,EMP-07,descuento aplicado,0
DD-000966,2023-02-14,C-300,Manchas,Guardería,230.0,Efectivo,EMP-01,alérgico a champú,0
DD-000954,2023-02-14,C-292,Chico,Baño,390.0,Transferencia,EMP-01,,0
DD-000637,2023-02-14,C-030,Bear,Corte,260.0,Efectivo,EMP-02,,1
DD-000719,2023-02-14,C-102,Chispa,Guardería,240.0,Tarjeta,EMP-02,,0
DD-000904,2023-02-14,C-241,Canela,Corte,410.0,Tarjeta,EMP-08,cliente VIP,0
DD-000946,2023-02-14,C-285,Daisy,Baño,230.0,Tarjeta,EMP-01,primera visita,0
DD-000696,2023-02-14,C-076,Bear,Guardería,230.0,Transferencia,EMP-07,,1
DD-000684,2023-02-15,C-070,Buddy,Guardería,240.0,Tarjeta,EMP-08,primera visita,1
DD-000655,2023-02-15,C-045,Thor,Guardería,190.0,Efectivo,EMP-04,cliente VIP,1
DD-000957,2023-02-15,C-294,Rex,Guardería,160.0,Transferencia,EMP-02,cliente frecuente,0
DD-000612,2023-02-15,C-009,Rosa,Guardería,210.0,Tarjeta,EMP-03,primera visita,1
DD-000927,2023-02-15,C-263,Nena,Corte,470.0,Efectivo,EMP-08,propina incluida,0
DD-000824,2023-02-15,C-177,Princesa,Hotel,520.0,Tarjeta,EMP-01,perro agresivo,0
DD-000644,2023-02-15,C-035,Pancho,Baño,270.0,Efectivo,EMP-07,,1
DD-000888,2023-02-15,C-230,Chico,Hotel,370.0,Transferencia,EMP-03,requiere cita previa,0
DD-000760,2023-02-15,C-129,Tigrillo,Guardería,220.0,Efectivo,EMP-06,perro agresivo,0
DD-000708,2023-02-16,C-094,Bear,Adiestramiento,510.0,Tarjeta,EMP-05,primera visita,0
DD-000841,2023-02-16,C-196,Nina,Baño,300.0,Tarjeta,EMP-02,requiere cita previa,0
DD-000921,2023-02-16,C-259,Paloma,Guardería,240.0,Transferencia,EMP-06,,0
DD-000707,2023-02-16,C-090,Coco,Guardería,230.0,Tarjeta,EMP-06,,0
DD-000669,2023-02-16,C-055,Bear,Guardería,190.0,Efectivo,EMP-03,,1
DD-000837,2023-02-16,C-193,Zeus,Guardería,200.0,Efectivo,EMP-05,,0
DD-000880,2023-02-16,C-224,Zeus,Guardería,200.0,Efectivo,EMP-04,cliente VIP,0
DD-000884,2023-02-16,C-227,Maya,Baño,310.0,Efectivo,EMP-03,alérgico a champú,0
DD-000628,2023-02-16,C-024,Sultan,Guardería,210.0,Tarjeta,EMP-06,perro agresivo,1
DD-000821,2023-02-16,C-174,Chispa,Baño,300.0,Tarjeta,EMP-06,cliente VIP,0
DD-000664,2023-02-16,C-052,Estrella,Baño,380.0,Efectivo,EMP-06,cliente frecuente,1
DD-000907,2023-02-16,C-244,Coco,Adiestramiento,530.0,Efectivo,EMP-06,primera visita,0
DD-000634,2023-02-16,C-028,Princesa,Baño,320.0,Transferencia,EMP-03,cliente VIP,1
DD-000980,2023-02-17,C-306,Pepa,Guardería,170.0,Efectivo,EMP-07,propina incluida,0
DD-000865,2023-02-17,C-216,Bonita,Guardería,150.0,Efectivo,EMP-06,cliente VIP,0
DD-000789,2023-02-17,C-153,Chato,Guardería,150.0,Tarjeta,EMP-06,propina incluida,0
DD-000838,2023-02-17,C-193,Zeus,Corte,450.0,Efectivo,EMP-07,cliente VIP,0
DD-000702,2023-02-17,C-085,Beto,Corte,480.0,Transferencia,EMP-04,,0
DD-000948,2023-02-17,C-288,Boby,Baño,450.0,Tarjeta,EMP-03,alérgico a champú,0
DD-000788,2023-02-17,C-153,Chato,Baño,320.0,Efectivo,EMP-05,cliente VIP,0
DD-000771,2023-02-17,C-138,Bear,Guardería,240.0,Tarjeta,EMP-01,perro agresivo,0
DD-000935,2023-02-17,C-271,Pancho,Guardería,240.0,Tarjeta,EMP-04,primera visita,0
DD-000929,2023-02-18,C-264,Sultan,Baño,380.0,Efectivo,EMP-03,,0
DD-000703,2023-02-18,C-086,Gordo,Baño,380.0,Efectivo,EMP-05,traer vacunas,0
DD-000976,2023-02-18,C-305,Paloma,Guardería,230.0,Efectivo,EMP-08,descuento aplicado,0
DD-000751,2023-02-18,C-123,Ringo,Baño,420.0,Efectivo,EMP-04,,0
DD-000892,2023-02-18,C-234,Toby,Guardería,210.0,Efectivo,EMP-04,cliente VIP,0
DD-000942,2023-02-18,C-278,Estrella,Guardería,240.0,Efectivo,EMP-03,,0
DD-000873,2023-02-18,C-220,Sammy,Hotel,550.0,Tarjeta,EMP-06,,0
DD-000958,2023-02-18,C-295,Chico,Baño,410.0,Efectivo,EMP-04,cliente frecuente,0
DD-000759,2023-02-18,C-129,Tigrillo,Guardería,190.0,Efectivo,EMP-03,requiere cita previa,0
DD-000608,2023-02-18,C-006,Thor,Corte,300.0,Efectivo,EMP-07,,1
DD-000801,2023-02-18,C-160,Boby,Baño,340.0,Transferencia,EMP-05,perro agresivo,0
DD-000773,2023-02-18,C-140,Chispa,Corte,350.0,Efectivo,EMP-08,requiere cita previa,0
DD-000747,2023-02-18,C-120,Duke,Guardería,160.0,Efectivo,EMP-08,pago pendiente,0
DD-000851,2023-02-18,C-206,Simba,Hotel,510.0,Tarjeta,EMP-01,,0
DD-000782,2023-02-18,C-149,Toby,Guardería,240.0,Efectivo,EMP-03,requiere cita previa,0
DD-000951,2023-02-18,C-291,Blanca,Guardería,200.0,Tarjeta,EMP-01,perro agresivo,0
DD-000906,2023-02-18,C-243,Maya,Hotel,580.0,Efectivo,EMP-03,primera visita,0
DD-000846,2023-02-18,C-202,Tigrillo,Baño,320.0,Transferencia,EMP-08,requiere cita previa,0
DD-000746,2023-02-18,C-119,Canela,Guardería,190.0,Efectivo,EMP-04,descuento aplicado,0
DD-000643,2023-02-18,C-033,Max,Corte,410.0,Efectivo,EMP-04,perro agresivo,1
DD-000619,2023-02-19,C-015,Panda,Guardería,160.0,Efectivo,EMP-08,,1
DD-000653,2023-02-19,C-044,Tigrillo,Guardería,170.0,Tarjeta,EMP-04,,1
DD-000650,2023-02-19,C-042,Nena,Guardería,150.0,Efectivo,EMP-01,cliente VIP,1
DD-000953,2023-02-19,C-292,Chico,Baño,210.0,Transferencia,EMP-08,pago pendiente,0
DD-000784,2023-02-19,C-151,Rocky,Guardería,240.0,Efectivo,EMP-08,,0
DD-000618,2023-02-19,C-015,Panda,Guardería,170.0,Efectivo,EMP-03,,1
DD-000777,2023-02-19,C-141,Maya,Baño,330.0,Efectivo,EMP-03,,0
DD-000823,2023-02-19,C-175,Panda,Baño,370.0,Tarjeta,EMP-05,cliente VIP,0
DD-000863,2023-02-19,C-214,Gordo,Guardería,160.0,Tarjeta,EMP-05,pago pendiente,0
DD-000666,2023-02-19,C-053,Buddy,Hotel,600.0,Tarjeta,EMP-04,,1
DD-000744,2023-02-19,C-118,Bonita,Guardería,230.0,Tarjeta,EMP-01,,0
DD-000772,2023-02-19,C-139,Panda,Guardería,250.0,Efectivo,EMP-04,primera visita,0
DD-000724,2023-02-19,C-104,Rosa,Baño,260.0,Efectivo,EMP-01,,0
DD-000673,2023-02-19,C-058,Gordo,Guardería,250.0,Tarjeta,EMP-04,,1
DD-000636,2023-02-19,C-030,Bear,Hotel,370.0,Transferencia,EMP-06,traer vacunas,1
DD-000997,2023-02-19,C-314,Blanca,Baño,220.0,Tarjeta,EMP-07,perro agresivo,0
DD-000658,2023-02-20,C-046,Chato,Guardería,230.0,Tarjeta,EMP-07,pago pendiente,1
DD-000899,2023-02-20,C-237,Tito,Corte,470.0,Tarjeta,EMP-04,descuento aplicado,0
DD-000792,2023-02-20,C-154,Nena,Guardería,240.0,Tarjeta,EMP-06,perro agresivo,0
DD-000898,2023-02-20,C-236,Frida,Guardería,180.0,Transferencia,EMP-07,perro agresivo,0
DD-000879,2023-02-20,C-224,Zeus,Baño,360.0,Tarjeta,EMP-02,perro agresivo,0
DD-000869,2023-02-20,C-217,Sultan,Guardería,250.0,Efectivo,EMP-01,propina incluida,0
DD-000864,2023-02-20,C-215,Daisy,Guardería,160.0,Tarjeta,EMP-02,,0
DD-000648,2023-02-20,C-041,Tigrillo,Guardería,170.0,Tarjeta,EMP-01,requiere cita previa,1
DD-000713,2023-02-20,C-099,Gordo,Hotel,590.0,Tarjeta,EMP-07,requiere cita previa,0
DD-000947,2023-02-20,C-285,Daisy,Guardería,230.0,Efectivo,EMP-06,requiere cita previa,0
DD-000848,2023-02-20,C-204,Nala,Guardería,190.0,Efectivo,EMP-05,propina incluida,0
DD-000675,2023-02-20,C-063,Estrella,Baño,310.0,Efectivo,EMP-05,,1
DD-000683,2023-02-20,C-069,Paloma,Baño,370.0,Efectivo,EMP-08,,1
DD-000998,2023-02-20,C-315,Zeus,Adiestramiento,500.0,Tarjeta,EMP-07,,0
DD-000815,2023-02-20,C-169,Gordo,Hotel,370.0,Tarjeta,EMP-03,propina incluida,0
DD-000729,2023-02-20,C-109,Lobo,Guardería,170.0,Tarjeta,EMP-03,perro agresivo,0
DD-000955,2023-02-21,C-293,Blanca,Guardería,180.0,Tarjeta,EMP-05,alérgico a champú,0
DD-000640,2023-02-21,C-030,Bear,Hotel,430.0,Efectivo,EMP-06,,1
DD-000767,2023-02-21,C-134,Luna,Guardería,170.0,Efectivo,EMP-07,requiere cita previa,0
DD-000897,2023-02-21,C-236,Frida,Guardería,160.0,Tarjeta,EMP-06,cliente frecuente,0
DD-000940,2023-02-21,C-274,Nena,Baño,370.0,Tarjeta,EMP-08,propina incluida,0
DD-000992,2023-02-21,C-313,Nala,Baño,200.0,Tarjeta,EMP-08,traer vacunas,0
DD-000711,2023-02-21,C-099,Gordo,Guardería,240.0,Efectivo,EMP-01,cliente VIP,0
DD-000739,2023-02-21,C-115,Charlie,Hotel,430.0,Transferencia,EMP-02,,0
DD-000725,2023-02-21,C-105,Tito,Guardería,170.0,Efectivo,EMP-05,cliente frecuente,0
DD-000803,2023-02-21,C-160,Boby,Baño,350.0,Efectivo,EMP-07,cliente frecuente,0
DD-000743,2023-02-21,C-117,Daisy,Baño,280.0,Transferencia,EMP-04,,0
DD-000750,2023-02-21,C-123,Ringo,Corte,420.0,Efectivo,EMP-07,primera visita,0
DD-000604,2023-02-21,C-003,Bella,Guardería,190.0,Efectivo,EMP-04,alérgico a champú,1
DD-000922,2023-02-22,C-260,Bonita,Baño,450.0,Efectivo,EMP-01,,0
DD-000745,2023-02-22,C-118,Bonita,Baño,380.0,Efectivo,EMP-03,,0
DD-000990,2023-02-22,C-312,Bella,Guardería,200.0,Efectivo,EMP-05,primera visita,0
DD-000960,2023-02-22,C-295,Chico,Baño,370.0,Tarjeta,EMP-07,,0
DD-000822,2023-02-22,C-175,Panda,Guardería,230.0,Tarjeta,EMP-07,alérgico a champú,0
DD-000741,2023-02-22,C-116,Bonita,Corte,440.0,Efectivo,EMP-08,,0
DD-000936,2023-02-22,C-272,Boby,Baño,320.0,Transferencia,EMP-03,requiere cita previa,0
DD-000819,2023-02-22,C-174,Chispa,Baño,400.0,Efectivo,EMP-02,,0
DD-000941,2023-02-22,C-274,Nena,Guardería,170.0,Efectivo,EMP-01,primera visita,0
DD-000689,2023-02-22,C-073,Max,Corte,410.0,Efectivo,EMP-02,,1
DD-000849,2023-02-22,C-206,Simba,Corte,400.0,Transferencia,EMP-03,traer vacunas,0
DD-000847,2023-02-22,C-203,Princesa,Baño,430.0,Tarjeta,EMP-05,,0
DD-000749,2023-02-22,C-121,Duke,Guardería,190.0,Tarjeta,EMP-03,cliente VIP,0
DD-000872,2023-02-22,C-219,Nina,Guardería,160.0,Tarjeta,EMP-03,,0
DD-000609,2023-02-22,C-007,Tito,Guardería,230.0,Tarjeta,EMP-04,,1
DD-000964,2023-02-22,C-298,Ringo,Baño,410.0,Tarjeta,EMP-01,,0
DD-000877,2023-02-22,C-222,Canela,Baño,310.0,Transferencia,EMP-05,cliente VIP,0
DD-000622,2023-02-22,C-019,Canela,Baño,420.0,Transferencia,EMP-07,cliente frecuente,1
DD-000753,2023-02-22,C-124,Manchas,Hotel,580.0,Tarjeta,EMP-03,pago pendiente,0
DD-000857,2023-02-22,C-208,Coco,Adiestramiento,710.0,Tarjeta,EMP-04,primera visita,0
DD-000988,2023-02-23,C-311,Nala,Baño,310.0,Tarjeta,EMP-06,,0
DD-000649,2023-02-23,C-042,Nena,Guardería,200.0,Efectivo,EMP-03,cliente frecuente,1
DD-000633,2023-02-23,C-028,Princesa,Guardería,210.0,Tarjeta,EMP-06,requiere cita previa,1
DD-000939,2023-02-23,C-273,Nena,Guardería,220.0,Efectivo,EMP-03,,0
DD-000817,2023-02-23,C-172,Tito,Guardería,220.0,Tarjeta,EMP-06,,0
DD-000706,2023-02-23,C-089,Panda,Guardería,230.0,Transferencia,EMP-07,descuento aplicado,0
DD-000797,2023-02-23,C-157,Thor,Guardería,230.0,Efectivo,EMP-05,descuento aplicado,0
DD-000912,2023-02-23,C-249,Kira,Baño,360.0,Efectivo,EMP-08,,0
DD-000717,2023-02-23,C-101,Fifi,Guardería,200.0,Efectivo,EMP-01,,0
DD-000617,2023-02-24,C-015,Panda,Baño,360.0,Efectivo,EMP-04,,1
DD-000950,2023-02-24,C-289,Kira,Guardería,240.0,Tarjeta,EMP-07,traer vacunas,0
DD-000754,2023-02-24,C-125,Tigrillo,Hotel,380.0,Transferencia,EMP-04,propina incluida,0
DD-000986,2023-02-24,C-310,Paloma,Guardería,240.0,Tarjeta,EMP-05,propina incluida,0
DD-000738,2023-02-24,C-114,Rocky,Guardería,190.0,Tarjeta,EMP-03,alérgico a champú,0
DD-000816,2023-02-24,C-170,Frida,Baño,350.0,Tarjeta,EMP-07,,0
DD-000774,2023-02-24,C-140,Chispa,Hotel,430.0,Efectivo,EMP-08,propina incluida,0
DD-000704,2023-02-24,C-088,Simba,Hotel,540.0,Transferencia,EMP-02,,0
DD-000918,2023-02-24,C-258,Lola,Corte,280.0,Efectivo,EMP-03,pago pendiente,0
DD-000885,2023-02-24,C-228,Sasha,Guardería,200.0,Tarjeta,EMP-04,,0
DD-000656,2023-02-24,C-046,Chato,Baño,290.0,Tarjeta,EMP-03,perro agresivo,1
DD-000809,2023-02-24,C-165,Frida,Guardería,220.0,Tarjeta,EMP-08,,0
DD-000787,2023-02-24,C-152,Rex,Baño,340.0,Efectivo,EMP-04,,0
DD-000700,2023-02-24,C-084,Pancho,Guardería,220.0,Efectivo,EMP-05,alérgico a champú,0
DD-000874,2023-02-24,C-221,Beto,Guardería,190.0,Tarjeta,EMP-05,cliente frecuente,0
DD-000685,2023-02-25,C-070,Buddy,Guardería,180.0,Efectivo,EMP-06,descuento aplicado,1
DD-000663,2023-02-25,C-051,Simba,Hotel,480.0,Tarjeta,EMP-02,pago pendiente,1
DD-000862,2023-02-25,C-214,Gordo,Hotel,370.0,Efectivo,EMP-02,cliente frecuente,0
DD-000659,2023-02-25,C-047,Gus,Baño,430.0,Tarjeta,EMP-02,cliente frecuente,1
DD-000859,2023-02-25,C-213,Pancho,Guardería,190.0,Efectivo,EMP-07,,0
DD-000671,2023-02-25,C-056,Bonita,Hotel,480.0,Efectivo,EMP-01,cliente frecuente,1
DD-000852,2023-02-25,C-206,Simba,Corte,480.0,Tarjeta,EMP-01,cliente VIP,0
DD-000626,2023-02-25,C-023,Tito,Corte,320.0,Efectivo,EMP-06,cliente frecuente,1
DD-000677,2023-02-25,C-064,Bella,Adiestramiento,430.0,Tarjeta,EMP-06,requiere cita previa,1
DD-000903,2023-02-25,C-241,Canela,Adiestramiento,660.0,Tarjeta,EMP-05,,0
DD-000811,2023-02-25,C-167,Coco,Adiestramiento,760.0,Tarjeta,EMP-05,,0
DD-000785,2023-02-25,C-151,Rocky,Guardería,160.0,Transferencia,EMP-01,perro agresivo,0
DD-000651,2023-02-25,C-043,Luna,Corte,340.0,Transferencia,EMP-06,cliente frecuente,1
DD-000812,2023-02-25,C-168,Charlie,Hotel,550.0,Tarjeta,EMP-05,cliente frecuente,0
DD-000914,2023-02-25,C-252,Kira,Baño,360.0,Tarjeta,EMP-05,,0
DD-000693,2023-02-25,C-074,Fifi,Guardería,160.0,Tarjeta,EMP-03,cliente VIP,1
DD-000638,2023-02-25,C-030,Bear,Guardería,190.0,Efectivo,EMP-01,,1
DD-000895,2023-02-25,C-236,Frida,Corte,330.0,Tarjeta,EMP-07,pago pendiente,0
DD-000972,2023-02-25,C-304,Buddy,Corte,440.0,Efectivo,EMP-02,perro agresivo,0
DD-000672,2023-02-26,C-057,Bella,Baño,340.0,Efectivo,EMP-04,,1
DD-000826,2023-02-26,C-180,Buddy,Baño,420.0,Tarjeta,EMP-01,perro agresivo,0
DD-000861,2023-02-26,C-213,Pancho,Guardería,190.0,Efectivo,EMP-01,,0
DD-000599,2023-02-26,C-002,Mia,Guardería,160.0,Tarjeta,EMP-01,,1
DD-000937,2023-02-26,C-272,Boby,Baño,360.0,Efectivo,EMP-02,requiere cita previa,0
DD-000890,2023-02-26,C-233,Manchas,Hotel,460.0,Efectivo,EMP-02,,0
DD-000620,2023-02-26,C-017,Canela,Corte,310.0,Transferencia,EMP-04,,1
DD-000967,2023-02-26,C-300,Manchas,Guardería,250.0,Efectivo,EMP-07,primera visita,0
DD-000779,2023-02-26,C-146,Ringo,Adiestramiento,750.0,Efectivo,EMP-07,,0
DD-000883,2023-02-26,C-227,Maya,Guardería,180.0,Tarjeta,EMP-03,requiere cita previa,0
DD-000945,2023-02-26,C-284,Duke,Baño,370.0,Efectivo,EMP-06,,0
DD-000808,2023-02-27,C-162,Kira,Guardería,220.0,Efectivo,EMP-05,,0
DD-000938,2023-02-27,C-272,Boby,Adiestramiento,700.0,Transferencia,EMP-03,,0
DD-000827,2023-02-27,C-180,Buddy,Guardería,180.0,Tarjeta,EMP-02,,0
DD-000764,2023-02-27,C-134,Luna,Baño,400.0,Efectivo,EMP-06,,0
DD-000804,2023-02-27,C-160,Boby,Adiestramiento,710.0,Tarjeta,EMP-01,perro agresivo,0
DD-000913,2023-02-27,C-252,Kira,Baño,240.0,Efectivo,EMP-01,,0
DD-000611,2023-02-27,C-008,Boby,Baño,390.0,Efectivo,EMP-03,cliente frecuente,1
DD-000733,2023-02-27,C-111,Thor,Guardería,160.0,Efectivo,EMP-01,,0
DD-000665,2023-02-27,C-052,Estrella,Guardería,150.0,Efectivo,EMP-04,cliente frecuente,1
DD-000813,2023-02-27,C-168,Charlie,Adiestramiento,780.0,Transferencia,EMP-02,cliente frecuente,0
DD-000952,2023-02-28,C-291,Blanca,Guardería,240.0,Tarjeta,EMP-05,,0
DD-000730,2023-02-28,C-109,Lobo,Hotel,360.0,Efectivo,EMP-06,cliente frecuente,0
DD-000603,2023-02-28,C-003,Bella,Guardería,220.0,Tarjeta,EMP-07,alérgico a champú,1
DD-000876,2023-02-28,C-222,Canela,Baño,290.0,Transferencia,EMP-04,pago pendiente,0
DD-000690,2023-02-28,C-073,Max,Guardería,210.0,Transferencia,EMP-04,cliente frecuente,1
DD-000763,2023-02-28,C-133,Gus,Corte,370.0,Efectivo,EMP-08,,0
DD-000667,2023-02-28,C-054,Mia,Guardería,160.0,Tarjeta,EMP-06,cliente VIP,1
DD-000701,2023-02-28,C-084,Pancho,Guardería,220.0,Efectivo,EMP-07,alérgico a champú,0
DD-000965,2023-02-28,C-299,Negro,Baño,210.0,Transferencia,EMP-08,requiere cita previa,0
DD-000896,2023-02-28,C-236,Frida,Guardería,240.0,Tarjeta,EMP-04,primera visita,0
DD-000726,2023-02-28,C-105,Tito,Corte,380.0,Efectivo,EMP-05,,0
DD-001322,2023-03-01,C-152,Rex,Guardería,240.0,Tarjeta,EMP-05,requiere cita previa,0
DD-001262,2023-03-01,C-128,Chico,Baño,360.0,Efectivo,EMP-03,perro agresivo,0
DD-001263,2023-03-01,C-129,Tigrillo,Guardería,170.0,Efectivo,EMP-03,,0
DD-001454,2023-03-01,C-212,Negro,Guardería,240.0,Efectivo,EMP-04,,0
DD-001023,2023-03-01,C-012,Chispa,Corte,330.0,Efectivo,EMP-04,,1
DD-001441,2023-03-01,C-205,Pepa,Baño,440.0,Tarjeta,EMP-06,cliente VIP,0
DD-001038,2023-03-01,C-020,Fifi,Adiestramiento,780.0,Efectivo,EMP-03,requiere cita previa,1
DD-001412,2023-03-01,C-190,Beto,Guardería,210.0,Tarjeta,EMP-04,,0
DD-001410,2023-03-01,C-188,Chico,Baño,270.0,Tarjeta,EMP-06,,0
DD-001403,2023-03-01,C-186,Frida,Guardería,230.0,Transferencia,EMP-07,traer vacunas,0
DD-001041,2023-03-01,C-021,Rocky,Corte,300.0,Tarjeta,EMP-05,alérgico a champú,1
DD-001379,2023-03-01,C-176,Estrella,Guardería,230.0,Tarjeta,EMP-04,,0
DD-001359,2023-03-01,C-168,Charlie,Baño,270.0,Efectivo,EMP-07,descuento aplicado,0
DD-001347,2023-03-01,C-161,Chispa,Corte,420.0,Tarjeta,EMP-02,,0
DD-001271,2023-03-01,C-133,Gus,Guardería,160.0,Tarjeta,EMP-07,pago pendiente,0
DD-001028,2023-03-01,C-014,Nena,Guardería,240.0,Tarjeta,EMP-06,perro agresivo,1
DD-001519,2023-03-01,C-245,Frida,Guardería,210.0,Efectivo,EMP-07,traer vacunas,0
DD-001625,2023-03-01,C-295,Chico,Adiestramiento,500.0,Tarjeta,EMP-06,,0
DD-001241,2023-03-01,C-118,Bonita,Guardería,240.0,Tarjeta,EMP-05,descuento aplicado,0
DD-001310,2023-03-01,C-147,Rex,Adiestramiento,460.0,Tarjeta,EMP-04,propina incluida,0
DD-001669,2023-03-01,C-313,Nala,Baño,260.0,Efectivo,EMP-07,descuento aplicado,0
DD-001665,2023-03-01,C-311,Nala,Hotel,360.0,Transferencia,EMP-05,perro agresivo,0
DD-001050,2023-03-01,C-026,Mia,Hotel,370.0,Efectivo,EMP-02,primera visita,1
DD-001584,2023-03-01,C-274,Nena,Corte,310.0,Efectivo,EMP-02,traer vacunas,0
DD-001112,2023-03-01,C-058,Gordo,Guardería,180.0,Efectivo,EMP-05,,1
DD-001556,2023-03-01,C-260,Bonita,Corte,440.0,Efectivo,EMP-08,cliente frecuente,0
DD-001150,2023-03-01,C-078,Kira,Guardería,180.0,Efectivo,EMP-05,cliente VIP,1
DD-001012,2023-03-01,C-005,Canela,Guardería,160.0,Tarjeta,EMP-07,,1
DD-001539,2023-03-01,C-252,Kira,Adiestramiento,600.0,Efectivo,EMP-07,cliente frecuente,0
DD-001236,2023-03-01,C-117,Daisy,Guardería,190.0,Tarjeta,EMP-02,cliente frecuente,0
DD-001275,2023-03-01,C-135,Bella,Baño,450.0,Tarjeta,EMP-01,traer vacunas,0
DD-001256,2023-03-02,C-124,Manchas,Corte,500.0,Tarjeta,EMP-06,cliente frecuente,0
DD-001092,2023-03-02,C-048,Buddy,Hotel,450.0,Tarjeta,EMP-08,,1
DD-001091,2023-03-02,C-048,Buddy,Guardería,190.0,Transferencia,EMP-08,,1
DD-001199,2023-03-02,C-101,Fifi,Adiestramiento,780.0,Efectivo,EMP-01,propina incluida,0
DD-001141,2023-03-02,C-073,Max,Corte,410.0,Transferencia,EMP-05,propina incluida,1
DD-001086,2023-03-02,C-046,Chato,Guardería,220.0,Tarjeta,EMP-08,,1
DD-001431,2023-03-02,C-202,Tigrillo,Guardería,200.0,Tarjeta,EMP-06,cliente frecuente,0
DD-001472,2023-03-02,C-222,Canela,Baño,440.0,Transferencia,EMP-01,,0
DD-001513,2023-03-02,C-243,Maya,Guardería,190.0,Efectivo,EMP-07,cliente frecuente,0
DD-001515,2023-03-02,C-243,Maya,Corte,420.0,Tarjeta,EMP-05,,0
DD-001520,2023-03-02,C-246,Luna,Hotel,410.0,Efectivo,EMP-04,,0
DD-001525,2023-03-02,C-246,Luna,Baño,260.0,Efectivo,EMP-07,,0
DD-001535,2023-03-02,C-251,Blanca,Corte,350.0,Tarjeta,EMP-01,alérgico a champú,0
DD-001540,2023-03-02,C-252,Kira,Corte,310.0,Tarjeta,EMP-06,alérgico a champú,0
DD-001544,2023-03-02,C-253,Luna,Baño,350.0,Tarjeta,EMP-08,,0
DD-001548,2023-03-02,C-256,Chato,Guardería,190.0,Tarjeta,EMP-04,pago pendiente,0
DD-001552,2023-03-02,C-258,Lola,Guardería,240.0,Tarjeta,EMP-03,,0
DD-001575,2023-03-02,C-271,Pancho,Guardería,180.0,Efectivo,EMP-04,,0
DD-001651,2023-03-02,C-303,Toby,Hotel,440.0,Efectivo,EMP-03,pago pendiente,0
DD-001656,2023-03-02,C-306,Pepa,Guardería,240.0,Transferencia,EMP-04,traer vacunas,0
DD-001342,2023-03-02,C-160,Boby,Corte,260.0,Tarjeta,EMP-07,requiere cita previa,0
DD-001075,2023-03-02,C-039,Tigrillo,Adiestramiento,540.0,Efectivo,EMP-01,propina incluida,1
DD-001154,2023-03-02,C-080,Luna,Guardería,180.0,Efectivo,EMP-08,descuento aplicado,1
DD-001044,2023-03-02,C-022,Sammy,Baño,280.0,Transferencia,EMP-06,descuento aplicado,1
DD-001031,2023-03-02,C-016,Max,Guardería,190.0,Efectivo,EMP-03,,1
DD-001043,2023-03-02,C-022,Sammy,Corte,480.0,Efectivo,EMP-05,perro agresivo,1
DD-001054,2023-03-03,C-028,Princesa,Guardería,240.0,Tarjeta,EMP-05,,1
DD-001604,2023-03-03,C-284,Duke,Hotel,430.0,Tarjeta,EMP-04,cliente VIP,0
DD-001432,2023-03-03,C-203,Princesa,Guardería,160.0,Efectivo,EMP-05,,0
DD-001613,2023-03-03,C-290,Lola,Guardería,160.0,Efectivo,EMP-06,,0
DD-001407,2023-03-03,C-188,Chico,Adiestramiento,510.0,Tarjeta,EMP-04,cliente frecuente,0
DD-001658,2023-03-03,C-307,Daisy,Guardería,190.0,Efectivo,EMP-07,,0
DD-001435,2023-03-03,C-204,Nala,Guardería,160.0,Transferencia,EMP-06,cliente frecuente,0
DD-001596,2023-03-03,C-281,Bear,Corte,400.0,Transferencia,EMP-04,alérgico a champú,0
DD-001606,2023-03-03,C-285,Daisy,Guardería,150.0,Transferencia,EMP-03,traer vacunas,0
DD-001149,2023-03-03,C-077,Kira,Guardería,170.0,Efectivo,EMP-02,,1
DD-001475,2023-03-03,C-223,Sasha,Baño,290.0,Efectivo,EMP-02,,0
DD-001125,2023-03-03,C-064,Bella,Hotel,520.0,Tarjeta,EMP-02,,1
DD-001661,2023-03-03,C-308,Nina,Corte,490.0,Efectivo,EMP-02,descuento aplicado,0
DD-001500,2023-03-03,C-235,Blanca,Guardería,190.0,Efectivo,EMP-02,perro agresivo,0
DD-001234,2023-03-03,C-117,Daisy,Corte,400.0,Efectivo,EMP-05,requiere cita previa,0
DD-001036,2023-03-03,C-019,Canela,Baño,430.0,Efectivo,EMP-03,pago pendiente,1
DD-001678,2023-03-04,C-320,Negro,Guardería,230.0,Tarjeta,EMP-03,,0
DD-001652,2023-03-04,C-304,Buddy,Guardería,240.0,Transferencia,EMP-04,primera visita,0
DD-001415,2023-03-04,C-194,Nina,Corte,480.0,Tarjeta,EMP-02,pago pendiente,0
DD-001629,2023-03-04,C-296,Duke,Guardería,200.0,Efectivo,EMP-08,,0
DD-001179,2023-03-04,C-095,Nala,Hotel,440.0,Tarjeta,EMP-04,,0
DD-001433,2023-03-04,C-203,Princesa,Guardería,200.0,Efectivo,EMP-03,,0
DD-001175,2023-03-04,C-092,Rocky,Guardería,240.0,Efectivo,EMP-08,,0
DD-001162,2023-03-04,C-085,Beto,Guardería,190.0,Efectivo,EMP-05,,0
DD-001671,2023-03-04,C-313,Nala,Baño,280.0,Tarjeta,EMP-05,,0
DD-001466,2023-03-04,C-219,Nina,Hotel,410.0,Efectivo,EMP-03,primera visita,0
DD-001259,2023-03-04,C-126,Manchas,Baño,390.0,Tarjeta,EMP-05,traer vacunas,0
DD-001103,2023-03-04,C-055,Bear,Guardería,220.0,Efectivo,EMP-08,,1
DD-001395,2023-03-04,C-183,Sammy,Guardería,180.0,Transferencia,EMP-02,descuento aplicado,0
DD-001007,2023-03-04,C-003,Bella,Guardería,200.0,Efectivo,EMP-06,,1
DD-001367,2023-03-04,C-171,Bear,Baño,230.0,Tarjeta,EMP-07,descuento aplicado,0
DD-001087,2023-03-04,C-046,Chato,Guardería,160.0,Transferencia,EMP-06,,1
DD-001058,2023-03-04,C-029,Gus,Guardería,200.0,Tarjeta,EMP-03,perro agresivo,1
DD-001626,2023-03-04,C-296,Duke,Guardería,150.0,Tarjeta,EMP-02,cliente VIP,0
DD-001350,2023-03-04,C-163,Rocky,Guardería,220.0,Tarjeta,EMP-08,,0
DD-001282,2023-03-04,C-137,Sasha,Guardería,160.0,Efectivo,EMP-06,perro agresivo,0
DD-001355,2023-03-04,C-166,Boby,Baño,200.0,Transferencia,EMP-08,,0
DD-001588,2023-03-04,C-277,Panda,Hotel,470.0,Efectivo,EMP-04,pago pendiente,0
DD-001221,2023-03-04,C-112,Princesa,Guardería,210.0,Efectivo,EMP-05,perro agresivo,0
DD-001321,2023-03-05,C-152,Rex,Baño,260.0,Efectivo,EMP-06,,0
DD-001320,2023-03-05,C-152,Rex,Baño,230.0,Tarjeta,EMP-08,,0
DD-001286,2023-03-05,C-138,Bear,Baño,260.0,Tarjeta,EMP-04,,0
DD-001160,2023-03-05,C-084,Pancho,Guardería,170.0,Transferencia,EMP-02,cliente frecuente,0
DD-001204,2023-03-05,C-103,Panda,Adiestramiento,690.0,Efectivo,EMP-06,traer vacunas,0
DD-001069,2023-03-05,C-034,Gus,Guardería,220.0,Transferencia,EMP-05,perro agresivo,1
DD-001222,2023-03-05,C-112,Princesa,Corte,490.0,Efectivo,EMP-05,,0
DD-001470,2023-03-05,C-221,Beto,Guardería,180.0,Tarjeta,EMP-04,,0
DD-001059,2023-03-05,C-030,Bear,Guardería,160.0,Tarjeta,EMP-04,,1
DD-001311,2023-03-05,C-149,Toby,Guardería,160.0,Tarjeta,EMP-07,,0
DD-001316,2023-03-05,C-151,Rocky,Guardería,180.0,Efectivo,EMP-02,,0
DD-001302,2023-03-05,C-144,Rex,Guardería,200.0,Efectivo,EMP-03,,0
DD-001134,2023-03-05,C-068,Lola,Guardería,190.0,Tarjeta,EMP-06,descuento aplicado,1
DD-001368,2023-03-05,C-171,Bear,Baño,390.0,Transferencia,EMP-01,,0
DD-001424,2023-03-05,C-198,Chato,Guardería,160.0,Tarjeta,EMP-04,,0
DD-001340,2023-03-05,C-160,Boby,Adiestramiento,740.0,Efectivo,EMP-03,requiere cita previa,0
DD-001394,2023-03-05,C-182,Negro,Guardería,150.0,Tarjeta,EMP-02,,0
DD-001400,2023-03-05,C-185,Toby,Guardería,170.0,Efectivo,EMP-07,propina incluida,0
DD-001029,2023-03-05,C-016,Max,Guardería,150.0,Transferencia,EMP-08,propina incluida,1
DD-001328,2023-03-05,C-154,Nena,Guardería,200.0,Efectivo,EMP-03,,0
DD-001333,2023-03-05,C-155,Nala,Corte,420.0,Efectivo,EMP-03,,0
DD-001240,2023-03-05,C-118,Bonita,Baño,430.0,Efectivo,EMP-08,,0
DD-001095,2023-03-05,C-051,Simba,Baño,280.0,Efectivo,EMP-04,,1
DD-001264,2023-03-05,C-129,Tigrillo,Baño,260.0,Tarjeta,EMP-03,,0
DD-001484,2023-03-06,C-230,Chico,Guardería,240.0,Transferencia,EMP-02,requiere cita previa,0
DD-001032,2023-03-06,C-016,Max,Baño,320.0,Tarjeta,EMP-03,primera visita,1
DD-001247,2023-03-06,C-121,Duke,Guardería,180.0,Transferencia,EMP-03,alérgico a champú,0
DD-001027,2023-03-06,C-014,Nena,Baño,290.0,Tarjeta,EMP-04,,1
DD-001654,2023-03-06,C-306,Pepa,Corte,420.0,Efectivo,EMP-05,,0
DD-001420,2023-03-06,C-195,Rocky,Adiestramiento,760.0,Tarjeta,EMP-06,,0
DD-001337,2023-03-06,C-159,Sultan,Baño,320.0,Tarjeta,EMP-08,cliente VIP,0
DD-001460,2023-03-06,C-217,Sultan,Baño,240.0,Transferencia,EMP-07,descuento aplicado,0
DD-001360,2023-03-06,C-168,Charlie,Baño,350.0,Efectivo,EMP-04,,0
DD-001429,2023-03-06,C-200,Paloma,Corte,400.0,Efectivo,EMP-01,pago pendiente,0
DD-001206,2023-03-06,C-104,Rosa,Guardería,190.0,Efectivo,EMP-08,propina incluida,0
DD-001002,2023-03-06,C-001,Lobo,Hotel,480.0,Tarjeta,EMP-07,traer vacunas,1
DD-001146,2023-03-06,C-077,Kira,Baño,310.0,Transferencia,EMP-07,,1
DD-001053,2023-03-06,C-028,Princesa,Guardería,250.0,Efectivo,EMP-06,pago pendiente,1
DD-001106,2023-03-06,C-056,Bonita,Guardería,160.0,Efectivo,EMP-02,,1
DD-001514,2023-03-06,C-243,Maya,Guardería,220.0,Tarjeta,EMP-05,cliente frecuente,0
DD-001293,2023-03-06,C-140,Chispa,Guardería,220.0,Efectivo,EMP-05,traer vacunas,0
DD-001560,2023-03-06,C-263,Nena,Guardería,190.0,Efectivo,EMP-07,,0
DD-001611,2023-03-06,C-289,Kira,Guardería,170.0,Efectivo,EMP-02,,0
DD-001085,2023-03-06,C-046,Chato,Guardería,220.0,Efectivo,EMP-01,requiere cita previa,1
DD-001298,2023-03-06,C-141,Maya,Adiestramiento,790.0,Efectivo,EMP-03,cliente VIP,0
DD-001534,2023-03-06,C-251,Blanca,Corte,370.0,Efectivo,EMP-08,,0
DD-001269,2023-03-06,C-132,Blanca,Corte,280.0,Tarjeta,EMP-03,traer vacunas,0
DD-001568,2023-03-07,C-269,Maya,Guardería,240.0,Tarjeta,EMP-05,propina incluida,0
DD-001414,2023-03-07,C-194,Nina,Hotel,480.0,Efectivo,EMP-07,cliente VIP,0
DD-001618,2023-03-07,C-292,Chico,Guardería,150.0,Tarjeta,EMP-07,propina incluida,0
DD-001037,2023-03-07,C-019,Canela,Baño,400.0,Tarjeta,EMP-02,cliente VIP,1
DD-001253,2023-03-07,C-122,Pepa,Guardería,200.0,Efectivo,EMP-03,requiere cita previa,0
DD-001620,2023-03-07,C-293,Blanca,Corte,330.0,Efectivo,EMP-02,,0
DD-001064,2023-03-07,C-031,Ringo,Guardería,150.0,Tarjeta,EMP-08,,1
DD-001113,2023-03-07,C-058,Gordo,Baño,230.0,Efectivo,EMP-01,alérgico a champú,1
DD-001048,2023-03-07,C-024,Sultan,Corte,320.0,Efectivo,EMP-05,,1
DD-001273,2023-03-07,C-134,Luna,Guardería,210.0,Efectivo,EMP-01,requiere cita previa,0
DD-001532,2023-03-07,C-250,Pepa,Guardería,220.0,Efectivo,EMP-02,perro agresivo,0
DD-001449,2023-03-07,C-211,Lobo,Baño,420.0,Efectivo,EMP-01,,0
DD-001158,2023-03-07,C-084,Pancho,Adiestramiento,740.0,Transferencia,EMP-06,traer vacunas,0
DD-001576,2023-03-07,C-271,Pancho,Corte,430.0,Transferencia,EMP-03,cliente VIP,0
DD-001462,2023-03-07,C-217,Sultan,Hotel,410.0,Tarjeta,EMP-06,cliente frecuente,0
DD-001384,2023-03-07,C-178,Coco,Baño,290.0,Transferencia,EMP-05,,0
DD-001590,2023-03-07,C-277,Panda,Adiestramiento,730.0,Tarjeta,EMP-03,,0
DD-001587,2023-03-07,C-276,Charlie,Guardería,220.0,Efectivo,EMP-01,,0
DD-001130,2023-03-07,C-067,Bonita,Guardería,240.0,Tarjeta,EMP-05,traer vacunas,1
DD-001341,2023-03-07,C-160,Boby,Guardería,220.0,Tarjeta,EMP-01,pago pendiente,0
DD-001126,2023-03-07,C-064,Bella,Guardería,180.0,Efectivo,EMP-03,,1
DD-001258,2023-03-07,C-126,Manchas,Guardería,170.0,Tarjeta,EMP-06,requiere cita previa,0
DD-001308,2023-03-07,C-147,Rex,Guardería,220.0,Tarjeta,EMP-04,,0
DD-001121,2023-03-07,C-062,Zeus,Corte,480.0,Efectivo,EMP-01,propina incluida,1
DD-001469,2023-03-07,C-220,Sammy,Baño,400.0,Efectivo,EMP-07,requiere cita previa,0
DD-001362,2023-03-07,C-169,Gordo,Guardería,240.0,Efectivo,EMP-04,propina incluida,0
DD-001068,2023-03-07,C-034,Gus,Guardería,160.0,Efectivo,EMP-02,descuento aplicado,1
DD-001025,2023-03-07,C-014,Nena,Baño,340.0,Transferencia,EMP-07,,1
DD-001570,2023-03-08,C-269,Maya,Guardería,230.0,Tarjeta,EMP-03,pago pendiente,0
DD-001186,2023-03-08,C-097,Bella,Guardería,180.0,Efectivo,EMP-02,,0
DD-001417,2023-03-08,C-194,Nina,Baño,370.0,Efectivo,EMP-05,propina incluida,0
DD-001614,2023-03-08,C-290,Lola,Baño,390.0,Efectivo,EMP-07,traer vacunas,0
DD-001194,2023-03-08,C-100,Rosa,Guardería,170.0,Transferencia,EMP-02,alérgico a champú,0
DD-001006,2023-03-08,C-003,Bella,Hotel,550.0,Efectivo,EMP-01,pago pendiente,1
DD-001297,2023-03-08,C-141,Maya,Corte,280.0,Tarjeta,EMP-05,,0
DD-001457,2023-03-08,C-214,Gordo,Guardería,200.0,Tarjeta,EMP-01,,0
DD-001518,2023-03-08,C-244,Coco,Guardería,200.0,Efectivo,EMP-03,primera visita,0
DD-001018,2023-03-08,C-009,Rosa,Baño,410.0,Efectivo,EMP-01,propina incluida,1
DD-001354,2023-03-08,C-166,Boby,Adiestramiento,700.0,Efectivo,EMP-06,perro agresivo,0
DD-001003,2023-03-08,C-001,Lobo,Guardería,150.0,Efectivo,EMP-08,propina incluida,1
DD-001672,2023-03-08,C-315,Zeus,Corte,270.0,Efectivo,EMP-07,requiere cita previa,0
DD-001622,2023-03-08,C-294,Rex,Hotel,370.0,Tarjeta,EMP-04,,0
DD-001151,2023-03-08,C-078,Kira,Guardería,160.0,Efectivo,EMP-05,cliente frecuente,1
DD-001344,2023-03-08,C-160,Boby,Guardería,250.0,Efectivo,EMP-06,cliente frecuente,0
DD-001024,2023-03-08,C-013,Coco,Baño,260.0,Efectivo,EMP-07,,1
DD-001440,2023-03-08,C-205,Pepa,Adiestramiento,780.0,Efectivo,EMP-07,,0
DD-001631,2023-03-08,C-297,Sasha,Guardería,170.0,Transferencia,EMP-06,,0
DD-001442,2023-03-08,C-205,Pepa,Adiestramiento,600.0,Tarjeta,EMP-01,propina incluida,0
DD-001335,2023-03-09,C-157,Thor,Corte,260.0,Efectivo,EMP-05,,0
DD-001138,2023-03-09,C-070,Buddy,Guardería,180.0,Tarjeta,EMP-02,,1
DD-001135,2023-03-09,C-068,Lola,Baño,280.0,Efectivo,EMP-06,,1
DD-001477,2023-03-09,C-225,Simba,Guardería,190.0,Tarjeta,EMP-08,,0
DD-001397,2023-03-09,C-184,Mia,Baño,440.0,Tarjeta,EMP-06,,0
DD-001281,2023-03-09,C-137,Sasha,Guardería,170.0,Efectivo,EMP-04,cliente frecuente,0
DD-001109,2023-03-09,C-057,Bella,Adiestramiento,510.0,Transferencia,EMP-05,,1
DD-001228,2023-03-09,C-113,Lola,Corte,380.0,Transferencia,EMP-06,primera visita,0
DD-001648,2023-03-09,C-302,Fifi,Guardería,220.0,Efectivo,EMP-02,,0
DD-001408,2023-03-09,C-188,Chico,Corte,480.0,Tarjeta,EMP-06,propina incluida,0
DD-001319,2023-03-09,C-151,Rocky,Guardería,160.0,Transferencia,EMP-04,traer vacunas,0
DD-001008,2023-03-09,C-003,Bella,Hotel,570.0,Tarjeta,EMP-01,perro agresivo,1
DD-001490,2023-03-09,C-232,Thor,Hotel,490.0,Efectivo,EMP-03,propina incluida,0
DD-001509,2023-03-09,C-241,Canela,Guardería,190.0,Efectivo,EMP-01,propina incluida,0
DD-001237,2023-03-09,C-117,Daisy,Hotel,380.0,Efectivo,EMP-01,,0
DD-001061,2023-03-10,C-030,Bear,Guardería,200.0,Efectivo,EMP-08,propina incluida,1
DD-001225,2023-03-10,C-113,Lola,Baño,250.0,Transferencia,EMP-06,,0
DD-001239,2023-03-10,C-117,Daisy,Corte,450.0,Efectivo,EMP-05,propina incluida,0
DD-001057,2023-03-10,C-029,Gus,Guardería,160.0,Efectivo,EMP-05,propina incluida,1
DD-001066,2023-03-10,C-033,Max,Adiestramiento,700.0,Tarjeta,EMP-05,traer vacunas,1
DD-001358,2023-03-10,C-168,Charlie,Baño,260.0,Tarjeta,EMP-06,,0
DD-001491,2023-03-10,C-232,Thor,Baño,230.0,Transferencia,EMP-04,,0
DD-001536,2023-03-10,C-251,Blanca,Guardería,230.0,Tarjeta,EMP-03,,0
DD-001492,2023-03-10,C-232,Thor,Guardería,220.0,Tarjeta,EMP-06,cliente frecuente,0
DD-001485,2023-03-10,C-230,Chico,Baño,390.0,Efectivo,EMP-06,,0
DD-001482,2023-03-10,C-229,Bella,Guardería,180.0,Efectivo,EMP-08,,0
DD-001265,2023-03-10,C-130,Gordo,Baño,280.0,Efectivo,EMP-02,cliente frecuente,0
DD-001313,2023-03-10,C-150,Duke,Guardería,170.0,Tarjeta,EMP-06,requiere cita previa,0
DD-001511,2023-03-10,C-242,Sammy,Adiestramiento,560.0,Tarjeta,EMP-01,,0
DD-001042,2023-03-10,C-022,Sammy,Hotel,460.0,Tarjeta,EMP-03,,1
DD-001524,2023-03-10,C-246,Luna,Corte,280.0,Tarjeta,EMP-04,,0
DD-001254,2023-03-10,C-123,Ringo,Hotel,350.0,Efectivo,EMP-04,perro agresivo,0
DD-001597,2023-03-10,C-281,Bear,Adiestramiento,680.0,Efectivo,EMP-04,pago pendiente,0
DD-001551,2023-03-10,C-257,Canela,Baño,200.0,Tarjeta,EMP-08,requiere cita previa,0
DD-001425,2023-03-10,C-198,Chato,Baño,240.0,Transferencia,EMP-04,traer vacunas,0
DD-001550,2023-03-10,C-257,Canela,Guardería,170.0,Transferencia,EMP-08,cliente frecuente,0
DD-001404,2023-03-10,C-186,Frida,Guardería,180.0,Transferencia,EMP-07,requiere cita previa,0
DD-001198,2023-03-10,C-100,Rosa,Hotel,500.0,Efectivo,EMP-08,propina incluida,0
DD-001581,2023-03-10,C-273,Nena,Adiestramiento,500.0,Tarjeta,EMP-06,requiere cita previa,0
DD-001634,2023-03-10,C-297,Sasha,Guardería,220.0,Efectivo,EMP-05,,0
DD-001398,2023-03-10,C-185,Toby,Corte,270.0,Transferencia,EMP-05,,0
DD-001249,2023-03-11,C-122,Pepa,Baño,370.0,Efectivo,EMP-08,traer vacunas,0
DD-001301,2023-03-11,C-144,Rex,Hotel,470.0,Transferencia,EMP-07,requiere cita previa,0
DD-001305,2023-03-11,C-146,Ringo,Guardería,240.0,Efectivo,EMP-01,traer vacunas,0
DD-001034,2023-03-11,C-019,Canela,Guardería,180.0,Tarjeta,EMP-05,,1
DD-001278,2023-03-11,C-136,Simba,Corte,450.0,Efectivo,EMP-06,,0
DD-001439,2023-03-11,C-204,Nala,Corte,410.0,Tarjeta,EMP-04,primera visita,0
DD-001287,2023-03-11,C-139,Panda,Corte,370.0,Tarjeta,EMP-04,descuento aplicado,0
DD-001123,2023-03-11,C-062,Zeus,Guardería,220.0,Tarjeta,EMP-03,traer vacunas,1
DD-001510,2023-03-11,C-241,Canela,Guardería,200.0,Transferencia,EMP-02,requiere cita previa,0
DD-001526,2023-03-11,C-247,Rosa,Hotel,570.0,Tarjeta,EMP-05,perro agresivo,0
DD-001461,2023-03-11,C-217,Sultan,Guardería,220.0,Tarjeta,EMP-01,primera visita,0
DD-001458,2023-03-11,C-214,Gordo,Baño,330.0,Efectivo,EMP-05,alérgico a champú,0
DD-001009,2023-03-11,C-004,Paloma,Guardería,180.0,Efectivo,EMP-08,propina incluida,1
DD-001183,2023-03-11,C-096,Chato,Baño,360.0,Efectivo,EMP-05,perro agresivo,0
DD-001586,2023-03-11,C-275,Lobo,Adiestramiento,680.0,Tarjeta,EMP-04,,0
DD-001047,2023-03-11,C-024,Sultan,Guardería,230.0,Tarjeta,EMP-07,perro agresivo,1
DD-001383,2023-03-11,C-178,Coco,Corte,410.0,Tarjeta,EMP-02,,0
DD-001372,2023-03-11,C-173,Charlie,Guardería,160.0,Efectivo,EMP-06,primera visita,0
DD-001216,2023-03-11,C-108,Sasha,Guardería,150.0,Transferencia,EMP-01,,0
DD-001196,2023-03-11,C-100,Rosa,Guardería,190.0,Tarjeta,EMP-02,cliente frecuente,0
DD-001632,2023-03-12,C-297,Sasha,Hotel,570.0,Transferencia,EMP-08,perro agresivo,0
DD-001127,2023-03-12,C-064,Bella,Baño,430.0,Tarjeta,EMP-07,primera visita,1
DD-001277,2023-03-12,C-136,Simba,Guardería,250.0,Efectivo,EMP-07,cliente VIP,0
DD-001074,2023-03-12,C-039,Tigrillo,Baño,360.0,Tarjeta,EMP-06,,1
DD-001011,2023-03-12,C-004,Paloma,Guardería,240.0,Efectivo,EMP-05,traer vacunas,1
DD-001272,2023-03-12,C-133,Gus,Guardería,170.0,Efectivo,EMP-01,pago pendiente,0
DD-001623,2023-03-12,C-294,Rex,Hotel,420.0,Efectivo,EMP-08,perro agresivo,0
DD-001056,2023-03-12,C-029,Gus,Guardería,180.0,Efectivo,EMP-06,pago pendiente,1
DD-001506,2023-03-12,C-239,Pancho,Baño,200.0,Transferencia,EMP-01,,0
DD-001088,2023-03-12,C-047,Gus,Guardería,180.0,Efectivo,EMP-01,,1
DD-001039,2023-03-12,C-021,Rocky,Baño,290.0,Tarjeta,EMP-07,pago pendiente,1
DD-001481,2023-03-12,C-228,Sasha,Adiestramiento,560.0,Efectivo,EMP-05,,0
DD-001315,2023-03-12,C-150,Duke,Guardería,240.0,Efectivo,EMP-05,,0
DD-001480,2023-03-12,C-227,Maya,Corte,370.0,Tarjeta,EMP-05,descuento aplicado,0
DD-001374,2023-03-12,C-174,Chispa,Baño,290.0,Tarjeta,EMP-06,traer vacunas,0
DD-001144,2023-03-12,C-076,Bear,Adiestramiento,740.0,Efectivo,EMP-03,,1
DD-001649,2023-03-12,C-302,Fifi,Guardería,190.0,Tarjeta,EMP-02,descuento aplicado,0
DD-001382,2023-03-12,C-177,Princesa,Baño,300.0,Transferencia,EMP-01,pago pendiente,0
DD-001386,2023-03-12,C-179,Nina,Corte,430.0,Efectivo,EMP-06,primera visita,0
DD-001345,2023-03-12,C-160,Boby,Guardería,160.0,Efectivo,EMP-03,perro agresivo,0
DD-001436,2023-03-12,C-204,Nala,Corte,480.0,Efectivo,EMP-07,primera visita,0
DD-001427,2023-03-12,C-199,Pepa,Corte,320.0,Transferencia,EMP-08,,0
DD-001489,2023-03-13,C-231,Fifi,Guardería,220.0,Efectivo,EMP-01,,0
DD-001288,2023-03-13,C-139,Panda,Guardería,250.0,Efectivo,EMP-03,primera visita,0
DD-001294,2023-03-13,C-140,Chispa,Guardería,210.0,Tarjeta,EMP-06,alérgico a champú,0
DD-001388,2023-03-13,C-179,Nina,Baño,310.0,Efectivo,EMP-08,primera visita,0
DD-001554,2023-03-13,C-259,Paloma,Adiestramiento,680.0,Efectivo,EMP-06,,0
DD-001299,2023-03-13,C-142,Estrella,Baño,300.0,Efectivo,EMP-01,pago pendiente,0
DD-001438,2023-03-13,C-204,Nala,Guardería,170.0,Tarjeta,EMP-06,cliente frecuente,0
DD-001444,2023-03-13,C-205,Pepa,Baño,220.0,Tarjeta,EMP-01,cliente VIP,0
DD-001004,2023-03-13,C-001,Lobo,Guardería,220.0,Transferencia,EMP-05,primera visita,1
DD-001507,2023-03-13,C-240,Mia,Guardería,200.0,Transferencia,EMP-08,perro agresivo,0
DD-001504,2023-03-13,C-239,Pancho,Baño,310.0,Efectivo,EMP-03,cliente frecuente,0
DD-001413,2023-03-13,C-192,Sammy,Corte,360.0,Efectivo,EMP-01,,0
DD-001348,2023-03-13,C-161,Chispa,Guardería,240.0,Efectivo,EMP-02,primera visita,0
DD-001055,2023-03-13,C-028,Princesa,Baño,440.0,Efectivo,EMP-04,,1
DD-001172,2023-03-13,C-088,Simba,Guardería,170.0,Efectivo,EMP-05,cliente VIP,0
DD-001232,2023-03-13,C-115,Charlie,Guardería,210.0,Efectivo,EMP-06,,0
DD-001257,2023-03-13,C-125,Tigrillo,Guardería,190.0,Tarjeta,EMP-08,propina incluida,0
DD-001062,2023-03-13,C-030,Bear,Baño,290.0,Efectivo,EMP-06,propina incluida,1
DD-001190,2023-03-13,C-098,Ringo,Hotel,590.0,Efectivo,EMP-03,,0
DD-001189,2023-03-13,C-098,Ringo,Guardería,250.0,Tarjeta,EMP-07,alérgico a champú,0
DD-001188,2023-03-13,C-098,Ringo,Hotel,520.0,Tarjeta,EMP-06,descuento aplicado,0
DD-001280,2023-03-13,C-137,Sasha,Corte,300.0,Efectivo,EMP-07,descuento aplicado,0
DD-001101,2023-03-13,C-053,Buddy,Guardería,170.0,Transferencia,EMP-08,primera visita,1
DD-001580,2023-03-14,C-273,Nena,Guardería,180.0,Tarjeta,EMP-07,propina incluida,0
DD-001645,2023-03-14,C-301,Gus,Adiestramiento,500.0,Tarjeta,EMP-02,,0
DD-001638,2023-03-14,C-299,Negro,Guardería,250.0,Transferencia,EMP-05,,0
DD-001220,2023-03-14,C-111,Thor,Guardería,180.0,Tarjeta,EMP-06,,0
DD-001559,2023-03-14,C-262,Charlie,Adiestramiento,660.0,Transferencia,EMP-04,,0
DD-001659,2023-03-14,C-307,Daisy,Guardería,190.0,Efectivo,EMP-02,propina incluida,0
DD-001323,2023-03-14,C-153,Chato,Guardería,210.0,Tarjeta,EMP-06,descuento aplicado,0
DD-001250,2023-03-14,C-122,Pepa,Hotel,410.0,Efectivo,EMP-05,pago pendiente,0
DD-001148,2023-03-14,C-077,Kira,Baño,410.0,Tarjeta,EMP-07,,1
DD-001616,2023-03-14,C-291,Blanca,Baño,330.0,Efectivo,EMP-08,,0
DD-001030,2023-03-14,C-016,Max,Baño,260.0,Tarjeta,EMP-03,primera visita,1
DD-001447,2023-03-14,C-206,Simba,Baño,250.0,Efectivo,EMP-06,propina incluida,0
DD-001574,2023-03-14,C-270,Luna,Baño,230.0,Efectivo,EMP-08,requiere cita previa,0
DD-001205,2023-03-14,C-104,Rosa,Baño,310.0,Tarjeta,EMP-04,requiere cita previa,0
DD-001499,2023-03-14,C-234,Toby,Adiestramiento,450.0,Tarjeta,EMP-05,cliente frecuente,0
DD-001401,2023-03-14,C-185,Toby,Corte,420.0,Tarjeta,EMP-02,descuento aplicado,0
DD-001450,2023-03-14,C-211,Lobo,Guardería,190.0,Tarjeta,EMP-04,primera visita,0
DD-001517,2023-03-14,C-244,Coco,Guardería,180.0,Tarjeta,EMP-06,,0
DD-001022,2023-03-14,C-012,Chispa,Baño,280.0,Tarjeta,EMP-08,perro agresivo,1
DD-001115,2023-03-14,C-059,Pepa,Baño,260.0,Efectivo,EMP-02,cliente frecuente,1
DD-001527,2023-03-14,C-248,Thor,Baño,370.0,Efectivo,EMP-03,,0
DD-001181,2023-03-14,C-096,Chato,Guardería,160.0,Tarjeta,EMP-04,pago pendiente,0
DD-001530,2023-03-14,C-249,Kira,Baño,320.0,Transferencia,EMP-02,,0
DD-001641,2023-03-14,C-300,Manchas,Baño,400.0,Efectivo,EMP-01,traer vacunas,0
DD-001443,2023-03-15,C-205,Pepa,Baño,440.0,Tarjeta,EMP-03,,0
DD-001077,2023-03-15,C-040,Manchas,Guardería,180.0,Transferencia,EMP-04,descuento aplicado,1
DD-001351,2023-03-15,C-163,Rocky,Baño,390.0,Tarjeta,EMP-04,requiere cita previa,0
DD-001136,2023-03-15,C-069,Paloma,Guardería,210.0,Efectivo,EMP-01,alérgico a champú,1
DD-001487,2023-03-15,C-231,Fifi,Corte,330.0,Transferencia,EMP-04,,0
DD-001200,2023-03-15,C-101,Fifi,Guardería,160.0,Efectivo,EMP-01,cliente frecuente,0
DD-001215,2023-03-15,C-107,Lobo,Corte,290.0,Tarjeta,EMP-08,,0
DD-001589,2023-03-15,C-277,Panda,Hotel,560.0,Tarjeta,EMP-08,requiere cita previa,0
DD-001426,2023-03-15,C-198,Chato,Hotel,360.0,Efectivo,EMP-06,,0
DD-001192,2023-03-15,C-099,Gordo,Guardería,200.0,Efectivo,EMP-02,propina incluida,0
DD-001406,2023-03-15,C-188,Chico,Guardería,240.0,Tarjeta,EMP-02,,0
DD-001445,2023-03-15,C-205,Pepa,Guardería,230.0,Efectivo,EMP-02,,0
DD-001594,2023-03-15,C-279,Coco,Guardería,200.0,Tarjeta,EMP-06,descuento aplicado,0
DD-001455,2023-03-15,C-212,Negro,Adiestramiento,590.0,Efectivo,EMP-05,propina incluida,0
DD-001079,2023-03-15,C-041,Tigrillo,Guardería,170.0,Transferencia,EMP-04,,1
DD-001157,2023-03-15,C-084,Pancho,Adiestramiento,770.0,Tarjeta,EMP-07,,0
DD-001647,2023-03-15,C-301,Gus,Guardería,250.0,Tarjeta,EMP-01,,0
DD-001014,2023-03-15,C-006,Thor,Guardería,250.0,Transferencia,EMP-07,,1
DD-001071,2023-03-15,C-036,Rex,Guardería,190.0,Transferencia,EMP-04,,1
DD-001073,2023-03-15,C-038,Buddy,Guardería,180.0,Tarjeta,EMP-04,,1
DD-001617,2023-03-15,C-292,Chico,Guardería,230.0,Efectivo,EMP-04,alérgico a champú,0
DD-001108,2023-03-15,C-056,Bonita,Baño,290.0,Tarjeta,EMP-05,propina incluida,1
DD-001453,2023-03-16,C-212,Negro,Corte,300.0,Tarjeta,EMP-02,,0
DD-001488,2023-03-16,C-231,Fifi,Guardería,150.0,Tarjeta,EMP-07,,0
DD-001369,2023-03-16,C-171,Bear,Hotel,370.0,Efectivo,EMP-01,descuento aplicado,0
DD-001635,2023-03-16,C-297,Sasha,Baño,300.0,Tarjeta,EMP-04,,0
DD-001248,2023-03-16,C-121,Duke,Hotel,580.0,Tarjeta,EMP-05,,0
DD-001167,2023-03-16,C-085,Beto,Guardería,170.0,Efectivo,EMP-07,alérgico a champú,0
DD-001633,2023-03-16,C-297,Sasha,Adiestramiento,540.0,Efectivo,EMP-02,,0
DD-001063,2023-03-17,C-030,Bear,Corte,280.0,Tarjeta,EMP-07,perro agresivo,1
DD-001116,2023-03-17,C-059,Pepa,Corte,440.0,Efectivo,EMP-07,alérgico a champú,1
DD-001476,2023-03-17,C-225,Simba,Baño,290.0,Efectivo,EMP-07,pago pendiente,0
DD-001375,2023-03-17,C-174,Chispa,Baño,360.0,Efectivo,EMP-03,alérgico a champú,0
DD-001391,2023-03-17,C-181,Nala,Guardería,230.0,Efectivo,EMP-02,,0
DD-001338,2023-03-17,C-159,Sultan,Corte,360.0,Efectivo,EMP-06,propina incluida,0
DD-001212,2023-03-17,C-106,Charlie,Guardería,230.0,Transferencia,EMP-08,traer vacunas,0
DD-001411,2023-03-17,C-189,Zeus,Baño,210.0,Tarjeta,EMP-08,alérgico a champú,0
DD-001468,2023-03-17,C-219,Nina,Baño,380.0,Efectivo,EMP-01,,0
DD-001224,2023-03-17,C-113,Lola,Baño,330.0,Transferencia,EMP-07,,0
DD-001171,2023-03-17,C-087,Sasha,Corte,360.0,Efectivo,EMP-08,pago pendiente,0
DD-001243,2023-03-17,C-119,Canela,Hotel,410.0,Tarjeta,EMP-02,pago pendiente,0
DD-001644,2023-03-17,C-301,Gus,Hotel,360.0,Tarjeta,EMP-01,propina incluida,0
DD-001235,2023-03-17,C-117,Daisy,Baño,280.0,Tarjeta,EMP-04,cliente VIP,0
DD-001096,2023-03-17,C-052,Estrella,Baño,380.0,Tarjeta,EMP-01,,1
DD-001010,2023-03-17,C-004,Paloma,Guardería,190.0,Efectivo,EMP-01,,1
DD-001675,2023-03-17,C-319,Princesa,Guardería,160.0,Efectivo,EMP-01,traer vacunas,0
DD-001304,2023-03-17,C-145,Lola,Guardería,160.0,Efectivo,EMP-08,primera visita,0
DD-001122,2023-03-17,C-062,Zeus,Guardería,150.0,Tarjeta,EMP-07,,1
DD-001521,2023-03-18,C-246,Luna,Adiestramiento,740.0,Efectivo,EMP-01,descuento aplicado,0
DD-001209,2023-03-18,C-105,Tito,Corte,370.0,Efectivo,EMP-04,,0
DD-001467,2023-03-18,C-219,Nina,Guardería,180.0,Transferencia,EMP-01,requiere cita previa,0
DD-001640,2023-03-18,C-300,Manchas,Hotel,360.0,Transferencia,EMP-07,cliente VIP,0
DD-001389,2023-03-18,C-180,Buddy,Hotel,490.0,Efectivo,EMP-02,,0
DD-001569,2023-03-18,C-269,Maya,Corte,270.0,Tarjeta,EMP-04,primera visita,0
DD-001392,2023-03-18,C-182,Negro,Baño,370.0,Efectivo,EMP-05,descuento aplicado,0
DD-001583,2023-03-18,C-273,Nena,Corte,460.0,Transferencia,EMP-05,requiere cita previa,0
DD-001396,2023-03-18,C-184,Mia,Guardería,220.0,Efectivo,EMP-07,cliente frecuente,0
DD-001537,2023-03-18,C-251,Blanca,Baño,340.0,Tarjeta,EMP-06,,0
DD-001266,2023-03-18,C-131,Sultan,Guardería,240.0,Transferencia,EMP-08,pago pendiente,0
DD-001089,2023-03-18,C-047,Gus,Guardería,220.0,Efectivo,EMP-06,,1
DD-001051,2023-03-18,C-026,Mia,Baño,270.0,Tarjeta,EMP-03,primera visita,1
DD-001166,2023-03-18,C-085,Beto,Guardería,200.0,Transferencia,EMP-01,cliente frecuente,0
DD-001642,2023-03-18,C-300,Manchas,Baño,410.0,Efectivo,EMP-06,propina incluida,0
DD-001026,2023-03-18,C-014,Nena,Baño,290.0,Transferencia,EMP-07,perro agresivo,1
DD-001223,2023-03-18,C-112,Princesa,Baño,290.0,Tarjeta,EMP-04,cliente frecuente,0
DD-001600,2023-03-18,C-283,Princesa,Baño,240.0,Tarjeta,EMP-05,traer vacunas,0
DD-001081,2023-03-18,C-043,Luna,Guardería,170.0,Tarjeta,EMP-06,,1
DD-001381,2023-03-18,C-177,Princesa,Guardería,250.0,Efectivo,EMP-02,perro agresivo,0
DD-001553,2023-03-18,C-259,Paloma,Guardería,230.0,Efectivo,EMP-08,,0
DD-001133,2023-03-18,C-067,Bonita,Guardería,250.0,Tarjeta,EMP-04,,1
DD-001229,2023-03-18,C-114,Rocky,Guardería,170.0,Transferencia,EMP-01,,0
DD-001119,2023-03-18,C-061,Toby,Guardería,220.0,Efectivo,EMP-01,pago pendiente,1
DD-001609,2023-03-18,C-287,Maya,Hotel,410.0,Efectivo,EMP-04,alérgico a champú,0
DD-001677,2023-03-18,C-319,Princesa,Corte,260.0,Tarjeta,EMP-02,alérgico a champú,0
DD-001242,2023-03-18,C-118,Bonita,Guardería,170.0,Transferencia,EMP-08,descuento aplicado,0
DD-001131,2023-03-18,C-067,Bonita,Guardería,150.0,Tarjeta,EMP-05,,1
DD-001005,2023-03-19,C-003,Bella,Baño,220.0,Tarjeta,EMP-01,,1
DD-001579,2023-03-19,C-272,Boby,Baño,320.0,Tarjeta,EMP-08,requiere cita previa,0
DD-001437,2023-03-19,C-204,Nala,Adiestramiento,680.0,Efectivo,EMP-03,,0
DD-001292,2023-03-19,C-140,Chispa,Corte,470.0,Transferencia,EMP-05,,0
DD-001603,2023-03-19,C-283,Princesa,Corte,450.0,Efectivo,EMP-04,primera visita,0
DD-001013,2023-03-19,C-006,Thor,Baño,280.0,Tarjeta,EMP-04,pago pendiente,1
DD-001303,2023-03-19,C-144,Rex,Guardería,180.0,Tarjeta,EMP-07,,0
DD-001291,2023-03-19,C-140,Chispa,Baño,390.0,Tarjeta,EMP-06,,0
DD-001528,2023-03-19,C-248,Thor,Guardería,170.0,Tarjeta,EMP-05,primera visita,0
DD-001592,2023-03-19,C-279,Coco,Baño,380.0,Tarjeta,EMP-02,,0
DD-001585,2023-03-19,C-274,Nena,Guardería,180.0,Tarjeta,EMP-02,cliente VIP,0
DD-001387,2023-03-19,C-179,Nina,Adiestramiento,780.0,Tarjeta,EMP-07,,0
DD-001255,2023-03-19,C-123,Ringo,Baño,320.0,Tarjeta,EMP-05,,0
DD-001399,2023-03-19,C-185,Toby,Adiestramiento,560.0,Transferencia,EMP-04,alérgico a champú,0
DD-001201,2023-03-19,C-102,Chispa,Baño,410.0,Efectivo,EMP-05,cliente VIP,0
DD-001285,2023-03-19,C-138,Bear,Guardería,210.0,Efectivo,EMP-08,,0
DD-001639,2023-03-19,C-299,Negro,Guardería,200.0,Tarjeta,EMP-02,,0
DD-001423,2023-03-20,C-196,Nina,Guardería,210.0,Tarjeta,EMP-02,,0
DD-001174,2023-03-20,C-091,Kira,Corte,470.0,Efectivo,EMP-08,descuento aplicado,0
DD-001571,2023-03-20,C-270,Luna,Baño,310.0,Tarjeta,EMP-05,,0
DD-001244,2023-03-20,C-119,Canela,Baño,380.0,Efectivo,EMP-08,cliente frecuente,0
DD-001495,2023-03-20,C-233,Manchas,Hotel,430.0,Efectivo,EMP-06,,0
DD-001561,2023-03-20,C-263,Nena,Corte,340.0,Efectivo,EMP-05,alérgico a champú,0
DD-001610,2023-03-20,C-288,Boby,Baño,220.0,Tarjeta,EMP-01,descuento aplicado,0
DD-001595,2023-03-20,C-279,Coco,Guardería,230.0,Tarjeta,EMP-01,perro agresivo,0
DD-001246,2023-03-20,C-121,Duke,Guardería,180.0,Efectivo,EMP-08,cliente frecuente,0
DD-001674,2023-03-20,C-318,Negro,Guardería,240.0,Transferencia,EMP-01,pago pendiente,0
DD-001019,2023-03-20,C-010,Maya,Adiestramiento,620.0,Tarjeta,EMP-05,cliente VIP,1
DD-001456,2023-03-20,C-213,Pancho,Hotel,470.0,Efectivo,EMP-04,cliente VIP,0
DD-001314,2023-03-20,C-150,Duke,Guardería,250.0,Tarjeta,EMP-04,requiere cita previa,0
DD-001191,2023-03-20,C-099,Gordo,Hotel,580.0,Tarjeta,EMP-06,requiere cita previa,0
DD-001512,2023-03-20,C-243,Maya,Guardería,220.0,Tarjeta,EMP-04,descuento aplicado,0
DD-001361,2023-03-20,C-168,Charlie,Guardería,150.0,Tarjeta,EMP-03,,0
DD-001679,2023-03-20,C-320,Negro,Baño,430.0,Tarjeta,EMP-02,propina incluida,0
DD-001479,2023-03-20,C-226,Chispa,Guardería,190.0,Efectivo,EMP-08,pago pendiente,0
DD-001021,2023-03-21,C-011,Daisy,Adiestramiento,630.0,Efectivo,EMP-07,,1
DD-001446,2023-03-21,C-206,Simba,Corte,430.0,Tarjeta,EMP-02,,0
DD-001114,2023-03-21,C-059,Pepa,Baño,320.0,Tarjeta,EMP-01,,1
DD-001046,2023-03-21,C-024,Sultan,Guardería,230.0,Transferencia,EMP-02,,1
DD-001516,2023-03-21,C-244,Coco,Guardería,160.0,Tarjeta,EMP-03,,0
DD-001142,2023-03-21,C-075,Chato,Guardería,190.0,Efectivo,EMP-03,,1
DD-001650,2023-03-21,C-302,Fifi,Guardería,240.0,Efectivo,EMP-03,alérgico a champú,0
DD-001612,2023-03-21,C-290,Lola,Guardería,160.0,Tarjeta,EMP-03,cliente frecuente,0
DD-001083,2023-03-21,C-044,Tigrillo,Baño,380.0,Tarjeta,EMP-01,,1
DD-001329,2023-03-21,C-154,Nena,Guardería,190.0,Tarjeta,EMP-01,,0
DD-001251,2023-03-21,C-122,Pepa,Guardería,240.0,Tarjeta,EMP-02,,0
DD-001660,2023-03-21,C-308,Nina,Adiestramiento,600.0,Efectivo,EMP-03,perro agresivo,0
DD-001601,2023-03-21,C-283,Princesa,Hotel,580.0,Efectivo,EMP-08,requiere cita previa,0
DD-001267,2023-03-21,C-132,Blanca,Baño,350.0,Efectivo,EMP-08,pago pendiente,0
DD-001657,2023-03-21,C-306,Pepa,Corte,480.0,Efectivo,EMP-07,,0
DD-001422,2023-03-21,C-196,Nina,Baño,280.0,Tarjeta,EMP-01,,0
DD-001349,2023-03-21,C-163,Rocky,Guardería,210.0,Efectivo,EMP-07,requiere cita previa,0
DD-001577,2023-03-21,C-271,Pancho,Baño,230.0,Transferencia,EMP-07,,0
DD-001049,2023-03-21,C-025,Lola,Hotel,450.0,Tarjeta,EMP-06,,1
DD-001178,2023-03-21,C-094,Bear,Adiestramiento,500.0,Tarjeta,EMP-08,,0
DD-001300,2023-03-21,C-142,Estrella,Baño,240.0,Efectivo,EMP-07,,0
DD-001279,2023-03-21,C-136,Simba,Baño,240.0,Tarjeta,EMP-06,,0
DD-001365,2023-03-21,C-170,Frida,Guardería,240.0,Efectivo,EMP-08,,0
DD-001332,2023-03-21,C-155,Nala,Baño,360.0,Efectivo,EMP-02,,0
DD-001357,2023-03-22,C-168,Charlie,Corte,450.0,Transferencia,EMP-05,descuento aplicado,0
DD-001139,2023-03-22,C-071,Daisy,Baño,230.0,Tarjeta,EMP-06,pago pendiente,1
DD-001140,2023-03-22,C-072,Chico,Guardería,220.0,Efectivo,EMP-08,descuento aplicado,1
DD-001143,2023-03-22,C-075,Chato,Baño,320.0,Efectivo,EMP-08,propina incluida,1
DD-001137,2023-03-22,C-070,Buddy,Corte,460.0,Tarjeta,EMP-01,,1
DD-001572,2023-03-22,C-270,Luna,Baño,210.0,Efectivo,EMP-03,,0
DD-001170,2023-03-22,C-087,Sasha,Baño,340.0,Tarjeta,EMP-08,perro agresivo,0
DD-001132,2023-03-22,C-067,Bonita,Corte,360.0,Tarjeta,EMP-08,primera visita,1
DD-001643,2023-03-22,C-300,Manchas,Guardería,200.0,Efectivo,EMP-07,requiere cita previa,0
DD-001214,2023-03-22,C-107,Lobo,Hotel,440.0,Efectivo,EMP-01,,0
DD-001040,2023-03-22,C-021,Rocky,Corte,260.0,Transferencia,EMP-04,,1
DD-001543,2023-03-22,C-253,Luna,Baño,300.0,Tarjeta,EMP-05,perro agresivo,0
DD-001306,2023-03-22,C-146,Ringo,Guardería,170.0,Tarjeta,EMP-03,requiere cita previa,0
DD-001295,2023-03-22,C-140,Chispa,Guardería,190.0,Efectivo,EMP-02,primera visita,0
DD-001352,2023-03-22,C-164,Gus,Guardería,200.0,Tarjeta,EMP-03,descuento aplicado,0
DD-001098,2023-03-22,C-052,Estrella,Guardería,230.0,Efectivo,EMP-07,,1
DD-001226,2023-03-22,C-113,Lola,Guardería,190.0,Efectivo,EMP-06,descuento aplicado,0
DD-001471,2023-03-22,C-221,Beto,Guardería,210.0,Tarjeta,EMP-07,perro agresivo,0
DD-001373,2023-03-22,C-174,Chispa,Guardería,240.0,Tarjeta,EMP-05,propina incluida,0
DD-001668,2023-03-22,C-313,Nala,Baño,250.0,Tarjeta,EMP-08,traer vacunas,0
DD-001193,2023-03-22,C-099,Gordo,Guardería,210.0,Efectivo,EMP-06,primera visita,0
DD-001566,2023-03-22,C-267,Daisy,Corte,270.0,Transferencia,EMP-05,,0
DD-001653,2023-03-22,C-305,Paloma,Corte,440.0,Tarjeta,EMP-06,,0
DD-001090,2023-03-22,C-047,Gus,Guardería,200.0,Transferencia,EMP-03,,1
DD-001419,2023-03-22,C-195,Rocky,Corte,270.0,Tarjeta,EMP-01,,0
DD-001152,2023-03-22,C-079,Charlie,Adiestramiento,400.0,Efectivo,EMP-04,,1
DD-001155,2023-03-22,C-080,Luna,Baño,320.0,Tarjeta,EMP-02,alérgico a champú,1
DD-001210,2023-03-22,C-106,Charlie,Guardería,170.0,Efectivo,EMP-03,primera visita,0
DD-001434,2023-03-22,C-204,Nala,Baño,200.0,Efectivo,EMP-06,,0
DD-001213,2023-03-22,C-107,Lobo,Corte,490.0,Tarjeta,EMP-01,descuento aplicado,0
DD-001268,2023-03-23,C-132,Blanca,Corte,310.0,Tarjeta,EMP-06,,0
DD-001128,2023-03-23,C-065,Buddy,Baño,420.0,Tarjeta,EMP-06,traer vacunas,1
DD-001531,2023-03-23,C-250,Pepa,Corte,440.0,Efectivo,EMP-05,primera visita,0
DD-001124,2023-03-23,C-062,Zeus,Guardería,180.0,Tarjeta,EMP-08,descuento aplicado,1
DD-001508,2023-03-23,C-240,Mia,Guardería,220.0,Tarjeta,EMP-04,,0
DD-001176,2023-03-23,C-094,Bear,Hotel,400.0,Tarjeta,EMP-02,requiere cita previa,0
DD-001260,2023-03-23,C-127,Beto,Baño,370.0,Efectivo,EMP-03,requiere cita previa,0
DD-001523,2023-03-23,C-246,Luna,Hotel,520.0,Tarjeta,EMP-03,primera visita,0
DD-001165,2023-03-23,C-085,Beto,Adiestramiento,750.0,Tarjeta,EMP-05,perro agresivo,0
DD-001309,2023-03-23,C-147,Rex,Guardería,250.0,Efectivo,EMP-07,requiere cita previa,0
DD-001274,2023-03-23,C-134,Luna,Guardería,190.0,Tarjeta,EMP-07,requiere cita previa,0
DD-001104,2023-03-23,C-055,Bear,Guardería,220.0,Efectivo,EMP-03,primera visita,1
DD-001270,2023-03-23,C-132,Blanca,Corte,280.0,Efectivo,EMP-02,,0
DD-001276,2023-03-23,C-136,Simba,Guardería,250.0,Efectivo,EMP-03,alérgico a champú,0
DD-001502,2023-03-23,C-237,Tito,Corte,420.0,Efectivo,EMP-03,primera visita,0
DD-001676,2023-03-23,C-319,Princesa,Baño,310.0,Efectivo,EMP-06,,0
DD-001353,2023-03-23,C-164,Gus,Guardería,200.0,Transferencia,EMP-06,pago pendiente,0
DD-001147,2023-03-23,C-077,Kira,Guardería,240.0,Transferencia,EMP-03,,1
DD-001217,2023-03-23,C-108,Sasha,Guardería,230.0,Tarjeta,EMP-06,,0
DD-001082,2023-03-23,C-043,Luna,Corte,440.0,Tarjeta,EMP-05,,1
DD-001664,2023-03-23,C-310,Paloma,Guardería,150.0,Tarjeta,EMP-06,perro agresivo,0
DD-001363,2023-03-23,C-169,Gordo,Corte,430.0,Efectivo,EMP-02,cliente VIP,0
DD-001339,2023-03-23,C-159,Sultan,Guardería,200.0,Efectivo,EMP-04,traer vacunas,0
DD-001564,2023-03-23,C-265,Duke,Hotel,470.0,Efectivo,EMP-06,,0
DD-001364,2023-03-23,C-170,Frida,Hotel,540.0,Tarjeta,EMP-06,requiere cita previa,0
DD-001493,2023-03-23,C-232,Thor,Baño,290.0,Efectivo,EMP-05,cliente frecuente,0
DD-001390,2023-03-24,C-181,Nala,Guardería,210.0,Tarjeta,EMP-02,alérgico a champú,0
DD-001666,2023-03-24,C-311,Nala,Baño,250.0,Efectivo,EMP-07,,0
DD-001177,2023-03-24,C-094,Bear,Hotel,420.0,Tarjeta,EMP-03,requiere cita previa,0
DD-001478,2023-03-24,C-225,Simba,Corte,490.0,Tarjeta,EMP-06,primera visita,0
DD-001663,2023-03-24,C-309,Boby,Guardería,180.0,Tarjeta,EMP-01,cliente frecuente,0
DD-001627,2023-03-24,C-296,Duke,Guardería,180.0,Tarjeta,EMP-05,,0
DD-001593,2023-03-24,C-279,Coco,Baño,340.0,Tarjeta,EMP-02,traer vacunas,0
DD-001182,2023-03-24,C-096,Chato,Baño,240.0,Efectivo,EMP-03,requiere cita previa,0
DD-001636,2023-03-24,C-297,Sasha,Guardería,240.0,Tarjeta,EMP-04,descuento aplicado,0
DD-001067,2023-03-24,C-033,Max,Baño,380.0,Tarjeta,EMP-01,,1
DD-001325,2023-03-24,C-153,Chato,Corte,480.0,Efectivo,EMP-01,alérgico a champú,0
DD-001615,2023-03-24,C-291,Blanca,Guardería,230.0,Tarjeta,EMP-02,,0
DD-001202,2023-03-24,C-103,Panda,Adiestramiento,730.0,Tarjeta,EMP-05,,0
DD-001497,2023-03-24,C-233,Manchas,Corte,450.0,Efectivo,EMP-06,perro agresivo,0
DD-001163,2023-03-24,C-085,Beto,Baño,340.0,Efectivo,EMP-06,descuento aplicado,0
DD-001207,2023-03-24,C-104,Rosa,Adiestramiento,440.0,Efectivo,EMP-04,,0
DD-001562,2023-03-25,C-263,Nena,Baño,300.0,Efectivo,EMP-07,pago pendiente,0
DD-001076,2023-03-25,C-039,Tigrillo,Baño,280.0,Tarjeta,EMP-02,traer vacunas,1
DD-001546,2023-03-25,C-255,Frida,Guardería,170.0,Tarjeta,EMP-02,requiere cita previa,0
DD-001558,2023-03-25,C-262,Charlie,Guardería,180.0,Tarjeta,EMP-08,requiere cita previa,0
DD-001630,2023-03-25,C-296,Duke,Guardería,170.0,Tarjeta,EMP-08,,0
DD-001538,2023-03-25,C-252,Kira,Guardería,220.0,Efectivo,EMP-08,cliente VIP,0
DD-001607,2023-03-25,C-286,Estrella,Guardería,170.0,Transferencia,EMP-04,traer vacunas,0
DD-001608,2023-03-25,C-286,Estrella,Corte,310.0,Efectivo,EMP-04,alérgico a champú,0
DD-001289,2023-03-25,C-139,Panda,Baño,400.0,Tarjeta,EMP-01,,0
DD-001033,2023-03-25,C-017,Canela,Hotel,410.0,Tarjeta,EMP-06,primera visita,1
DD-001377,2023-03-25,C-175,Panda,Guardería,220.0,Tarjeta,EMP-03,,0
DD-001371,2023-03-25,C-173,Charlie,Adiestramiento,470.0,Transferencia,EMP-07,,0
DD-001195,2023-03-25,C-100,Rosa,Guardería,230.0,Tarjeta,EMP-03,,0
DD-001187,2023-03-25,C-097,Bella,Adiestramiento,680.0,Efectivo,EMP-02,,0
DD-001218,2023-03-25,C-110,Pancho,Hotel,480.0,Efectivo,EMP-04,traer vacunas,0
DD-001428,2023-03-25,C-199,Pepa,Guardería,240.0,Transferencia,EMP-05,propina incluida,0
DD-001231,2023-03-25,C-114,Rocky,Guardería,220.0,Efectivo,EMP-07,pago pendiente,0
DD-001238,2023-03-25,C-117,Daisy,Hotel,490.0,Tarjeta,EMP-05,propina incluida,0
DD-001331,2023-03-25,C-155,Nala,Guardería,190.0,Efectivo,EMP-05,cliente VIP,0
DD-001448,2023-03-25,C-210,Max,Guardería,150.0,Efectivo,EMP-02,pago pendiente,0
DD-001474,2023-03-25,C-223,Sasha,Guardería,200.0,Transferencia,EMP-05,cliente frecuente,0
DD-001145,2023-03-25,C-076,Bear,Baño,440.0,Transferencia,EMP-03,,1
DD-001312,2023-03-25,C-149,Toby,Guardería,240.0,Efectivo,EMP-06,descuento aplicado,0
DD-001307,2023-03-25,C-146,Ringo,Guardería,190.0,Tarjeta,EMP-08,,0
DD-001296,2023-03-25,C-140,Chispa,Baño,370.0,Tarjeta,EMP-07,,0
DD-001252,2023-03-25,C-122,Pepa,Adiestramiento,780.0,Efectivo,EMP-07,,0
DD-001378,2023-03-25,C-176,Estrella,Guardería,160.0,Efectivo,EMP-01,requiere cita previa,0
DD-001283,2023-03-25,C-137,Sasha,Adiestramiento,440.0,Efectivo,EMP-05,descuento aplicado,0
DD-001522,2023-03-25,C-246,Luna,Baño,310.0,Efectivo,EMP-05,cliente VIP,0
DD-001505,2023-03-25,C-239,Pancho,Guardería,240.0,Efectivo,EMP-06,primera visita,0
DD-001376,2023-03-26,C-175,Panda,Guardería,180.0,Tarjeta,EMP-07,cliente frecuente,0
DD-001052,2023-03-26,C-026,Mia,Adiestramiento,750.0,Tarjeta,EMP-06,primera visita,1
DD-001111,2023-03-26,C-057,Bella,Guardería,180.0,Efectivo,EMP-06,cliente frecuente,1
DD-001015,2023-03-26,C-006,Thor,Corte,470.0,Tarjeta,EMP-02,,1
DD-001416,2023-03-26,C-194,Nina,Hotel,440.0,Tarjeta,EMP-02,alérgico a champú,0
DD-001017,2023-03-26,C-007,Tito,Corte,260.0,Tarjeta,EMP-03,cliente frecuente,1
DD-001184,2023-03-26,C-096,Chato,Guardería,210.0,Tarjeta,EMP-05,alérgico a champú,0
DD-001227,2023-03-26,C-113,Lola,Adiestramiento,770.0,Efectivo,EMP-07,descuento aplicado,0
DD-001100,2023-03-26,C-053,Buddy,Guardería,180.0,Efectivo,EMP-06,propina incluida,1
DD-001245,2023-03-26,C-119,Canela,Corte,310.0,Tarjeta,EMP-06,alérgico a champú,0
DD-001334,2023-03-26,C-157,Thor,Guardería,240.0,Efectivo,EMP-02,alérgico a champú,0
DD-001020,2023-03-26,C-010,Maya,Hotel,500.0,Tarjeta,EMP-04,descuento aplicado,1
DD-001102,2023-03-26,C-053,Buddy,Baño,340.0,Transferencia,EMP-06,primera visita,1
DD-001380,2023-03-26,C-176,Estrella,Hotel,400.0,Efectivo,EMP-08,,0
DD-001503,2023-03-26,C-238,Max,Guardería,170.0,Efectivo,EMP-08,pago pendiente,0
DD-001549,2023-03-26,C-257,Canela,Guardería,210.0,Tarjeta,EMP-07,,0
DD-001473,2023-03-26,C-222,Canela,Baño,320.0,Tarjeta,EMP-02,cliente VIP,0
DD-001168,2023-03-27,C-086,Gordo,Baño,260.0,Tarjeta,EMP-08,,0
DD-001529,2023-03-27,C-248,Thor,Baño,230.0,Efectivo,EMP-05,,0
DD-001402,2023-03-27,C-185,Toby,Corte,410.0,Efectivo,EMP-04,cliente VIP,0
DD-001045,2023-03-27,C-023,Tito,Guardería,240.0,Tarjeta,EMP-06,primera visita,1
DD-001084,2023-03-27,C-045,Thor,Guardería,200.0,Tarjeta,EMP-03,descuento aplicado,1
DD-001621,2023-03-27,C-294,Rex,Hotel,380.0,Efectivo,EMP-04,cliente frecuente,0
DD-001156,2023-03-27,C-083,Duke,Guardería,220.0,Tarjeta,EMP-01,,0
DD-001598,2023-03-27,C-281,Bear,Baño,300.0,Efectivo,EMP-06,,0
DD-001542,2023-03-27,C-253,Luna,Guardería,210.0,Efectivo,EMP-05,,0
DD-001065,2023-03-27,C-032,Tito,Adiestramiento,480.0,Tarjeta,EMP-07,perro agresivo,1
DD-001117,2023-03-27,C-061,Toby,Guardería,240.0,Efectivo,EMP-05,,1
DD-001230,2023-03-27,C-114,Rocky,Hotel,540.0,Efectivo,EMP-04,,0
DD-001118,2023-03-27,C-061,Toby,Guardería,190.0,Efectivo,EMP-01,traer vacunas,1
DD-001120,2023-03-27,C-062,Zeus,Guardería,220.0,Tarjeta,EMP-04,traer vacunas,1
DD-001646,2023-03-27,C-301,Gus,Baño,310.0,Tarjeta,EMP-04,,0
DD-001619,2023-03-28,C-292,Chico,Corte,290.0,Efectivo,EMP-05,propina incluida,0
DD-001327,2023-03-28,C-153,Chato,Guardería,240.0,Efectivo,EMP-03,descuento aplicado,0
DD-001072,2023-03-28,C-037,Toby,Guardería,220.0,Tarjeta,EMP-06,alérgico a champú,1
DD-001533,2023-03-28,C-250,Pepa,Guardería,160.0,Tarjeta,EMP-07,pago pendiente,0
DD-001557,2023-03-28,C-261,Sultan,Adiestramiento,760.0,Efectivo,EMP-04,,0
DD-001094,2023-03-28,C-051,Simba,Guardería,230.0,Efectivo,EMP-01,,1
DD-001169,2023-03-28,C-086,Gordo,Corte,350.0,Transferencia,EMP-07,,0
DD-001001,2023-03-28,C-001,Lobo,Baño,420.0,Tarjeta,EMP-01,propina incluida,1
DD-001573,2023-03-28,C-270,Luna,Baño,300.0,Tarjeta,EMP-02,,0
DD-001161,2023-03-28,C-084,Pancho,Guardería,190.0,Tarjeta,EMP-01,,0
DD-001180,2023-03-28,C-095,Nala,Adiestramiento,480.0,Efectivo,EMP-04,,0
DD-001452,2023-03-28,C-212,Negro,Guardería,240.0,Tarjeta,EMP-08,requiere cita previa,0
DD-001185,2023-03-28,C-096,Chato,Baño,280.0,Transferencia,EMP-08,cliente VIP,0
DD-001129,2023-03-28,C-066,Rocky,Guardería,210.0,Efectivo,EMP-07,perro agresivo,1
DD-001418,2023-03-28,C-195,Rocky,Guardería,210.0,Efectivo,EMP-02,pago pendiente,0
DD-001099,2023-03-28,C-052,Estrella,Corte,270.0,Efectivo,EMP-06,traer vacunas,1
DD-001637,2023-03-29,C-298,Ringo,Baño,340.0,Efectivo,EMP-03,perro agresivo,0
DD-001317,2023-03-29,C-151,Rocky,Corte,440.0,Tarjeta,EMP-05,,0
DD-001463,2023-03-29,C-218,Mia,Hotel,440.0,Tarjeta,EMP-05,,0
DD-001563,2023-03-29,C-264,Sultan,Baño,260.0,Transferencia,EMP-05,,0
DD-001060,2023-03-29,C-030,Bear,Guardería,150.0,Tarjeta,EMP-07,,1
DD-001290,2023-03-29,C-139,Panda,Corte,470.0,Transferencia,EMP-03,,0
DD-001261,2023-03-29,C-127,Beto,Baño,410.0,Tarjeta,EMP-07,primera visita,0
DD-001667,2023-03-29,C-312,Bella,Hotel,380.0,Tarjeta,EMP-06,primera visita,0
DD-001330,2023-03-29,C-155,Nala,Corte,480.0,Transferencia,EMP-07,perro agresivo,0
DD-001567,2023-03-29,C-268,Nala,Guardería,230.0,Tarjeta,EMP-03,alérgico a champú,0
DD-001211,2023-03-29,C-106,Charlie,Hotel,540.0,Efectivo,EMP-03,cliente frecuente,0
DD-001628,2023-03-29,C-296,Duke,Guardería,160.0,Tarjeta,EMP-03,,0
DD-001430,2023-03-29,C-202,Tigrillo,Hotel,350.0,Transferencia,EMP-04,cliente frecuente,0
DD-001093,2023-03-29,C-050,Max,Hotel,600.0,Efectivo,EMP-06,cliente frecuente,1
DD-001078,2023-03-29,C-040,Manchas,Guardería,170.0,Efectivo,EMP-07,,1
DD-001602,2023-03-29,C-283,Princesa,Baño,410.0,Efectivo,EMP-05,descuento aplicado,0
DD-001366,2023-03-29,C-170,Frida,Adiestramiento,580.0,Efectivo,EMP-04,perro agresivo,0
DD-001370,2023-03-29,C-173,Charlie,Guardería,210.0,Tarjeta,EMP-01,descuento aplicado,0
DD-001405,2023-03-29,C-187,Simba,Guardería,210.0,Efectivo,EMP-05,traer vacunas,0
DD-001326,2023-03-29,C-153,Chato,Guardería,160.0,Tarjeta,EMP-08,alérgico a champú,0
DD-001409,2023-03-29,C-188,Chico,Guardería,170.0,Efectivo,EMP-06,cliente frecuente,0
DD-001670,2023-03-30,C-313,Nala,Guardería,200.0,Efectivo,EMP-02,alérgico a champú,0
DD-001655,2023-03-30,C-306,Pepa,Guardería,190.0,Tarjeta,EMP-03,,0
DD-001501,2023-03-30,C-237,Tito,Baño,360.0,Tarjeta,EMP-07,primera visita,0
DD-001035,2023-03-30,C-019,Canela,Baño,360.0,Tarjeta,EMP-07,,1
DD-001233,2023-03-30,C-116,Bonita,Adiestramiento,460.0,Efectivo,EMP-05,,0
DD-001197,2023-03-30,C-100,Rosa,Corte,290.0,Efectivo,EMP-02,,0
DD-001164,2023-03-30,C-085,Beto,Baño,310.0,Tarjeta,EMP-02,traer vacunas,0
DD-001318,2023-03-30,C-151,Rocky,Baño,410.0,Tarjeta,EMP-05,,0
DD-001159,2023-03-30,C-084,Pancho,Guardería,180.0,Efectivo,EMP-07,primera visita,0
DD-001336,2023-03-30,C-158,Negro,Guardería,170.0,Tarjeta,EMP-07,pago pendiente,0
DD-001343,2023-03-30,C-160,Boby,Baño,240.0,Transferencia,EMP-06,,0
DD-001385,2023-03-30,C-178,Coco,Baño,370.0,Tarjeta,EMP-04,alérgico a champú,0
DD-001393,2023-03-30,C-182,Negro,Guardería,210.0,Tarjeta,EMP-07,cliente frecuente,0
DD-001421,2023-03-30,C-195,Rocky,Baño,260.0,Transferencia,EMP-04,,0
DD-001451,2023-03-30,C-211,Lobo,Guardería,170.0,Efectivo,EMP-01,cliente frecuente,0
DD-001459,2023-03-30,C-215,Daisy,Guardería,190.0,Tarjeta,EMP-03,,0
DD-001464,2023-03-30,C-218,Mia,Baño,400.0,Transferencia,EMP-01,descuento aplicado,0
DD-001203,2023-03-30,C-103,Panda,Guardería,220.0,Efectivo,EMP-06,primera visita,0
DD-001483,2023-03-30,C-230,Chico,Guardería,180.0,Transferencia,EMP-05,descuento aplicado,0
DD-001208,2023-03-30,C-105,Tito,Guardería,150.0,Tarjeta,EMP-02,primera visita,0
DD-001494,2023-03-30,C-233,Manchas,Baño,360.0,Efectivo,EMP-06,alérgico a champú,0
DD-001599,2023-03-30,C-283,Princesa,Guardería,150.0,Efectivo,EMP-03,,0
DD-001578,2023-03-30,C-271,Pancho,Guardería,230.0,Transferencia,EMP-02,alérgico a champú,0
DD-001565,2023-03-30,C-267,Daisy,Guardería,190.0,Efectivo,EMP-06,perro agresivo,0
DD-001555,2023-03-30,C-260,Bonita,Baño,250.0,Efectivo,EMP-07,descuento aplicado,0
DD-001547,2023-03-30,C-255,Frida,Baño,370.0,Efectivo,EMP-01,,0
DD-001498,2023-03-30,C-234,Toby,Guardería,230.0,Transferencia,EMP-03,cliente frecuente,0
DD-001496,2023-03-30,C-233,Manchas,Guardería,160.0,Transferencia,EMP-07,,0
DD-001541,2023-03-30,C-252,Kira,Guardería,200.0,Tarjeta,EMP-04,requiere cita previa,0
DD-001080,2023-03-31,C-043,Luna,Baño,320.0,Tarjeta,EMP-01,,1
DD-001153,2023-03-31,C-079,Charlie,Corte,410.0,Transferencia,EMP-01,,1
DD-001673,2023-03-31,C-317,Beto,Hotel,510.0,Efectivo,EMP-03,,0
DD-001107,2023-03-31,C-056,Bonita,Hotel,470.0,Tarjeta,EMP-02,,1
DD-001097,2023-03-31,C-052,Estrella,Baño,300.0,Transferencia,EMP-05,,1
DD-001105,2023-03-31,C-055,Bear,Corte,420.0,Efectivo,EMP-04,alérgico a champú,1
DD-001624,2023-03-31,C-295,Chico,Guardería,170.0,Tarjeta,EMP-05,,0
DD-001173,2023-03-31,C-089,Panda,Guardería,200.0,Transferencia,EMP-08,requiere cita previa,0
DD-001070,2023-03-31,C-034,Gus,Corte,480.0,Tarjeta,EMP-06,cliente VIP,1
DD-001110,2023-03-31,C-057,Bella,Baño,340.0,Transferencia,EMP-04,requiere cita previa,1
DD-001605,2023-03-31,C-285,Daisy,Adiestramiento,500.0,Transferencia,EMP-06,cliente VIP,0
DD-001284,2023-03-31,C-138,Bear,Guardería,160.0,Transferencia,EMP-07,descuento aplicado,0
DD-001591,2023-03-31,C-278,Estrella,Guardería,160.0,Efectivo,EMP-07,cliente frecuente,0
DD-001219,2023-03-31,C-110,Pancho,Guardería,180.0,Efectivo,EMP-07,primera visita,0
DD-001545,2023-03-31,C-254,Fifi,Guardería,210.0,Efectivo,EMP-01,,0
DD-001016,2023-03-31,C-007,Tito,Baño,280.0,Tarjeta,EMP-05,,1
DD-001486,2023-03-31,C-231,Fifi,Baño,280.0,Tarjeta,EMP-05,requiere cita previa,0
DD-001465,2023-03-31,C-219,Nina,Guardería,230.0,Transferencia,EMP-03,,0
DD-001582,2023-03-31,C-273,Nena,Hotel,560.0,Efectivo,EMP-05,,0
DD-001346,2023-03-31,C-161,Chispa,Guardería,170.0,Efectivo,EMP-04,,0
DD-001324,2023-03-31,C-153,Chato,Hotel,460.0,Tarjeta,EMP-04,descuento aplicado,0
DD-001662,2023-03-31,C-308,Nina,Corte,310.0,Transferencia,EMP-08,,0
DD-001356,2023-03-31,C-166,Boby,Guardería,160.0,Efectivo,EMP-08,cliente frecuente,0
DD-002225,2023-04-01,C-297,Sasha,Guardería,200.0,Tarjeta,EMP-03,,0
DD-001937,2023-04-01,C-149,Toby,Baño,230.0,Tarjeta,EMP-04,descuento aplicado,0
DD-002056,2023-04-01,C-218,Mia,Guardería,170.0,Efectivo,EMP-05,,0
DD-002202,2023-04-01,C-283,Princesa,Hotel,520.0,Tarjeta,EMP-08,,0
DD-001848,2023-04-01,C-096,Chato,Baño,230.0,Efectivo,EMP-08,perro agresivo,0
DD-002067,2023-04-01,C-223,Sasha,Baño,260.0,Tarjeta,EMP-01,,0
DD-001965,2023-04-01,C-161,Chispa,Corte,250.0,Tarjeta,EMP-02,,0
DD-002168,2023-04-01,C-265,Duke,Adiestramiento,420.0,Efectivo,EMP-07,,0
DD-001998,2023-04-01,C-180,Buddy,Baño,280.0,Efectivo,EMP-01,,0
DD-001810,2023-04-01,C-077,Kira,Hotel,520.0,Tarjeta,EMP-02,requiere cita previa,1
DD-001971,2023-04-01,C-165,Frida,Baño,380.0,Tarjeta,EMP-04,traer vacunas,0
DD-001847,2023-04-01,C-095,Nala,Corte,370.0,Efectivo,EMP-02,traer vacunas,0
DD-001999,2023-04-01,C-180,Buddy,Guardería,180.0,Tarjeta,EMP-08,,0
DD-002219,2023-04-01,C-295,Chico,Baño,250.0,Efectivo,EMP-04,alérgico a champú,0
DD-001891,2023-04-01,C-117,Daisy,Hotel,510.0,Tarjeta,EMP-07,,0
DD-001800,2023-04-02,C-069,Paloma,Hotel,480.0,Efectivo,EMP-05,primera visita,1
DD-002135,2023-04-02,C-253,Luna,Baño,400.0,Tarjeta,EMP-02,,0
DD-001770,2023-04-02,C-057,Bella,Guardería,160.0,Tarjeta,EMP-01,pago pendiente,1
DD-002246,2023-04-02,C-311,Nala,Baño,360.0,Efectivo,EMP-01,propina incluida,0
DD-001865,2023-04-02,C-105,Tito,Guardería,240.0,Transferencia,EMP-08,cliente VIP,0
DD-002152,2023-04-02,C-260,Bonita,Corte,360.0,Efectivo,EMP-08,cliente VIP,0
DD-002175,2023-04-02,C-268,Nala,Guardería,220.0,Transferencia,EMP-04,,0
DD-001990,2023-04-02,C-177,Princesa,Corte,300.0,Tarjeta,EMP-06,,0
DD-001711,2023-04-02,C-024,Sultan,Hotel,520.0,Tarjeta,EMP-01,traer vacunas,1
DD-001906,2023-04-02,C-125,Tigrillo,Guardería,220.0,Efectivo,EMP-06,descuento aplicado,0
DD-001966,2023-04-02,C-162,Kira,Baño,440.0,Efectivo,EMP-02,,0
DD-001707,2023-04-02,C-022,Sammy,Corte,290.0,Tarjeta,EMP-07,pago pendiente,1
DD-001683,2023-04-02,C-004,Paloma,Guardería,170.0,Efectivo,EMP-07,perro agresivo,1
DD-001764,2023-04-02,C-055,Bear,Baño,370.0,Tarjeta,EMP-01,primera visita,1
DD-002238,2023-04-02,C-306,Pepa,Corte,440.0,Transferencia,EMP-08,traer vacunas,0
DD-001887,2023-04-02,C-115,Charlie,Guardería,190.0,Transferencia,EMP-08,,0
DD-001807,2023-04-02,C-073,Max,Corte,440.0,Tarjeta,EMP-01,primera visita,1
DD-001950,2023-04-02,C-154,Nena,Baño,220.0,Tarjeta,EMP-07,traer vacunas,0
DD-001878,2023-04-02,C-110,Pancho,Guardería,200.0,Tarjeta,EMP-03,pago pendiente,0
DD-002040,2023-04-03,C-205,Pepa,Adiestramiento,800.0,Efectivo,EMP-03,propina incluida,0
DD-001818,2023-04-03,C-080,Luna,Hotel,550.0,Tarjeta,EMP-06,,1
DD-002097,2023-04-03,C-235,Blanca,Baño,440.0,Efectivo,EMP-08,pago pendiente,0
DD-001984,2023-04-03,C-173,Charlie,Guardería,220.0,Efectivo,EMP-07,,0
DD-001704,2023-04-03,C-021,Rocky,Baño,220.0,Tarjeta,EMP-08,,1
DD-002237,2023-04-03,C-306,Pepa,Hotel,450.0,Transferencia,EMP-01,pago pendiente,0
DD-002203,2023-04-03,C-284,Duke,Adiestramiento,510.0,Transferencia,EMP-05,primera visita,0
DD-001685,2023-04-03,C-006,Thor,Guardería,180.0,Efectivo,EMP-07,requiere cita previa,1
DD-001860,2023-04-03,C-102,Chispa,Baño,420.0,Tarjeta,EMP-01,,0
DD-002207,2023-04-03,C-287,Maya,Guardería,220.0,Efectivo,EMP-05,,0
DD-002054,2023-04-03,C-215,Daisy,Guardería,180.0,Efectivo,EMP-07,primera visita,0
DD-001898,2023-04-03,C-119,Canela,Guardería,220.0,Tarjeta,EMP-07,requiere cita previa,0
DD-001951,2023-04-03,C-155,Nala,Corte,380.0,Efectivo,EMP-02,,0
DD-001932,2023-04-03,C-145,Lola,Corte,300.0,Tarjeta,EMP-05,,0
DD-002169,2023-04-03,C-266,Rex,Corte,480.0,Efectivo,EMP-05,propina incluida,0
DD-001851,2023-04-03,C-097,Bella,Adiestramiento,620.0,Transferencia,EMP-01,,0
DD-001836,2023-04-03,C-087,Sasha,Corte,380.0,Transferencia,EMP-03,alérgico a champú,0
DD-002141,2023-04-03,C-255,Frida,Baño,390.0,Tarjeta,EMP-07,perro agresivo,0
DD-002090,2023-04-04,C-231,Fifi,Hotel,460.0,Efectivo,EMP-07,pago pendiente,0
DD-002155,2023-04-04,C-262,Charlie,Guardería,250.0,Tarjeta,EMP-07,requiere cita previa,0
DD-002087,2023-04-04,C-231,Fifi,Hotel,590.0,Transferencia,EMP-02,traer vacunas,0
DD-002181,2023-04-04,C-270,Luna,Baño,270.0,Efectivo,EMP-06,,0
DD-001750,2023-04-04,C-046,Chato,Guardería,200.0,Tarjeta,EMP-07,,1
DD-001933,2023-04-04,C-146,Ringo,Hotel,500.0,Efectivo,EMP-06,requiere cita previa,0
DD-002066,2023-04-04,C-223,Sasha,Guardería,210.0,Tarjeta,EMP-02,cliente frecuente,0
DD-002084,2023-04-04,C-230,Chico,Baño,280.0,Efectivo,EMP-01,cliente frecuente,0
DD-002158,2023-04-04,C-262,Charlie,Guardería,170.0,Transferencia,EMP-03,primera visita,0
DD-001811,2023-04-04,C-077,Kira,Baño,220.0,Tarjeta,EMP-07,descuento aplicado,1
DD-001976,2023-04-04,C-167,Coco,Hotel,360.0,Efectivo,EMP-01,requiere cita previa,0
DD-001876,2023-04-04,C-108,Sasha,Baño,430.0,Efectivo,EMP-08,descuento aplicado,0
DD-002198,2023-04-04,C-279,Coco,Baño,350.0,Transferencia,EMP-05,,0
DD-002133,2023-04-04,C-252,Kira,Hotel,590.0,Tarjeta,EMP-02,cliente VIP,0
DD-001975,2023-04-04,C-167,Coco,Baño,320.0,Efectivo,EMP-07,perro agresivo,0
DD-002049,2023-04-04,C-212,Negro,Baño,250.0,Efectivo,EMP-06,propina incluida,0
DD-002048,2023-04-04,C-210,Max,Corte,360.0,Tarjeta,EMP-03,,0
DD-002252,2023-04-04,C-317,Beto,Hotel,380.0,Tarjeta,EMP-01,,0
DD-002167,2023-04-05,C-265,Duke,Guardería,190.0,Efectivo,EMP-06,,0
DD-001877,2023-04-05,C-109,Lobo,Hotel,410.0,Tarjeta,EMP-03,,0
DD-001738,2023-04-05,C-039,Tigrillo,Corte,330.0,Tarjeta,EMP-01,alérgico a champú,1
DD-001901,2023-04-05,C-119,Canela,Corte,340.0,Tarjeta,EMP-01,cliente frecuente,0
DD-001831,2023-04-05,C-086,Gordo,Baño,220.0,Efectivo,EMP-03,,0
DD-001829,2023-04-05,C-086,Gordo,Baño,360.0,Efectivo,EMP-04,primera visita,0
DD-001763,2023-04-05,C-055,Bear,Baño,250.0,Tarjeta,EMP-08,requiere cita previa,1
DD-001700,2023-04-05,C-020,Fifi,Guardería,230.0,Tarjeta,EMP-03,,1
DD-001938,2023-04-05,C-149,Toby,Guardería,230.0,Efectivo,EMP-01,,0
DD-001714,2023-04-05,C-025,Lola,Hotel,520.0,Tarjeta,EMP-07,,1
DD-002122,2023-04-05,C-246,Luna,Guardería,190.0,Efectivo,EMP-07,descuento aplicado,0
DD-002041,2023-04-05,C-206,Simba,Adiestramiento,740.0,Efectivo,EMP-08,perro agresivo,0
DD-001868,2023-04-05,C-105,Tito,Corte,370.0,Tarjeta,EMP-05,pago pendiente,0
DD-001743,2023-04-05,C-043,Luna,Guardería,170.0,Tarjeta,EMP-06,,1
DD-002105,2023-04-05,C-240,Mia,Guardería,210.0,Tarjeta,EMP-08,,0
DD-002098,2023-04-06,C-236,Frida,Guardería,240.0,Transferencia,EMP-04,requiere cita previa,0
DD-002108,2023-04-06,C-240,Mia,Corte,290.0,Transferencia,EMP-03,,0
DD-002011,2023-04-06,C-186,Frida,Guardería,160.0,Transferencia,EMP-03,traer vacunas,0
DD-001795,2023-04-06,C-067,Bonita,Guardería,200.0,Transferencia,EMP-02,,1
DD-001783,2023-04-06,C-062,Zeus,Adiestramiento,510.0,Tarjeta,EMP-05,,1
DD-001796,2023-04-06,C-068,Lola,Corte,290.0,Efectivo,EMP-08,,1
DD-002157,2023-04-06,C-262,Charlie,Baño,450.0,Efectivo,EMP-05,primera visita,0
DD-002239,2023-04-06,C-307,Daisy,Baño,410.0,Efectivo,EMP-01,requiere cita previa,0
DD-002204,2023-04-06,C-284,Duke,Guardería,170.0,Efectivo,EMP-03,requiere cita previa,0
DD-001890,2023-04-06,C-117,Daisy,Guardería,190.0,Tarjeta,EMP-04,,0
DD-001717,2023-04-06,C-026,Mia,Baño,450.0,Transferencia,EMP-01,pago pendiente,1
DD-002045,2023-04-06,C-209,Manchas,Guardería,190.0,Tarjeta,EMP-02,requiere cita previa,0
DD-002022,2023-04-06,C-192,Sammy,Adiestramiento,590.0,Efectivo,EMP-08,alérgico a champú,0
DD-001963,2023-04-06,C-160,Boby,Baño,240.0,Efectivo,EMP-04,descuento aplicado,0
DD-002057,2023-04-06,C-218,Mia,Guardería,250.0,Efectivo,EMP-05,,0
DD-002061,2023-04-06,C-219,Nina,Guardería,160.0,Tarjeta,EMP-01,propina incluida,0
DD-001954,2023-04-06,C-157,Thor,Hotel,520.0,Efectivo,EMP-05,,0
DD-002191,2023-04-06,C-275,Lobo,Corte,260.0,Transferencia,EMP-06,,0
DD-001934,2023-04-06,C-147,Rex,Guardería,160.0,Tarjeta,EMP-04,primera visita,0
DD-001740,2023-04-06,C-041,Tigrillo,Baño,350.0,Efectivo,EMP-03,alérgico a champú,1
DD-002249,2023-04-06,C-313,Nala,Guardería,180.0,Efectivo,EMP-06,perro agresivo,0
DD-002240,2023-04-06,C-307,Daisy,Baño,220.0,Tarjeta,EMP-07,alérgico a champú,0
DD-001840,2023-04-06,C-089,Panda,Guardería,160.0,Transferencia,EMP-02,propina incluida,0
DD-002062,2023-04-06,C-220,Sammy,Guardería,240.0,Tarjeta,EMP-01,alérgico a champú,0
DD-001996,2023-04-06,C-179,Nina,Baño,420.0,Efectivo,EMP-06,propina incluida,0
DD-001884,2023-04-07,C-114,Rocky,Guardería,170.0,Efectivo,EMP-03,alérgico a champú,0
DD-002113,2023-04-07,C-242,Sammy,Hotel,360.0,Transferencia,EMP-06,,0
DD-002026,2023-04-07,C-197,Mia,Corte,490.0,Tarjeta,EMP-05,perro agresivo,0
DD-002116,2023-04-07,C-243,Maya,Guardería,220.0,Tarjeta,EMP-08,primera visita,0
DD-002081,2023-04-07,C-229,Bella,Guardería,150.0,Tarjeta,EMP-03,propina incluida,0
DD-001988,2023-04-07,C-176,Estrella,Adiestramiento,480.0,Tarjeta,EMP-03,requiere cita previa,0
DD-002063,2023-04-07,C-220,Sammy,Guardería,160.0,Efectivo,EMP-03,alérgico a champú,0
DD-001821,2023-04-07,C-081,Luna,Guardería,200.0,Transferencia,EMP-02,traer vacunas,0
DD-001980,2023-04-07,C-171,Bear,Guardería,160.0,Tarjeta,EMP-03,alérgico a champú,0
DD-002107,2023-04-07,C-240,Mia,Corte,280.0,Efectivo,EMP-03,traer vacunas,0
DD-001893,2023-04-07,C-118,Bonita,Corte,390.0,Transferencia,EMP-06,descuento aplicado,0
DD-002006,2023-04-07,C-182,Negro,Corte,420.0,Transferencia,EMP-04,descuento aplicado,0
DD-001723,2023-04-07,C-030,Bear,Corte,260.0,Efectivo,EMP-03,descuento aplicado,1
DD-001742,2023-04-07,C-042,Nena,Guardería,210.0,Tarjeta,EMP-06,,1
DD-001739,2023-04-07,C-041,Tigrillo,Adiestramiento,760.0,Tarjeta,EMP-05,cliente frecuente,1
DD-001727,2023-04-07,C-033,Max,Guardería,190.0,Efectivo,EMP-02,cliente VIP,1
DD-001776,2023-04-07,C-059,Pepa,Baño,350.0,Efectivo,EMP-05,alérgico a champú,1
DD-002140,2023-04-07,C-255,Frida,Baño,410.0,Tarjeta,EMP-05,pago pendiente,0
DD-001722,2023-04-07,C-030,Bear,Corte,430.0,Tarjeta,EMP-05,alérgico a champú,1
DD-001787,2023-04-07,C-064,Bella,Guardería,200.0,Efectivo,EMP-04,descuento aplicado,1
DD-001748,2023-04-07,C-045,Thor,Guardería,210.0,Efectivo,EMP-03,,1
DD-002254,2023-04-07,C-318,Negro,Guardería,160.0,Efectivo,EMP-03,,0
DD-001941,2023-04-07,C-150,Duke,Guardería,240.0,Tarjeta,EMP-08,,0
DD-001794,2023-04-08,C-066,Rocky,Hotel,520.0,Efectivo,EMP-05,cliente frecuente,1
DD-001812,2023-04-08,C-077,Kira,Baño,300.0,Efectivo,EMP-05,primera visita,1
DD-002171,2023-04-08,C-268,Nala,Hotel,510.0,Efectivo,EMP-01,traer vacunas,0
DD-002064,2023-04-08,C-222,Canela,Baño,400.0,Tarjeta,EMP-01,alérgico a champú,0
DD-002012,2023-04-08,C-186,Frida,Baño,280.0,Tarjeta,EMP-03,,0
DD-001856,2023-04-08,C-099,Gordo,Guardería,240.0,Efectivo,EMP-04,cliente frecuente,0
DD-002050,2023-04-08,C-213,Pancho,Corte,400.0,Transferencia,EMP-02,perro agresivo,0
DD-002143,2023-04-08,C-258,Lola,Hotel,430.0,Tarjeta,EMP-05,,0
DD-001908,2023-04-08,C-126,Manchas,Baño,380.0,Efectivo,EMP-02,traer vacunas,0
DD-002079,2023-04-09,C-228,Sasha,Baño,260.0,Efectivo,EMP-07,primera visita,0
DD-001920,2023-04-09,C-134,Luna,Corte,370.0,Efectivo,EMP-04,cliente VIP,0
DD-001964,2023-04-09,C-161,Chispa,Adiestramiento,520.0,Tarjeta,EMP-05,propina incluida,0
DD-002200,2023-04-09,C-281,Bear,Guardería,160.0,Efectivo,EMP-06,cliente frecuente,0
DD-001682,2023-04-09,C-004,Paloma,Guardería,180.0,Efectivo,EMP-03,,1
DD-001702,2023-04-09,C-021,Rocky,Baño,240.0,Efectivo,EMP-04,requiere cita previa,1
DD-001699,2023-04-09,C-019,Canela,Baño,290.0,Efectivo,EMP-05,primera visita,1
DD-002000,2023-04-09,C-181,Nala,Guardería,170.0,Efectivo,EMP-07,pago pendiente,0
DD-001841,2023-04-09,C-091,Kira,Baño,400.0,Transferencia,EMP-01,,0
DD-001942,2023-04-09,C-151,Rocky,Guardería,220.0,Efectivo,EMP-08,,0
DD-001993,2023-04-09,C-179,Nina,Hotel,490.0,Efectivo,EMP-01,propina incluida,0
DD-001720,2023-04-09,C-027,Zeus,Baño,240.0,Efectivo,EMP-01,pago pendiente,1
DD-001869,2023-04-09,C-106,Charlie,Guardería,180.0,Efectivo,EMP-07,,0
DD-002216,2023-04-09,C-293,Blanca,Guardería,240.0,Efectivo,EMP-05,traer vacunas,0
DD-001709,2023-04-09,C-023,Tito,Guardería,200.0,Tarjeta,EMP-01,pago pendiente,1
DD-002052,2023-04-09,C-214,Gordo,Baño,350.0,Efectivo,EMP-01,traer vacunas,0
DD-001850,2023-04-09,C-096,Chato,Baño,240.0,Efectivo,EMP-03,perro agresivo,0
DD-001928,2023-04-09,C-143,Rex,Guardería,160.0,Efectivo,EMP-04,propina incluida,0
DD-002172,2023-04-09,C-268,Nala,Baño,230.0,Tarjeta,EMP-08,traer vacunas,0
DD-001924,2023-04-09,C-139,Panda,Hotel,580.0,Transferencia,EMP-07,,0
DD-001782,2023-04-09,C-062,Zeus,Baño,280.0,Transferencia,EMP-08,,1
DD-002127,2023-04-09,C-248,Thor,Hotel,490.0,Tarjeta,EMP-05,cliente frecuente,0
DD-001822,2023-04-09,C-082,Zeus,Baño,410.0,Efectivo,EMP-01,propina incluida,0
DD-002095,2023-04-09,C-235,Blanca,Baño,390.0,Efectivo,EMP-07,primera visita,0
DD-001827,2023-04-09,C-085,Beto,Baño,230.0,Efectivo,EMP-05,cliente frecuente,0
DD-001767,2023-04-09,C-057,Bella,Guardería,220.0,Efectivo,EMP-08,,1
DD-002163,2023-04-09,C-263,Nena,Baño,350.0,Tarjeta,EMP-05,alérgico a champú,0
DD-001925,2023-04-09,C-140,Chispa,Guardería,240.0,Efectivo,EMP-02,,0
DD-001922,2023-04-09,C-135,Bella,Guardería,170.0,Efectivo,EMP-04,descuento aplicado,0
DD-001793,2023-04-10,C-066,Rocky,Guardería,250.0,Efectivo,EMP-02,cliente VIP,1
DD-002226,2023-04-10,C-298,Ringo,Guardería,240.0,Tarjeta,EMP-06,cliente frecuente,0
DD-001703,2023-04-10,C-021,Rocky,Guardería,200.0,Efectivo,EMP-02,,1
DD-001839,2023-04-10,C-089,Panda,Guardería,190.0,Efectivo,EMP-06,cliente VIP,0
DD-002080,2023-04-10,C-228,Sasha,Guardería,210.0,Tarjeta,EMP-03,perro agresivo,0
DD-001940,2023-04-10,C-150,Duke,Guardería,200.0,Efectivo,EMP-08,propina incluida,0
DD-002005,2023-04-10,C-182,Negro,Guardería,240.0,Tarjeta,EMP-01,,0
DD-002109,2023-04-10,C-240,Mia,Corte,480.0,Efectivo,EMP-02,,0
DD-002206,2023-04-10,C-286,Estrella,Guardería,180.0,Tarjeta,EMP-06,,0
DD-001981,2023-04-10,C-171,Bear,Baño,380.0,Transferencia,EMP-02,descuento aplicado,0
DD-002196,2023-04-10,C-277,Panda,Guardería,200.0,Transferencia,EMP-07,,0
DD-002024,2023-04-10,C-194,Nina,Baño,210.0,Efectivo,EMP-07,cliente frecuente,0
DD-002205,2023-04-10,C-286,Estrella,Corte,370.0,Tarjeta,EMP-04,,0
DD-002111,2023-04-10,C-241,Canela,Baño,200.0,Efectivo,EMP-08,primera visita,0
DD-001892,2023-04-11,C-118,Bonita,Corte,490.0,Transferencia,EMP-08,cliente frecuente,0
DD-001889,2023-04-11,C-116,Bonita,Baño,270.0,Efectivo,EMP-02,,0
DD-001945,2023-04-11,C-152,Rex,Baño,260.0,Tarjeta,EMP-05,alérgico a champú,0
DD-001708,2023-04-11,C-022,Sammy,Guardería,180.0,Tarjeta,EMP-07,cliente frecuente,1
DD-001803,2023-04-11,C-070,Buddy,Hotel,430.0,Tarjeta,EMP-03,,1
DD-001944,2023-04-11,C-152,Rex,Baño,280.0,Tarjeta,EMP-07,,0
DD-001690,2023-04-11,C-007,Tito,Guardería,170.0,Efectivo,EMP-06,pago pendiente,1
DD-002243,2023-04-11,C-309,Boby,Corte,440.0,Efectivo,EMP-04,,0
DD-001691,2023-04-11,C-008,Boby,Baño,220.0,Efectivo,EMP-06,,1
DD-001926,2023-04-11,C-141,Maya,Guardería,170.0,Efectivo,EMP-06,,0
DD-002218,2023-04-11,C-293,Blanca,Corte,370.0,Tarjeta,EMP-02,cliente frecuente,0
DD-002070,2023-04-11,C-224,Zeus,Baño,440.0,Tarjeta,EMP-06,,0
DD-001746,2023-04-11,C-044,Tigrillo,Guardería,240.0,Transferencia,EMP-04,,1
DD-001762,2023-04-11,C-053,Buddy,Baño,440.0,Tarjeta,EMP-05,,1
DD-001713,2023-04-11,C-025,Lola,Guardería,150.0,Efectivo,EMP-01,cliente VIP,1
DD-002160,2023-04-11,C-262,Charlie,Guardería,160.0,Transferencia,EMP-05,,0
DD-002147,2023-04-11,C-259,Paloma,Guardería,190.0,Transferencia,EMP-02,propina incluida,0
DD-001741,2023-04-11,C-041,Tigrillo,Corte,340.0,Efectivo,EMP-06,alérgico a champú,1
DD-002103,2023-04-11,C-238,Max,Guardería,150.0,Tarjeta,EMP-01,,0
DD-002136,2023-04-11,C-254,Fifi,Baño,270.0,Efectivo,EMP-08,cliente VIP,0
DD-002030,2023-04-12,C-201,Rosa,Guardería,240.0,Tarjeta,EMP-02,,0
DD-001755,2023-04-12,C-050,Max,Baño,280.0,Transferencia,EMP-04,traer vacunas,1
DD-002077,2023-04-12,C-227,Maya,Corte,380.0,Tarjeta,EMP-01,,0
DD-002125,2023-04-12,C-247,Rosa,Guardería,210.0,Efectivo,EMP-06,primera visita,0
DD-002073,2023-04-12,C-225,Simba,Guardería,190.0,Efectivo,EMP-06,pago pendiente,0
DD-002044,2023-04-12,C-208,Coco,Adiestramiento,470.0,Tarjeta,EMP-06,,0
DD-001747,2023-04-12,C-045,Thor,Baño,270.0,Tarjeta,EMP-06,,1
DD-001718,2023-04-12,C-026,Mia,Baño,380.0,Tarjeta,EMP-05,,1
DD-001788,2023-04-12,C-064,Bella,Guardería,210.0,Efectivo,EMP-05,alérgico a champú,1
DD-001781,2023-04-12,C-061,Toby,Guardería,220.0,Tarjeta,EMP-04,propina incluida,1
DD-002183,2023-04-12,C-271,Pancho,Guardería,240.0,Efectivo,EMP-06,descuento aplicado,0
DD-002118,2023-04-12,C-244,Coco,Baño,360.0,Transferencia,EMP-06,perro agresivo,0
DD-001930,2023-04-13,C-144,Rex,Baño,330.0,Tarjeta,EMP-04,cliente VIP,0
DD-001909,2023-04-13,C-126,Manchas,Guardería,160.0,Efectivo,EMP-02,requiere cita previa,0
DD-001967,2023-04-13,C-163,Rocky,Guardería,190.0,Tarjeta,EMP-01,,0
DD-002132,2023-04-13,C-252,Kira,Baño,280.0,Efectivo,EMP-08,,0
DD-001791,2023-04-13,C-064,Bella,Guardería,170.0,Efectivo,EMP-01,cliente VIP,1
DD-001725,2023-04-13,C-032,Tito,Guardería,190.0,Tarjeta,EMP-03,cliente frecuente,1
DD-002189,2023-04-13,C-274,Nena,Baño,400.0,Tarjeta,EMP-07,,0
DD-002180,2023-04-13,C-270,Luna,Adiestramiento,800.0,Efectivo,EMP-02,pago pendiente,0
DD-002173,2023-04-13,C-268,Nala,Baño,330.0,Efectivo,EMP-01,,0
DD-001756,2023-04-13,C-050,Max,Hotel,600.0,Efectivo,EMP-03,requiere cita previa,1
DD-002131,2023-04-13,C-251,Blanca,Baño,280.0,Tarjeta,EMP-03,descuento aplicado,0
DD-001797,2023-04-13,C-068,Lola,Baño,430.0,Efectivo,EMP-05,descuento aplicado,1
DD-002215,2023-04-13,C-292,Chico,Guardería,220.0,Transferencia,EMP-01,,0
DD-001695,2023-04-13,C-014,Nena,Guardería,150.0,Efectivo,EMP-04,pago pendiente,1
DD-001828,2023-04-13,C-085,Beto,Guardería,180.0,Efectivo,EMP-06,descuento aplicado,0
DD-002230,2023-04-13,C-302,Fifi,Baño,350.0,Tarjeta,EMP-03,,0
DD-001867,2023-04-13,C-105,Tito,Corte,360.0,Efectivo,EMP-04,traer vacunas,0
DD-002251,2023-04-13,C-315,Zeus,Adiestramiento,660.0,Efectivo,EMP-04,,0
DD-001838,2023-04-13,C-088,Simba,Baño,430.0,Efectivo,EMP-07,,0
DD-001880,2023-04-13,C-110,Pancho,Baño,330.0,Efectivo,EMP-08,,0
DD-002032,2023-04-13,C-201,Rosa,Guardería,180.0,Efectivo,EMP-03,traer vacunas,0
DD-002051,2023-04-13,C-213,Pancho,Guardería,250.0,Tarjeta,EMP-03,requiere cita previa,0
DD-001888,2023-04-14,C-116,Bonita,Corte,360.0,Efectivo,EMP-04,,0
DD-001701,2023-04-14,C-021,Rocky,Adiestramiento,460.0,Tarjeta,EMP-08,alérgico a champú,1
DD-001745,2023-04-14,C-044,Tigrillo,Guardería,190.0,Transferencia,EMP-03,traer vacunas,1
DD-001875,2023-04-14,C-108,Sasha,Guardería,210.0,Tarjeta,EMP-04,,0
DD-002166,2023-04-14,C-264,Sultan,Baño,230.0,Tarjeta,EMP-08,primera visita,0
DD-002165,2023-04-14,C-264,Sultan,Baño,260.0,Efectivo,EMP-06,cliente frecuente,0
DD-001768,2023-04-14,C-057,Bella,Guardería,170.0,Tarjeta,EMP-07,,1
DD-001913,2023-04-14,C-129,Tigrillo,Guardería,210.0,Tarjeta,EMP-07,,0
DD-002244,2023-04-14,C-309,Boby,Guardería,230.0,Transferencia,EMP-05,pago pendiente,0
DD-001896,2023-04-14,C-119,Canela,Guardería,200.0,Efectivo,EMP-02,cliente VIP,0
DD-001698,2023-04-14,C-018,Toby,Guardería,160.0,Efectivo,EMP-08,cliente frecuente,1
DD-001970,2023-04-14,C-163,Rocky,Guardería,200.0,Efectivo,EMP-05,cliente VIP,0
DD-001801,2023-04-14,C-069,Paloma,Guardería,230.0,Tarjeta,EMP-01,,1
DD-002065,2023-04-14,C-222,Canela,Adiestramiento,620.0,Efectivo,EMP-02,,0
DD-001815,2023-04-14,C-079,Charlie,Corte,500.0,Efectivo,EMP-03,,1
DD-002099,2023-04-14,C-237,Tito,Baño,330.0,Transferencia,EMP-07,requiere cita previa,0
DD-001824,2023-04-14,C-084,Pancho,Corte,260.0,Tarjeta,EMP-03,,0
DD-002247,2023-04-14,C-312,Bella,Baño,220.0,Tarjeta,EMP-06,pago pendiente,0
DD-002134,2023-04-14,C-252,Kira,Adiestramiento,640.0,Efectivo,EMP-07,cliente VIP,0
DD-001806,2023-04-14,C-072,Chico,Hotel,540.0,Efectivo,EMP-05,,1
DD-002019,2023-04-15,C-190,Beto,Guardería,190.0,Tarjeta,EMP-02,perro agresivo,0
DD-002187,2023-04-15,C-273,Nena,Guardería,160.0,Efectivo,EMP-07,propina incluida,0
DD-001968,2023-04-15,C-163,Rocky,Guardería,160.0,Transferencia,EMP-02,,0
DD-001979,2023-04-15,C-171,Bear,Guardería,240.0,Efectivo,EMP-06,,0
DD-002088,2023-04-15,C-231,Fifi,Baño,350.0,Efectivo,EMP-03,cliente frecuente,0
DD-002082,2023-04-15,C-230,Chico,Guardería,230.0,Tarjeta,EMP-02,,0
DD-002027,2023-04-15,C-198,Chato,Baño,250.0,Efectivo,EMP-01,,0
DD-002222,2023-04-15,C-297,Sasha,Baño,220.0,Efectivo,EMP-07,,0
DD-001949,2023-04-15,C-154,Nena,Corte,320.0,Efectivo,EMP-02,cliente VIP,0
DD-001681,2023-04-15,C-001,Lobo,Guardería,220.0,Transferencia,EMP-05,cliente frecuente,1
DD-001946,2023-04-15,C-152,Rex,Guardería,230.0,Efectivo,EMP-05,,0
DD-001774,2023-04-15,C-058,Gordo,Guardería,180.0,Tarjeta,EMP-04,requiere cita previa,1
DD-001719,2023-04-15,C-027,Zeus,Hotel,350.0,Efectivo,EMP-07,,1
DD-001921,2023-04-15,C-135,Bella,Hotel,530.0,Tarjeta,EMP-01,,0
DD-001886,2023-04-15,C-115,Charlie,Baño,280.0,Transferencia,EMP-06,primera visita,0
DD-001715,2023-04-15,C-025,Lola,Guardería,210.0,Tarjeta,EMP-06,descuento aplicado,1
DD-001754,2023-04-15,C-048,Buddy,Guardería,220.0,Transferencia,EMP-07,,1
DD-001819,2023-04-15,C-080,Luna,Corte,420.0,Efectivo,EMP-07,,1
DD-001902,2023-04-15,C-120,Duke,Adiestramiento,560.0,Transferencia,EMP-02,requiere cita previa,0
DD-001731,2023-04-15,C-033,Max,Guardería,240.0,Transferencia,EMP-04,,1
DD-001693,2023-04-16,C-011,Daisy,Guardería,200.0,Tarjeta,EMP-03,perro agresivo,1
DD-001858,2023-04-16,C-101,Fifi,Guardería,190.0,Tarjeta,EMP-06,,0
DD-001986,2023-04-16,C-175,Panda,Guardería,200.0,Efectivo,EMP-03,pago pendiente,0
DD-002208,2023-04-16,C-287,Maya,Baño,430.0,Tarjeta,EMP-07,,0
DD-001680,2023-04-16,C-001,Lobo,Guardería,230.0,Efectivo,EMP-01,cliente frecuente,1
DD-001834,2023-04-16,C-087,Sasha,Guardería,180.0,Transferencia,EMP-08,,0
DD-002192,2023-04-16,C-276,Charlie,Hotel,470.0,Efectivo,EMP-05,propina incluida,0
DD-002210,2023-04-16,C-288,Boby,Guardería,210.0,Efectivo,EMP-03,,0
DD-001804,2023-04-16,C-071,Daisy,Hotel,490.0,Efectivo,EMP-08,cliente frecuente,1
DD-001772,2023-04-16,C-058,Gordo,Corte,370.0,Tarjeta,EMP-02,perro agresivo,1
DD-002211,2023-04-16,C-290,Lola,Baño,240.0,Tarjeta,EMP-01,,0
DD-001837,2023-04-16,C-088,Simba,Guardería,160.0,Tarjeta,EMP-08,cliente frecuente,0
DD-001903,2023-04-17,C-121,Duke,Baño,260.0,Tarjeta,EMP-01,primera visita,0
DD-002021,2023-04-17,C-192,Sammy,Baño,230.0,Transferencia,EMP-03,descuento aplicado,0
DD-001882,2023-04-17,C-113,Lola,Guardería,250.0,Tarjeta,EMP-02,,0
DD-001857,2023-04-17,C-100,Rosa,Corte,470.0,Efectivo,EMP-01,cliente VIP,0
DD-001861,2023-04-17,C-103,Panda,Guardería,200.0,Tarjeta,EMP-05,,0
DD-002253,2023-04-17,C-318,Negro,Guardería,190.0,Efectivo,EMP-07,,0
DD-001852,2023-04-17,C-097,Bella,Guardería,190.0,Efectivo,EMP-06,propina incluida,0
DD-001844,2023-04-17,C-091,Kira,Baño,260.0,Tarjeta,EMP-04,,0
DD-001843,2023-04-17,C-091,Kira,Hotel,520.0,Tarjeta,EMP-03,,0
DD-001826,2023-04-17,C-085,Beto,Baño,360.0,Efectivo,EMP-04,perro agresivo,0
DD-002106,2023-04-17,C-240,Mia,Baño,440.0,Tarjeta,EMP-01,,0
DD-001686,2023-04-17,C-006,Thor,Baño,330.0,Tarjeta,EMP-07,,1
DD-001808,2023-04-17,C-073,Max,Adiestramiento,470.0,Efectivo,EMP-08,,1
DD-002154,2023-04-17,C-261,Sultan,Guardería,220.0,Tarjeta,EMP-01,,0
DD-002139,2023-04-17,C-255,Frida,Corte,290.0,Tarjeta,EMP-03,propina incluida,0
DD-002029,2023-04-17,C-201,Rosa,Guardería,170.0,Efectivo,EMP-07,,0
DD-001991,2023-04-17,C-177,Princesa,Corte,330.0,Efectivo,EMP-06,primera visita,0
DD-001947,2023-04-17,C-153,Chato,Guardería,170.0,Transferencia,EMP-07,primera visita,0
DD-002144,2023-04-17,C-258,Lola,Hotel,460.0,Transferencia,EMP-06,traer vacunas,0
DD-001935,2023-04-17,C-148,Lola,Guardería,220.0,Efectivo,EMP-04,requiere cita previa,0
DD-001958,2023-04-17,C-159,Sultan,Guardería,160.0,Efectivo,EMP-02,pago pendiente,0
DD-001705,2023-04-17,C-022,Sammy,Guardería,220.0,Efectivo,EMP-03,,1
DD-001969,2023-04-17,C-163,Rocky,Baño,290.0,Tarjeta,EMP-03,cliente VIP,0
DD-002231,2023-04-17,C-302,Fifi,Hotel,540.0,Tarjeta,EMP-03,,0
DD-001918,2023-04-17,C-132,Blanca,Guardería,160.0,Efectivo,EMP-03,requiere cita previa,0
DD-001919,2023-04-17,C-132,Blanca,Guardería,200.0,Tarjeta,EMP-02,cliente frecuente,0
DD-001987,2023-04-17,C-175,Panda,Guardería,240.0,Transferencia,EMP-01,cliente VIP,0
DD-001689,2023-04-18,C-007,Tito,Baño,310.0,Efectivo,EMP-02,perro agresivo,1
DD-001842,2023-04-18,C-091,Kira,Baño,270.0,Efectivo,EMP-03,,0
DD-002089,2023-04-18,C-231,Fifi,Adiestramiento,780.0,Tarjeta,EMP-03,,0
DD-001862,2023-04-18,C-103,Panda,Corte,430.0,Transferencia,EMP-08,,0
DD-002076,2023-04-18,C-227,Maya,Guardería,240.0,Tarjeta,EMP-02,,0
DD-001759,2023-04-18,C-050,Max,Guardería,240.0,Efectivo,EMP-04,perro agresivo,1
DD-002250,2023-04-18,C-315,Zeus,Adiestramiento,780.0,Tarjeta,EMP-02,,0
DD-002071,2023-04-18,C-225,Simba,Guardería,220.0,Tarjeta,EMP-05,alérgico a champú,0
DD-002101,2023-04-18,C-237,Tito,Baño,210.0,Tarjeta,EMP-05,,0
DD-001753,2023-04-18,C-048,Buddy,Guardería,230.0,Tarjeta,EMP-01,,1
DD-002102,2023-04-18,C-238,Max,Hotel,520.0,Tarjeta,EMP-04,,0
DD-002036,2023-04-18,C-204,Nala,Guardería,230.0,Tarjeta,EMP-01,perro agresivo,0
DD-001899,2023-04-18,C-119,Canela,Baño,340.0,Efectivo,EMP-03,cliente VIP,0
DD-002185,2023-04-18,C-272,Boby,Corte,390.0,Efectivo,EMP-02,propina incluida,0
DD-002004,2023-04-18,C-181,Nala,Guardería,210.0,Efectivo,EMP-07,cliente VIP,0
DD-001943,2023-04-18,C-151,Rocky,Guardería,160.0,Tarjeta,EMP-05,alérgico a champú,0
DD-001916,2023-04-18,C-131,Sultan,Guardería,210.0,Transferencia,EMP-01,cliente VIP,0
DD-002159,2023-04-18,C-262,Charlie,Hotel,460.0,Transferencia,EMP-04,perro agresivo,0
DD-002123,2023-04-18,C-246,Luna,Adiestramiento,580.0,Tarjeta,EMP-07,,0
DD-002186,2023-04-18,C-272,Boby,Baño,420.0,Tarjeta,EMP-06,,0
DD-002184,2023-04-19,C-272,Boby,Corte,450.0,Transferencia,EMP-07,alérgico a champú,0
DD-002257,2023-04-19,C-320,Negro,Guardería,220.0,Efectivo,EMP-07,,0
DD-002069,2023-04-19,C-224,Zeus,Corte,440.0,Tarjeta,EMP-06,alérgico a champú,0
DD-001931,2023-04-19,C-145,Lola,Guardería,250.0,Tarjeta,EMP-08,descuento aplicado,0
DD-001923,2023-04-19,C-136,Simba,Guardería,180.0,Transferencia,EMP-06,,0
DD-002075,2023-04-19,C-226,Chispa,Guardería,240.0,Efectivo,EMP-08,,0
DD-002255,2023-04-19,C-318,Negro,Baño,260.0,Efectivo,EMP-01,cliente VIP,0
DD-002037,2023-04-19,C-204,Nala,Corte,280.0,Efectivo,EMP-07,propina incluida,0
DD-002018,2023-04-19,C-189,Zeus,Guardería,160.0,Tarjeta,EMP-03,cliente frecuente,0
DD-001833,2023-04-19,C-086,Gordo,Guardería,160.0,Efectivo,EMP-06,,0
DD-002146,2023-04-19,C-258,Lola,Guardería,200.0,Efectivo,EMP-05,primera visita,0
DD-001697,2023-04-19,C-016,Max,Corte,360.0,Tarjeta,EMP-06,cliente VIP,1
DD-002148,2023-04-19,C-259,Paloma,Guardería,250.0,Efectivo,EMP-07,cliente VIP,0
DD-001771,2023-04-19,C-058,Gordo,Hotel,580.0,Tarjeta,EMP-06,alérgico a champú,1
DD-002115,2023-04-19,C-243,Maya,Guardería,180.0,Tarjeta,EMP-07,cliente VIP,0
DD-002112,2023-04-19,C-241,Canela,Baño,270.0,Efectivo,EMP-03,pago pendiente,0
DD-001962,2023-04-19,C-160,Boby,Adiestramiento,540.0,Efectivo,EMP-01,,0
DD-002010,2023-04-19,C-186,Frida,Guardería,180.0,Efectivo,EMP-01,requiere cita previa,0
DD-001814,2023-04-19,C-078,Kira,Baño,210.0,Efectivo,EMP-01,cliente VIP,1
DD-002197,2023-04-19,C-277,Panda,Adiestramiento,780.0,Efectivo,EMP-06,perro agresivo,0
DD-002015,2023-04-19,C-187,Simba,Guardería,170.0,Tarjeta,EMP-03,pago pendiente,0
DD-001927,2023-04-20,C-141,Maya,Hotel,460.0,Efectivo,EMP-07,,0
DD-001809,2023-04-20,C-075,Chato,Baño,440.0,Efectivo,EMP-08,,1
DD-002096,2023-04-20,C-235,Blanca,Baño,280.0,Tarjeta,EMP-05,alérgico a champú,0
DD-001761,2023-04-20,C-052,Estrella,Guardería,210.0,Efectivo,EMP-01,cliente VIP,1
DD-001751,2023-04-20,C-046,Chato,Guardería,250.0,Efectivo,EMP-01,,1
DD-002138,2023-04-20,C-255,Frida,Baño,290.0,Tarjeta,EMP-02,,0
DD-002232,2023-04-20,C-303,Toby,Hotel,440.0,Transferencia,EMP-05,traer vacunas,0
DD-001960,2023-04-20,C-159,Sultan,Baño,200.0,Transferencia,EMP-07,requiere cita previa,0
DD-002214,2023-04-20,C-292,Chico,Hotel,570.0,Tarjeta,EMP-06,,0
DD-001749,2023-04-20,C-046,Chato,Guardería,230.0,Tarjeta,EMP-01,perro agresivo,1
DD-001989,2023-04-20,C-176,Estrella,Corte,390.0,Tarjeta,EMP-02,descuento aplicado,0
DD-002221,2023-04-20,C-297,Sasha,Baño,230.0,Transferencia,EMP-07,,0
DD-002194,2023-04-20,C-276,Charlie,Hotel,510.0,Transferencia,EMP-01,,0
DD-002013,2023-04-20,C-186,Frida,Baño,210.0,Efectivo,EMP-07,,0
DD-001897,2023-04-20,C-119,Canela,Adiestramiento,690.0,Efectivo,EMP-02,,0
DD-001735,2023-04-20,C-037,Toby,Guardería,220.0,Tarjeta,EMP-01,traer vacunas,1
DD-001985,2023-04-20,C-174,Chispa,Baño,290.0,Transferencia,EMP-04,traer vacunas,0
DD-002256,2023-04-20,C-319,Princesa,Guardería,240.0,Efectivo,EMP-06,perro agresivo,0
DD-001905,2023-04-20,C-122,Pepa,Guardería,200.0,Transferencia,EMP-05,propina incluida,0
DD-001744,2023-04-20,C-043,Luna,Guardería,240.0,Tarjeta,EMP-04,,1
DD-001724,2023-04-20,C-031,Ringo,Hotel,550.0,Efectivo,EMP-03,,1
DD-001712,2023-04-20,C-024,Sultan,Guardería,220.0,Tarjeta,EMP-07,cliente VIP,1
DD-002162,2023-04-21,C-263,Nena,Corte,290.0,Tarjeta,EMP-08,propina incluida,0
DD-001766,2023-04-21,C-056,Bonita,Guardería,220.0,Tarjeta,EMP-02,,1
DD-002151,2023-04-21,C-260,Bonita,Baño,280.0,Tarjeta,EMP-01,pago pendiente,0
DD-001780,2023-04-21,C-061,Toby,Guardería,170.0,Efectivo,EMP-08,,1
DD-002234,2023-04-21,C-304,Buddy,Corte,300.0,Efectivo,EMP-08,pago pendiente,0
DD-001710,2023-04-21,C-024,Sultan,Guardería,210.0,Efectivo,EMP-06,alérgico a champú,1
DD-001758,2023-04-21,C-050,Max,Baño,290.0,Efectivo,EMP-08,descuento aplicado,1
DD-002023,2023-04-21,C-192,Sammy,Hotel,390.0,Efectivo,EMP-04,primera visita,0
DD-002130,2023-04-21,C-249,Kira,Adiestramiento,490.0,Tarjeta,EMP-04,perro agresivo,0
DD-001706,2023-04-21,C-022,Sammy,Guardería,180.0,Transferencia,EMP-01,perro agresivo,1
DD-002014,2023-04-21,C-186,Frida,Hotel,560.0,Tarjeta,EMP-02,,0
DD-002177,2023-04-21,C-270,Luna,Baño,300.0,Efectivo,EMP-02,cliente frecuente,0
DD-002176,2023-04-21,C-269,Maya,Guardería,160.0,Tarjeta,EMP-03,perro agresivo,0
DD-001992,2023-04-21,C-178,Coco,Guardería,180.0,Transferencia,EMP-03,cliente VIP,0
DD-001873,2023-04-21,C-106,Charlie,Baño,260.0,Transferencia,EMP-05,pago pendiente,0
DD-001846,2023-04-21,C-094,Bear,Hotel,580.0,Efectivo,EMP-06,,0
DD-001786,2023-04-22,C-063,Estrella,Corte,320.0,Efectivo,EMP-05,,1
DD-002213,2023-04-22,C-291,Blanca,Guardería,230.0,Tarjeta,EMP-07,alérgico a champú,0
DD-002228,2023-04-22,C-300,Manchas,Guardería,190.0,Transferencia,EMP-01,primera visita,0
DD-001816,2023-04-22,C-079,Charlie,Guardería,160.0,Efectivo,EMP-05,cliente VIP,1
DD-001872,2023-04-22,C-106,Charlie,Guardería,220.0,Efectivo,EMP-02,primera visita,0
DD-001734,2023-04-22,C-036,Rex,Guardería,250.0,Efectivo,EMP-08,primera visita,1
DD-001853,2023-04-22,C-097,Bella,Guardería,240.0,Tarjeta,EMP-07,requiere cita previa,0
DD-001830,2023-04-22,C-086,Gordo,Guardería,230.0,Tarjeta,EMP-08,traer vacunas,0
DD-001805,2023-04-22,C-072,Chico,Corte,340.0,Efectivo,EMP-05,perro agresivo,1
DD-001729,2023-04-22,C-033,Max,Hotel,430.0,Tarjeta,EMP-07,cliente frecuente,1
DD-001728,2023-04-22,C-033,Max,Guardería,220.0,Tarjeta,EMP-05,,1
DD-001994,2023-04-22,C-179,Nina,Guardería,180.0,Tarjeta,EMP-04,requiere cita previa,0
DD-001939,2023-04-22,C-149,Toby,Adiestramiento,710.0,Transferencia,EMP-02,,0
DD-001769,2023-04-22,C-057,Bella,Guardería,180.0,Efectivo,EMP-08,descuento aplicado,1
DD-002190,2023-04-22,C-274,Nena,Baño,270.0,Tarjeta,EMP-04,,0
DD-002033,2023-04-22,C-202,Tigrillo,Guardería,150.0,Tarjeta,EMP-02,primera visita,0
DD-001835,2023-04-22,C-087,Sasha,Adiestramiento,500.0,Tarjeta,EMP-04,requiere cita previa,0
DD-002059,2023-04-22,C-219,Nina,Hotel,490.0,Efectivo,EMP-02,traer vacunas,0
DD-002055,2023-04-23,C-216,Bonita,Guardería,160.0,Tarjeta,EMP-07,,0
DD-002145,2023-04-23,C-258,Lola,Adiestramiento,440.0,Efectivo,EMP-01,,0
DD-001957,2023-04-23,C-158,Negro,Baño,240.0,Efectivo,EMP-06,primera visita,0
DD-001859,2023-04-23,C-101,Fifi,Guardería,180.0,Tarjeta,EMP-05,pago pendiente,0
DD-001914,2023-04-23,C-130,Gordo,Hotel,530.0,Efectivo,EMP-02,descuento aplicado,0
DD-002229,2023-04-23,C-301,Gus,Hotel,390.0,Efectivo,EMP-06,,0
DD-001953,2023-04-23,C-156,Beto,Baño,320.0,Efectivo,EMP-02,,0
DD-002058,2023-04-23,C-219,Nina,Hotel,500.0,Tarjeta,EMP-01,,0
DD-001972,2023-04-23,C-166,Boby,Guardería,190.0,Efectivo,EMP-08,cliente frecuente,0
DD-001929,2023-04-23,C-143,Rex,Adiestramiento,600.0,Tarjeta,EMP-01,,0
DD-001789,2023-04-23,C-064,Bella,Guardería,240.0,Efectivo,EMP-04,,1
DD-001757,2023-04-23,C-050,Max,Hotel,360.0,Tarjeta,EMP-01,pago pendiente,1
DD-001881,2023-04-23,C-112,Princesa,Guardería,220.0,Efectivo,EMP-05,alérgico a champú,0
DD-001973,2023-04-23,C-167,Coco,Baño,250.0,Efectivo,EMP-07,,0
DD-002078,2023-04-23,C-227,Maya,Guardería,210.0,Efectivo,EMP-03,requiere cita previa,0
DD-001845,2023-04-23,C-093,Thor,Guardería,210.0,Transferencia,EMP-04,cliente VIP,0
DD-002227,2023-04-23,C-299,Negro,Hotel,430.0,Efectivo,EMP-02,,0
DD-002164,2023-04-23,C-264,Sultan,Guardería,210.0,Efectivo,EMP-07,propina incluida,0
DD-002035,2023-04-23,C-203,Princesa,Corte,320.0,Efectivo,EMP-03,propina incluida,0
DD-001684,2023-04-23,C-005,Canela,Baño,220.0,Tarjeta,EMP-06,,1
DD-001779,2023-04-23,C-059,Pepa,Guardería,250.0,Tarjeta,EMP-01,cliente frecuente,1
DD-002020,2023-04-23,C-191,Sammy,Guardería,160.0,Efectivo,EMP-08,descuento aplicado,0
DD-001870,2023-04-23,C-106,Charlie,Guardería,180.0,Efectivo,EMP-06,,0
DD-001879,2023-04-23,C-110,Pancho,Baño,240.0,Efectivo,EMP-03,propina incluida,0
DD-001799,2023-04-23,C-069,Paloma,Guardería,240.0,Efectivo,EMP-04,,1
DD-002086,2023-04-23,C-230,Chico,Corte,430.0,Tarjeta,EMP-03,traer vacunas,0
DD-002137,2023-04-24,C-254,Fifi,Corte,420.0,Tarjeta,EMP-07,,0
DD-001784,2023-04-24,C-062,Zeus,Adiestramiento,630.0,Tarjeta,EMP-04,,1
DD-001997,2023-04-24,C-180,Buddy,Corte,470.0,Tarjeta,EMP-08,,0
DD-002047,2023-04-24,C-209,Manchas,Baño,210.0,Tarjeta,EMP-08,,0
DD-002174,2023-04-24,C-268,Nala,Guardería,200.0,Efectivo,EMP-07,,0
DD-001855,2023-04-24,C-098,Ringo,Adiestramiento,650.0,Transferencia,EMP-03,propina incluida,0
DD-002161,2023-04-24,C-263,Nena,Adiestramiento,510.0,Efectivo,EMP-08,primera visita,0
DD-001737,2023-04-24,C-039,Tigrillo,Hotel,400.0,Efectivo,EMP-03,,1
DD-002223,2023-04-24,C-297,Sasha,Guardería,220.0,Tarjeta,EMP-07,requiere cita previa,0
DD-002201,2023-04-24,C-281,Bear,Baño,400.0,Tarjeta,EMP-06,,0
DD-002034,2023-04-24,C-202,Tigrillo,Guardería,180.0,Efectivo,EMP-07,primera visita,0
DD-001736,2023-04-24,C-038,Buddy,Guardería,180.0,Efectivo,EMP-02,traer vacunas,1
DD-001823,2023-04-24,C-083,Duke,Guardería,220.0,Efectivo,EMP-01,,0
DD-002124,2023-04-24,C-247,Rosa,Guardería,200.0,Efectivo,EMP-05,primera visita,0
DD-002017,2023-04-24,C-188,Chico,Guardería,210.0,Efectivo,EMP-08,perro agresivo,0
DD-002093,2023-04-24,C-234,Toby,Baño,370.0,Tarjeta,EMP-03,alérgico a champú,0
DD-002153,2023-04-25,C-261,Sultan,Baño,310.0,Tarjeta,EMP-08,,0
DD-001765,2023-04-25,C-056,Bonita,Baño,380.0,Tarjeta,EMP-03,,1
DD-001732,2023-04-25,C-034,Gus,Baño,250.0,Efectivo,EMP-03,,1
DD-002149,2023-04-25,C-259,Paloma,Guardería,240.0,Tarjeta,EMP-05,descuento aplicado,0
DD-002241,2023-04-25,C-308,Nina,Guardería,240.0,Transferencia,EMP-05,cliente frecuente,0
DD-001694,2023-04-25,C-012,Chispa,Corte,380.0,Efectivo,EMP-05,,1
DD-001775,2023-04-25,C-059,Pepa,Corte,340.0,Efectivo,EMP-07,descuento aplicado,1
DD-002091,2023-04-25,C-233,Manchas,Baño,430.0,Efectivo,EMP-04,,0
DD-002110,2023-04-25,C-240,Mia,Adiestramiento,710.0,Efectivo,EMP-04,,0
DD-001977,2023-04-25,C-168,Charlie,Guardería,220.0,Efectivo,EMP-07,pago pendiente,0
DD-002001,2023-04-25,C-181,Nala,Baño,330.0,Tarjeta,EMP-04,,0
DD-001849,2023-04-25,C-096,Chato,Guardería,160.0,Tarjeta,EMP-06,,0
DD-001956,2023-04-25,C-158,Negro,Baño,310.0,Transferencia,EMP-03,descuento aplicado,0
DD-001895,2023-04-25,C-118,Bonita,Corte,290.0,Tarjeta,EMP-07,pago pendiente,0
DD-002028,2023-04-25,C-200,Paloma,Guardería,220.0,Efectivo,EMP-03,pago pendiente,0
DD-002242,2023-04-25,C-309,Boby,Baño,210.0,Efectivo,EMP-04,propina incluida,0
DD-001778,2023-04-25,C-059,Pepa,Baño,410.0,Transferencia,EMP-07,primera visita,1
DD-002104,2023-04-25,C-240,Mia,Baño,260.0,Tarjeta,EMP-08,,0
DD-002068,2023-04-26,C-223,Sasha,Guardería,230.0,Efectivo,EMP-06,,0
DD-001874,2023-04-26,C-107,Lobo,Corte,430.0,Tarjeta,EMP-05,requiere cita previa,0
DD-001871,2023-04-26,C-106,Charlie,Guardería,180.0,Efectivo,EMP-01,perro agresivo,0
DD-001883,2023-04-26,C-114,Rocky,Baño,280.0,Tarjeta,EMP-04,,0
DD-001982,2023-04-26,C-172,Tito,Guardería,160.0,Efectivo,EMP-05,propina incluida,0
DD-001915,2023-04-26,C-130,Gordo,Guardería,240.0,Transferencia,EMP-08,primera visita,0
DD-001752,2023-04-26,C-046,Chato,Guardería,240.0,Tarjeta,EMP-02,,1
DD-002236,2023-04-26,C-306,Pepa,Corte,390.0,Tarjeta,EMP-06,traer vacunas,0
DD-002248,2023-04-26,C-313,Nala,Guardería,220.0,Efectivo,EMP-04,,0
DD-002039,2023-04-26,C-205,Pepa,Guardería,250.0,Efectivo,EMP-06,,0
DD-001894,2023-04-26,C-118,Bonita,Baño,430.0,Efectivo,EMP-02,,0
DD-002119,2023-04-26,C-245,Frida,Corte,380.0,Tarjeta,EMP-07,cliente frecuente,0
DD-001726,2023-04-26,C-032,Tito,Baño,430.0,Tarjeta,EMP-01,cliente VIP,1
DD-001773,2023-04-26,C-058,Gordo,Guardería,160.0,Efectivo,EMP-06,traer vacunas,1
DD-002121,2023-04-26,C-246,Luna,Baño,290.0,Efectivo,EMP-04,primera visita,0
DD-002126,2023-04-26,C-247,Rosa,Guardería,220.0,Efectivo,EMP-01,cliente frecuente,0
DD-002008,2023-04-26,C-185,Toby,Guardería,160.0,Efectivo,EMP-07,cliente frecuente,0
DD-002179,2023-04-26,C-270,Luna,Baño,320.0,Transferencia,EMP-02,requiere cita previa,0
DD-002002,2023-04-27,C-181,Nala,Hotel,400.0,Efectivo,EMP-05,,0
DD-002003,2023-04-27,C-181,Nala,Guardería,170.0,Efectivo,EMP-07,,0
DD-001904,2023-04-27,C-122,Pepa,Baño,450.0,Efectivo,EMP-03,cliente frecuente,0
DD-001777,2023-04-27,C-059,Pepa,Guardería,230.0,Efectivo,EMP-06,requiere cita previa,1
DD-001995,2023-04-27,C-179,Nina,Guardería,210.0,Efectivo,EMP-02,requiere cita previa,0
DD-002092,2023-04-27,C-233,Manchas,Baño,230.0,Efectivo,EMP-03,perro agresivo,0
DD-001911,2023-04-27,C-126,Manchas,Guardería,220.0,Efectivo,EMP-07,descuento aplicado,0
DD-002072,2023-04-27,C-225,Simba,Guardería,200.0,Transferencia,EMP-03,,0
DD-002007,2023-04-27,C-183,Sammy,Guardería,200.0,Efectivo,EMP-02,pago pendiente,0
DD-001716,2023-04-27,C-026,Mia,Guardería,160.0,Efectivo,EMP-08,,1
DD-002220,2023-04-27,C-296,Duke,Baño,340.0,Efectivo,EMP-07,,0
DD-001817,2023-04-27,C-080,Luna,Hotel,370.0,Tarjeta,EMP-01,perro agresivo,1
DD-001917,2023-04-27,C-131,Sultan,Baño,270.0,Efectivo,EMP-04,traer vacunas,0
DD-001961,2023-04-27,C-160,Boby,Adiestramiento,690.0,Tarjeta,EMP-04,,0
DD-002245,2023-04-27,C-309,Boby,Guardería,150.0,Efectivo,EMP-05,perro agresivo,0
DD-001959,2023-04-27,C-159,Sultan,Guardería,180.0,Efectivo,EMP-06,perro agresivo,0
DD-001952,2023-04-27,C-155,Nala,Baño,350.0,Tarjeta,EMP-02,propina incluida,0
DD-001910,2023-04-27,C-126,Manchas,Guardería,220.0,Efectivo,EMP-07,descuento aplicado,0
DD-001900,2023-04-27,C-119,Canela,Guardería,220.0,Efectivo,EMP-03,descuento aplicado,0
DD-001730,2023-04-28,C-033,Max,Baño,250.0,Tarjeta,EMP-03,,1
DD-002142,2023-04-28,C-257,Canela,Corte,480.0,Efectivo,EMP-07,,0
DD-002235,2023-04-28,C-305,Paloma,Baño,380.0,Efectivo,EMP-07,traer vacunas,0
DD-001974,2023-04-28,C-167,Coco,Guardería,240.0,Tarjeta,EMP-05,cliente VIP,0
DD-001955,2023-04-28,C-157,Thor,Baño,400.0,Efectivo,EMP-07,alérgico a champú,0
DD-001696,2023-04-28,C-015,Panda,Hotel,600.0,Transferencia,EMP-04,pago pendiente,1
DD-002009,2023-04-28,C-185,Toby,Hotel,560.0,Tarjeta,EMP-02,,0
DD-002031,2023-04-28,C-201,Rosa,Corte,300.0,Tarjeta,EMP-08,,0
DD-001733,2023-04-28,C-034,Gus,Baño,430.0,Efectivo,EMP-03,cliente VIP,1
DD-001692,2023-04-28,C-008,Boby,Baño,440.0,Transferencia,EMP-06,pago pendiente,1
DD-001948,2023-04-28,C-154,Nena,Corte,400.0,Tarjeta,EMP-08,,0
DD-002117,2023-04-28,C-243,Maya,Baño,380.0,Tarjeta,EMP-01,,0
DD-001820,2023-04-28,C-080,Luna,Guardería,240.0,Efectivo,EMP-05,cliente frecuente,1
DD-001825,2023-04-28,C-084,Pancho,Guardería,180.0,Transferencia,EMP-07,primera visita,0
DD-002085,2023-04-28,C-230,Chico,Guardería,150.0,Tarjeta,EMP-03,,0
DD-001854,2023-04-28,C-098,Ringo,Adiestramiento,770.0,Efectivo,EMP-03,alérgico a champú,0
DD-001864,2023-04-28,C-103,Panda,Guardería,180.0,Tarjeta,EMP-01,cliente frecuente,0
DD-002233,2023-04-28,C-303,Toby,Guardería,240.0,Efectivo,EMP-08,primera visita,0
DD-002188,2023-04-28,C-273,Nena,Guardería,150.0,Efectivo,EMP-02,,0
DD-001885,2023-04-28,C-115,Charlie,Guardería,160.0,Tarjeta,EMP-04,descuento aplicado,0
DD-002193,2023-04-28,C-276,Charlie,Corte,470.0,Tarjeta,EMP-06,cliente VIP,0
DD-002038,2023-04-28,C-204,Nala,Baño,200.0,Tarjeta,EMP-04,,0
DD-002016,2023-04-29,C-187,Simba,Guardería,240.0,Transferencia,EMP-06,,0
DD-002150,2023-04-29,C-260,Bonita,Guardería,150.0,Efectivo,EMP-05,traer vacunas,0
DD-001792,2023-04-29,C-065,Buddy,Guardería,220.0,Tarjeta,EMP-02,,1
DD-002100,2023-04-29,C-237,Tito,Guardería,190.0,Tarjeta,EMP-03,,0
DD-001978,2023-04-29,C-170,Frida,Corte,340.0,Efectivo,EMP-07,,0
DD-002025,2023-04-29,C-196,Nina,Guardería,210.0,Efectivo,EMP-06,primera visita,0
DD-001866,2023-04-29,C-105,Tito,Guardería,160.0,Tarjeta,EMP-08,,0
DD-002046,2023-04-29,C-209,Manchas,Guardería,250.0,Tarjeta,EMP-08,requiere cita previa,0
DD-001983,2023-04-29,C-173,Charlie,Guardería,160.0,Efectivo,EMP-05,cliente VIP,0
DD-002170,2023-04-29,C-267,Daisy,Adiestramiento,460.0,Tarjeta,EMP-04,,0
DD-002199,2023-04-29,C-279,Coco,Corte,310.0,Tarjeta,EMP-08,,0
DD-002074,2023-04-29,C-225,Simba,Guardería,180.0,Tarjeta,EMP-03,,0
DD-002043,2023-04-29,C-207,Ringo,Baño,380.0,Efectivo,EMP-03,,0
DD-001863,2023-04-29,C-103,Panda,Hotel,590.0,Efectivo,EMP-08,requiere cita previa,0
DD-001907,2023-04-29,C-125,Tigrillo,Guardería,220.0,Tarjeta,EMP-05,,0
DD-002178,2023-04-29,C-270,Luna,Guardería,230.0,Tarjeta,EMP-07,,0
DD-001760,2023-04-29,C-052,Estrella,Guardería,220.0,Tarjeta,EMP-04,traer vacunas,1
DD-001912,2023-04-29,C-128,Chico,Hotel,380.0,Tarjeta,EMP-04,,0
DD-001687,2023-04-30,C-006,Thor,Baño,380.0,Tarjeta,EMP-04,,1
DD-001688,2023-04-30,C-007,Tito,Adiestramiento,630.0,Efectivo,EMP-01,cliente frecuente,1
DD-002128,2023-04-30,C-249,Kira,Guardería,160.0,Transferencia,EMP-05,,0
DD-002217,2023-04-30,C-293,Blanca,Guardería,180.0,Efectivo,EMP-03,,0
DD-002224,2023-04-30,C-297,Sasha,Baño,330.0,Efectivo,EMP-05,requiere cita previa,0
DD-001936,2023-04-30,C-149,Toby,Guardería,240.0,Tarjeta,EMP-04,traer vacunas,0
DD-002042,2023-04-30,C-207,Ringo,Guardería,180.0,Efectivo,EMP-07,,0
DD-002053,2023-04-30,C-214,Gordo,Hotel,390.0,Transferencia,EMP-07,,0
DD-002060,2023-04-30,C-219,Nina,Guardería,210.0,Tarjeta,EMP-03,perro agresivo,0
DD-002083,2023-04-30,C-230,Chico,Guardería,150.0,Efectivo,EMP-07,,0
DD-001832,2023-04-30,C-086,Gordo,Corte,340.0,Tarjeta,EMP-05,,0
DD-001813,2023-04-30,C-078,Kira,Baño,310.0,Tarjeta,EMP-02,,1
DD-002114,2023-04-30,C-242,Sammy,Corte,290.0,Efectivo,EMP-08,,0
DD-001802,2023-04-30,C-070,Buddy,Guardería,200.0,Tarjeta,EMP-04,cliente VIP,1
DD-002094,2023-04-30,C-234,Toby,Hotel,440.0,Efectivo,EMP-06,,0
DD-001798,2023-04-30,C-068,Lola,Guardería,190.0,Efectivo,EMP-03,,1
DD-001721,2023-04-30,C-028,Princesa,Guardería,160.0,Efectivo,EMP-04,,1
DD-002212,2023-04-30,C-290,Lola,Adiestramiento,450.0,Tarjeta,EMP-02,perro agresivo,0
DD-002120,2023-04-30,C-245,Frida,Adiestramiento,720.0,Efectivo,EMP-04,primera visita,0
DD-002195,2023-04-30,C-277,Panda,Guardería,210.0,Tarjeta,EMP-01,descuento aplicado,0
DD-002182,2023-04-30,C-271,Pancho,Guardería,230.0,Tarjeta,EMP-08,,0
DD-002209,2023-04-30,C-287,Maya,Corte,470.0,Efectivo,EMP-03,,0
DD-001785,2023-04-30,C-063,Estrella,Baño,290.0,Tarjeta,EMP-05,,1
DD-001790,2023-04-30,C-064,Bella,Baño,340.0,Efectivo,EMP-07,,1
DD-002129,2023-04-30,C-249,Kira,Guardería,180.0,Efectivo,EMP-07,perro agresivo,0
DD-002156,2023-04-30,C-262,Charlie,Guardería,210.0,Tarjeta,EMP-02,,0
DD-002585,2023-05-01,C-177,Princesa,Corte,400.0,Tarjeta,EMP-02,cliente frecuente,0
DD-002700,2023-05-01,C-246,Luna,Guardería,230.0,Transferencia,EMP-04,propina incluida,0
DD-002457,2023-05-01,C-111,Thor,Guardería,210.0,Transferencia,EMP-01,,0
DD-002402,2023-05-01,C-081,Luna,Guardería,210.0,Efectivo,EMP-08,perro agresivo,0
DD-002632,2023-05-01,C-209,Manchas,Guardería,210.0,Transferencia,EMP-04,,0
DD-002396,2023-05-01,C-078,Kira,Corte,420.0,Efectivo,EMP-07,primera visita,1
DD-002676,2023-05-01,C-234,Toby,Guardería,180.0,Transferencia,EMP-07,traer vacunas,0
DD-002694,2023-05-01,C-244,Coco,Corte,460.0,Tarjeta,EMP-06,,0
DD-002729,2023-05-01,C-264,Sultan,Guardería,180.0,Transferencia,EMP-07,propina incluida,0
DD-002552,2023-05-01,C-159,Sultan,Baño,260.0,Tarjeta,EMP-02,cliente frecuente,0
DD-002376,2023-05-01,C-068,Lola,Baño,290.0,Efectivo,EMP-06,cliente frecuente,1
DD-002327,2023-05-01,C-040,Manchas,Hotel,520.0,Tarjeta,EMP-06,alérgico a champú,1
DD-002258,2023-05-01,C-001,Lobo,Guardería,170.0,Tarjeta,EMP-04,,1
DD-002807,2023-05-01,C-312,Bella,Baño,290.0,Efectivo,EMP-07,,0
DD-002520,2023-05-01,C-141,Maya,Adiestramiento,720.0,Tarjeta,EMP-01,,0
DD-002792,2023-05-01,C-300,Manchas,Guardería,240.0,Transferencia,EMP-01,primera visita,0
DD-002789,2023-05-01,C-299,Negro,Guardería,230.0,Tarjeta,EMP-06,perro agresivo,0
DD-002770,2023-05-01,C-285,Daisy,Guardería,230.0,Tarjeta,EMP-04,,0
DD-002798,2023-05-01,C-307,Daisy,Guardería,190.0,Tarjeta,EMP-05,pago pendiente,0
DD-002358,2023-05-02,C-058,Gordo,Hotel,500.0,Tarjeta,EMP-06,,1
DD-002401,2023-05-02,C-079,Charlie,Adiestramiento,540.0,Tarjeta,EMP-01,,1
DD-002386,2023-05-02,C-072,Chico,Baño,320.0,Tarjeta,EMP-06,,1
DD-002422,2023-05-02,C-095,Nala,Guardería,170.0,Tarjeta,EMP-06,pago pendiente,0
DD-002429,2023-05-02,C-099,Gordo,Guardería,200.0,Efectivo,EMP-07,,0
DD-002467,2023-05-02,C-114,Rocky,Guardería,230.0,Tarjeta,EMP-06,pago pendiente,0
DD-002473,2023-05-02,C-118,Bonita,Baño,330.0,Efectivo,EMP-03,propina incluida,0
DD-002346,2023-05-02,C-049,Max,Corte,280.0,Efectivo,EMP-01,requiere cita previa,1
DD-002679,2023-05-02,C-236,Frida,Guardería,160.0,Efectivo,EMP-01,cliente frecuente,0
DD-002619,2023-05-02,C-201,Rosa,Guardería,230.0,Efectivo,EMP-07,cliente VIP,0
DD-002737,2023-05-02,C-269,Maya,Corte,290.0,Efectivo,EMP-05,,0
DD-002660,2023-05-02,C-221,Beto,Baño,360.0,Tarjeta,EMP-05,pago pendiente,0
DD-002620,2023-05-02,C-202,Tigrillo,Guardería,220.0,Efectivo,EMP-01,,0
DD-002277,2023-05-02,C-011,Daisy,Baño,330.0,Transferencia,EMP-04,cliente frecuente,1
DD-002551,2023-05-02,C-159,Sultan,Guardería,220.0,Tarjeta,EMP-05,cliente frecuente,0
DD-002610,2023-05-02,C-196,Nina,Baño,210.0,Tarjeta,EMP-05,perro agresivo,0
DD-002309,2023-05-02,C-026,Mia,Guardería,230.0,Tarjeta,EMP-06,,1
DD-002582,2023-05-02,C-175,Panda,Baño,210.0,Transferencia,EMP-08,,0
DD-002575,2023-05-02,C-171,Bear,Corte,400.0,Tarjeta,EMP-03,,0
DD-002455,2023-05-03,C-109,Lobo,Baño,220.0,Tarjeta,EMP-06,perro agresivo,0
DD-002453,2023-05-03,C-109,Lobo,Baño,380.0,Efectivo,EMP-07,,0
DD-002433,2023-05-03,C-100,Rosa,Baño,440.0,Efectivo,EMP-01,,0
DD-002477,2023-05-03,C-120,Duke,Corte,410.0,Efectivo,EMP-05,cliente VIP,0
DD-002483,2023-05-03,C-121,Duke,Baño,200.0,Efectivo,EMP-01,,0
DD-002622,2023-05-03,C-204,Nala,Guardería,170.0,Tarjeta,EMP-02,cliente frecuente,0
DD-002518,2023-05-03,C-141,Maya,Guardería,240.0,Efectivo,EMP-08,cliente frecuente,0
DD-002744,2023-05-03,C-271,Pancho,Guardería,160.0,Tarjeta,EMP-04,propina incluida,0
DD-002819,2023-05-03,C-317,Beto,Guardería,240.0,Tarjeta,EMP-01,,0
DD-002820,2023-05-03,C-317,Beto,Hotel,420.0,Efectivo,EMP-05,,0
DD-002320,2023-05-03,C-035,Pancho,Baño,270.0,Efectivo,EMP-05,propina incluida,1
DD-002588,2023-05-03,C-178,Coco,Guardería,230.0,Tarjeta,EMP-08,,0
DD-002526,2023-05-03,C-143,Rex,Baño,370.0,Efectivo,EMP-05,requiere cita previa,0
DD-002598,2023-05-03,C-186,Frida,Baño,350.0,Transferencia,EMP-04,,0
DD-002266,2023-05-03,C-006,Thor,Baño,380.0,Transferencia,EMP-05,,1
DD-002289,2023-05-03,C-016,Max,Corte,300.0,Tarjeta,EMP-02,alérgico a champú,1
DD-002732,2023-05-04,C-265,Duke,Corte,410.0,Tarjeta,EMP-04,descuento aplicado,0
DD-002381,2023-05-04,C-069,Paloma,Adiestramiento,630.0,Efectivo,EMP-03,,1
DD-002656,2023-05-04,C-219,Nina,Adiestramiento,410.0,Efectivo,EMP-05,,0
DD-002642,2023-05-04,C-212,Negro,Hotel,360.0,Efectivo,EMP-08,requiere cita previa,0
DD-002788,2023-05-04,C-299,Negro,Adiestramiento,540.0,Transferencia,EMP-03,descuento aplicado,0
DD-002611,2023-05-04,C-196,Nina,Guardería,220.0,Tarjeta,EMP-04,cliente VIP,0
DD-002420,2023-05-04,C-094,Bear,Corte,470.0,Tarjeta,EMP-02,descuento aplicado,0
DD-002298,2023-05-04,C-021,Rocky,Guardería,210.0,Tarjeta,EMP-02,,1
DD-002586,2023-05-04,C-177,Princesa,Guardería,160.0,Tarjeta,EMP-08,propina incluida,0
DD-002573,2023-05-04,C-170,Frida,Guardería,200.0,Tarjeta,EMP-06,,0
DD-002310,2023-05-04,C-028,Princesa,Guardería,200.0,Efectivo,EMP-06,traer vacunas,1
DD-002498,2023-05-04,C-131,Sultan,Guardería,190.0,Tarjeta,EMP-03,,0
DD-002444,2023-05-05,C-105,Tito,Corte,400.0,Transferencia,EMP-07,,0
DD-002728,2023-05-05,C-263,Nena,Guardería,220.0,Transferencia,EMP-01,pago pendiente,0
DD-002369,2023-05-05,C-067,Bonita,Baño,240.0,Efectivo,EMP-04,pago pendiente,1
DD-002373,2023-05-05,C-068,Lola,Corte,300.0,Tarjeta,EMP-05,propina incluida,1
DD-002313,2023-05-05,C-032,Tito,Hotel,550.0,Transferencia,EMP-08,traer vacunas,1
DD-002824,2023-05-05,C-320,Negro,Guardería,240.0,Tarjeta,EMP-01,pago pendiente,0
DD-002776,2023-05-05,C-290,Lola,Hotel,380.0,Tarjeta,EMP-07,pago pendiente,0
DD-002491,2023-05-05,C-126,Manchas,Guardería,200.0,Efectivo,EMP-01,,0
DD-002641,2023-05-05,C-212,Negro,Guardería,190.0,Efectivo,EMP-02,,0
DD-002405,2023-05-05,C-081,Luna,Baño,220.0,Transferencia,EMP-01,,0
DD-002415,2023-05-05,C-091,Kira,Baño,360.0,Transferencia,EMP-05,,0
DD-002512,2023-05-05,C-138,Bear,Guardería,220.0,Efectivo,EMP-08,traer vacunas,0
DD-002264,2023-05-05,C-005,Canela,Guardería,200.0,Tarjeta,EMP-08,,1
DD-002733,2023-05-05,C-267,Daisy,Hotel,380.0,Tarjeta,EMP-03,cliente VIP,0
DD-002431,2023-05-05,C-100,Rosa,Hotel,580.0,Efectivo,EMP-07,primera visita,0
DD-002542,2023-05-05,C-154,Nena,Hotel,510.0,Efectivo,EMP-07,descuento aplicado,0
DD-002791,2023-05-05,C-300,Manchas,Guardería,170.0,Tarjeta,EMP-04,,0
DD-002334,2023-05-05,C-043,Luna,Guardería,190.0,Transferencia,EMP-06,,1
DD-002592,2023-05-05,C-181,Nala,Guardería,250.0,Efectivo,EMP-07,descuento aplicado,0
DD-002447,2023-05-06,C-106,Charlie,Corte,470.0,Efectivo,EMP-08,cliente VIP,0
DD-002361,2023-05-06,C-060,Lobo,Baño,250.0,Efectivo,EMP-01,,1
DD-002730,2023-05-06,C-264,Sultan,Baño,440.0,Efectivo,EMP-04,,0
DD-002366,2023-05-06,C-066,Rocky,Guardería,170.0,Transferencia,EMP-02,pago pendiente,1
DD-002709,2023-05-06,C-250,Pepa,Corte,300.0,Transferencia,EMP-01,alérgico a champú,0
DD-002470,2023-05-06,C-116,Bonita,Hotel,510.0,Transferencia,EMP-08,pago pendiente,0
DD-002272,2023-05-06,C-009,Rosa,Hotel,430.0,Tarjeta,EMP-08,,1
DD-002540,2023-05-06,C-153,Chato,Guardería,200.0,Tarjeta,EMP-02,perro agresivo,0
DD-002535,2023-05-06,C-149,Toby,Baño,270.0,Efectivo,EMP-06,requiere cita previa,0
DD-002445,2023-05-06,C-105,Tito,Corte,380.0,Transferencia,EMP-03,cliente frecuente,0
DD-002403,2023-05-06,C-081,Luna,Adiestramiento,600.0,Efectivo,EMP-08,perro agresivo,0
DD-002463,2023-05-06,C-113,Lola,Hotel,600.0,Efectivo,EMP-04,propina incluida,0
DD-002702,2023-05-06,C-247,Rosa,Guardería,160.0,Transferencia,EMP-06,,0
DD-002649,2023-05-06,C-214,Gordo,Baño,260.0,Transferencia,EMP-08,,0
DD-002795,2023-05-06,C-302,Fifi,Corte,330.0,Tarjeta,EMP-04,pago pendiente,0
DD-002311,2023-05-06,C-028,Princesa,Guardería,170.0,Tarjeta,EMP-08,pago pendiente,1
DD-002312,2023-05-06,C-030,Bear,Guardería,160.0,Efectivo,EMP-01,,1
DD-002353,2023-05-06,C-054,Mia,Adiestramiento,780.0,Efectivo,EMP-08,,1
DD-002351,2023-05-06,C-052,Estrella,Baño,300.0,Tarjeta,EMP-02,alérgico a champú,1
DD-002315,2023-05-06,C-032,Tito,Guardería,240.0,Efectivo,EMP-07,,1
DD-002331,2023-05-06,C-042,Nena,Guardería,160.0,Efectivo,EMP-01,traer vacunas,1
DD-002439,2023-05-07,C-101,Fifi,Guardería,200.0,Tarjeta,EMP-08,pago pendiente,0
DD-002438,2023-05-07,C-101,Fifi,Guardería,230.0,Efectivo,EMP-05,cliente frecuente,0
DD-002570,2023-05-07,C-170,Frida,Baño,450.0,Tarjeta,EMP-08,,0
DD-002771,2023-05-07,C-285,Daisy,Guardería,190.0,Tarjeta,EMP-01,,0
DD-002324,2023-05-07,C-037,Toby,Guardería,200.0,Efectivo,EMP-08,descuento aplicado,1
DD-002388,2023-05-07,C-073,Max,Baño,400.0,Tarjeta,EMP-06,pago pendiente,1
DD-002280,2023-05-07,C-012,Chispa,Hotel,510.0,Tarjeta,EMP-04,cliente frecuente,1
DD-002569,2023-05-07,C-170,Frida,Guardería,160.0,Transferencia,EMP-05,primera visita,0
DD-002612,2023-05-07,C-196,Nina,Guardería,180.0,Efectivo,EMP-05,,0
DD-002416,2023-05-07,C-092,Rocky,Baño,360.0,Efectivo,EMP-07,propina incluida,0
DD-002343,2023-05-07,C-047,Gus,Guardería,230.0,Transferencia,EMP-02,cliente frecuente,1
DD-002651,2023-05-07,C-215,Daisy,Guardería,230.0,Tarjeta,EMP-02,,0
DD-002397,2023-05-07,C-078,Kira,Baño,210.0,Efectivo,EMP-05,,1
DD-002764,2023-05-07,C-282,Rosa,Baño,450.0,Efectivo,EMP-04,requiere cita previa,0
DD-002504,2023-05-07,C-135,Bella,Baño,390.0,Tarjeta,EMP-01,,0
DD-002721,2023-05-07,C-259,Paloma,Baño,330.0,Transferencia,EMP-07,,0
DD-002805,2023-05-07,C-311,Nala,Corte,500.0,Tarjeta,EMP-03,descuento aplicado,0
DD-002461,2023-05-07,C-112,Princesa,Guardería,200.0,Tarjeta,EMP-06,,0
DD-002318,2023-05-07,C-034,Gus,Baño,220.0,Tarjeta,EMP-07,primera visita,1
DD-002295,2023-05-07,C-020,Fifi,Guardería,160.0,Efectivo,EMP-01,cliente VIP,1
DD-002451,2023-05-07,C-108,Sasha,Guardería,200.0,Efectivo,EMP-01,alérgico a champú,0
DD-002450,2023-05-07,C-107,Lobo,Adiestramiento,740.0,Efectivo,EMP-06,cliente frecuente,0
DD-002763,2023-05-07,C-282,Rosa,Guardería,170.0,Transferencia,EMP-06,perro agresivo,0
DD-002578,2023-05-08,C-172,Tito,Corte,450.0,Tarjeta,EMP-08,,0
DD-002562,2023-05-08,C-163,Rocky,Corte,400.0,Efectivo,EMP-05,,0
DD-002355,2023-05-08,C-057,Bella,Guardería,250.0,Tarjeta,EMP-03,,1
DD-002528,2023-05-08,C-146,Ringo,Guardería,190.0,Efectivo,EMP-02,,0
DD-002515,2023-05-08,C-140,Chispa,Guardería,160.0,Efectivo,EMP-05,perro agresivo,0
DD-002414,2023-05-08,C-089,Panda,Corte,260.0,Efectivo,EMP-07,,0
DD-002616,2023-05-08,C-199,Pepa,Baño,200.0,Transferencia,EMP-08,descuento aplicado,0
DD-002571,2023-05-08,C-170,Frida,Baño,320.0,Efectivo,EMP-01,,0
DD-002743,2023-05-08,C-271,Pancho,Guardería,160.0,Tarjeta,EMP-02,traer vacunas,0
DD-002490,2023-05-08,C-125,Tigrillo,Baño,270.0,Tarjeta,EMP-07,alérgico a champú,0
DD-002669,2023-05-08,C-227,Maya,Guardería,160.0,Tarjeta,EMP-07,alérgico a champú,0
DD-002347,2023-05-08,C-050,Max,Guardería,240.0,Efectivo,EMP-08,,1
DD-002375,2023-05-08,C-068,Lola,Guardería,170.0,Tarjeta,EMP-04,,1
DD-002303,2023-05-08,C-024,Sultan,Baño,260.0,Tarjeta,EMP-03,descuento aplicado,1
DD-002378,2023-05-08,C-068,Lola,Adiestramiento,670.0,Efectivo,EMP-01,cliente frecuente,1
DD-002421,2023-05-09,C-095,Nala,Baño,400.0,Efectivo,EMP-02,,0
DD-002480,2023-05-09,C-121,Duke,Guardería,180.0,Tarjeta,EMP-08,descuento aplicado,0
DD-002425,2023-05-09,C-097,Bella,Guardería,240.0,Transferencia,EMP-02,primera visita,0
DD-002594,2023-05-09,C-183,Sammy,Guardería,210.0,Transferencia,EMP-07,cliente VIP,0
DD-002365,2023-05-09,C-065,Buddy,Guardería,210.0,Efectivo,EMP-02,alérgico a champú,1
DD-002657,2023-05-09,C-219,Nina,Baño,320.0,Tarjeta,EMP-05,propina incluida,0
DD-002330,2023-05-09,C-042,Nena,Baño,200.0,Efectivo,EMP-02,,1
DD-002568,2023-05-09,C-168,Charlie,Corte,450.0,Efectivo,EMP-02,requiere cita previa,0
DD-002322,2023-05-09,C-036,Rex,Baño,200.0,Efectivo,EMP-02,,1
DD-002524,2023-05-09,C-142,Estrella,Hotel,360.0,Efectivo,EMP-01,primera visita,0
DD-002816,2023-05-09,C-316,Nina,Baño,330.0,Efectivo,EMP-06,propina incluida,0
DD-002434,2023-05-09,C-100,Rosa,Corte,480.0,Efectivo,EMP-04,,0
DD-002699,2023-05-09,C-245,Frida,Baño,280.0,Transferencia,EMP-02,,0
DD-002579,2023-05-09,C-174,Chispa,Guardería,230.0,Transferencia,EMP-06,requiere cita previa,0
DD-002267,2023-05-09,C-006,Thor,Corte,260.0,Transferencia,EMP-07,,1
DD-002278,2023-05-09,C-011,Daisy,Adiestramiento,660.0,Tarjeta,EMP-02,traer vacunas,1
DD-002274,2023-05-09,C-010,Maya,Hotel,520.0,Tarjeta,EMP-04,descuento aplicado,1
DD-002691,2023-05-10,C-242,Sammy,Baño,390.0,Tarjeta,EMP-06,,0
DD-002748,2023-05-10,C-272,Boby,Baño,340.0,Transferencia,EMP-06,alérgico a champú,0
DD-002460,2023-05-10,C-112,Princesa,Corte,360.0,Tarjeta,EMP-01,alérgico a champú,0
DD-002637,2023-05-10,C-210,Max,Guardería,180.0,Efectivo,EMP-07,,0
DD-002412,2023-05-10,C-089,Panda,Guardería,150.0,Efectivo,EMP-02,traer vacunas,0
DD-002759,2023-05-10,C-280,Nena,Baño,230.0,Tarjeta,EMP-06,,0
DD-002555,2023-05-10,C-160,Boby,Guardería,210.0,Tarjeta,EMP-02,,0
DD-002786,2023-05-10,C-298,Ringo,Guardería,190.0,Transferencia,EMP-03,traer vacunas,0
DD-002708,2023-05-10,C-250,Pepa,Adiestramiento,670.0,Efectivo,EMP-04,cliente VIP,0
DD-002710,2023-05-10,C-252,Kira,Guardería,160.0,Tarjeta,EMP-07,,0
DD-002756,2023-05-10,C-278,Estrella,Baño,420.0,Efectivo,EMP-08,,0
DD-002643,2023-05-10,C-212,Negro,Baño,320.0,Tarjeta,EMP-07,pago pendiente,0
DD-002638,2023-05-11,C-211,Lobo,Guardería,210.0,Efectivo,EMP-02,alérgico a champú,0
DD-002665,2023-05-11,C-225,Simba,Corte,430.0,Tarjeta,EMP-01,pago pendiente,0
DD-002284,2023-05-11,C-012,Chispa,Guardería,230.0,Tarjeta,EMP-01,perro agresivo,1
DD-002465,2023-05-11,C-113,Lola,Guardería,230.0,Efectivo,EMP-08,propina incluida,0
DD-002544,2023-05-11,C-154,Nena,Hotel,590.0,Tarjeta,EMP-07,,0
DD-002370,2023-05-11,C-067,Bonita,Guardería,200.0,Efectivo,EMP-07,descuento aplicado,1
DD-002804,2023-05-11,C-311,Nala,Corte,340.0,Efectivo,EMP-04,traer vacunas,0
DD-002350,2023-05-11,C-051,Simba,Guardería,230.0,Transferencia,EMP-05,requiere cita previa,1
DD-002279,2023-05-11,C-012,Chispa,Adiestramiento,520.0,Tarjeta,EMP-07,perro agresivo,1
DD-002296,2023-05-11,C-020,Fifi,Guardería,200.0,Efectivo,EMP-01,requiere cita previa,1
DD-002329,2023-05-11,C-041,Tigrillo,Guardería,170.0,Transferencia,EMP-03,perro agresivo,1
DD-002671,2023-05-11,C-228,Sasha,Guardería,170.0,Tarjeta,EMP-07,primera visita,0
DD-002263,2023-05-11,C-005,Canela,Guardería,200.0,Efectivo,EMP-08,pago pendiente,1
DD-002547,2023-05-11,C-156,Beto,Baño,440.0,Transferencia,EMP-04,,0
DD-002625,2023-05-11,C-205,Pepa,Corte,400.0,Efectivo,EMP-05,perro agresivo,0
DD-002692,2023-05-11,C-242,Sammy,Baño,300.0,Transferencia,EMP-06,requiere cita previa,0
DD-002662,2023-05-12,C-221,Beto,Baño,260.0,Tarjeta,EMP-04,,0
DD-002482,2023-05-12,C-121,Duke,Baño,210.0,Tarjeta,EMP-05,propina incluida,0
DD-002293,2023-05-12,C-018,Toby,Guardería,160.0,Transferencia,EMP-08,pago pendiente,1
DD-002624,2023-05-12,C-205,Pepa,Corte,450.0,Tarjeta,EMP-04,propina incluida,0
DD-002556,2023-05-12,C-161,Chispa,Hotel,470.0,Efectivo,EMP-06,,0
DD-002698,2023-05-12,C-245,Frida,Baño,240.0,Tarjeta,EMP-01,perro agresivo,0
DD-002493,2023-05-12,C-126,Manchas,Guardería,240.0,Tarjeta,EMP-04,,0
DD-002777,2023-05-12,C-291,Blanca,Corte,430.0,Transferencia,EMP-02,perro agresivo,0
DD-002497,2023-05-12,C-131,Sultan,Hotel,510.0,Tarjeta,EMP-02,cliente frecuente,0
DD-002476,2023-05-12,C-120,Duke,Hotel,540.0,Transferencia,EMP-04,,0
DD-002519,2023-05-12,C-141,Maya,Corte,260.0,Transferencia,EMP-03,,0
DD-002288,2023-05-12,C-015,Panda,Adiestramiento,640.0,Efectivo,EMP-08,cliente frecuente,1
DD-002306,2023-05-12,C-025,Lola,Corte,440.0,Transferencia,EMP-02,descuento aplicado,1
DD-002406,2023-05-12,C-081,Luna,Guardería,240.0,Tarjeta,EMP-08,pago pendiente,0
DD-002522,2023-05-13,C-142,Estrella,Corte,460.0,Efectivo,EMP-06,descuento aplicado,0
DD-002745,2023-05-13,C-271,Pancho,Baño,360.0,Transferencia,EMP-05,traer vacunas,0
DD-002492,2023-05-13,C-126,Manchas,Guardería,170.0,Tarjeta,EMP-02,,0
DD-002443,2023-05-13,C-105,Tito,Guardería,150.0,Tarjeta,EMP-03,cliente VIP,0
DD-002548,2023-05-13,C-156,Beto,Guardería,230.0,Efectivo,EMP-07,,0
DD-002340,2023-05-13,C-046,Chato,Guardería,240.0,Efectivo,EMP-05,,1
DD-002337,2023-05-13,C-045,Thor,Corte,310.0,Tarjeta,EMP-07,,1
DD-002785,2023-05-13,C-297,Sasha,Guardería,190.0,Efectivo,EMP-02,,0
DD-002393,2023-05-13,C-076,Bear,Guardería,220.0,Transferencia,EMP-01,cliente VIP,1
DD-002672,2023-05-13,C-230,Chico,Guardería,220.0,Transferencia,EMP-01,,0
DD-002546,2023-05-13,C-155,Nala,Guardería,210.0,Tarjeta,EMP-03,,0
DD-002565,2023-05-13,C-165,Frida,Baño,370.0,Tarjeta,EMP-08,pago pendiente,0
DD-002326,2023-05-13,C-040,Manchas,Corte,450.0,Tarjeta,EMP-04,,1
DD-002803,2023-05-13,C-310,Paloma,Guardería,170.0,Transferencia,EMP-07,,0
DD-002561,2023-05-13,C-161,Chispa,Guardería,200.0,Tarjeta,EMP-06,requiere cita previa,0
DD-002449,2023-05-13,C-107,Lobo,Guardería,180.0,Tarjeta,EMP-08,propina incluida,0
DD-002704,2023-05-13,C-248,Thor,Guardería,200.0,Efectivo,EMP-08,pago pendiente,0
DD-002773,2023-05-13,C-287,Maya,Guardería,160.0,Efectivo,EMP-04,propina incluida,0
DD-002597,2023-05-13,C-185,Toby,Baño,270.0,Tarjeta,EMP-08,,0
DD-002687,2023-05-14,C-239,Pancho,Guardería,230.0,Efectivo,EMP-06,,0
DD-002675,2023-05-14,C-234,Toby,Baño,350.0,Efectivo,EMP-01,propina incluida,0
DD-002505,2023-05-14,C-135,Bella,Guardería,160.0,Tarjeta,EMP-04,,0
DD-002595,2023-05-14,C-183,Sammy,Adiestramiento,720.0,Tarjeta,EMP-02,descuento aplicado,0
DD-002668,2023-05-14,C-227,Maya,Baño,380.0,Tarjeta,EMP-06,alérgico a champú,0
DD-002812,2023-05-14,C-315,Zeus,Guardería,190.0,Efectivo,EMP-05,,0
DD-002554,2023-05-14,C-160,Boby,Guardería,230.0,Efectivo,EMP-06,,0
DD-002784,2023-05-14,C-295,Chico,Baño,380.0,Efectivo,EMP-04,,0
DD-002553,2023-05-14,C-160,Boby,Baño,240.0,Tarjeta,EMP-04,cliente VIP,0
DD-002273,2023-05-14,C-010,Maya,Guardería,240.0,Transferencia,EMP-07,,1
DD-002690,2023-05-14,C-242,Sammy,Guardería,190.0,Tarjeta,EMP-05,,0
DD-002487,2023-05-14,C-124,Manchas,Guardería,180.0,Efectivo,EMP-03,propina incluida,0
DD-002368,2023-05-14,C-066,Rocky,Baño,320.0,Tarjeta,EMP-03,primera visita,1
DD-002718,2023-05-15,C-257,Canela,Baño,220.0,Tarjeta,EMP-01,requiere cita previa,0
DD-002259,2023-05-15,C-001,Lobo,Guardería,220.0,Efectivo,EMP-04,requiere cita previa,1
DD-002452,2023-05-15,C-109,Lobo,Guardería,190.0,Efectivo,EMP-05,pago pendiente,0
DD-002363,2023-05-15,C-063,Estrella,Guardería,220.0,Tarjeta,EMP-03,,1
DD-002448,2023-05-15,C-106,Charlie,Guardería,210.0,Efectivo,EMP-07,requiere cita previa,0
DD-002814,2023-05-15,C-316,Nina,Corte,280.0,Efectivo,EMP-04,alérgico a champú,0
DD-002574,2023-05-15,C-171,Bear,Hotel,390.0,Efectivo,EMP-03,primera visita,0
DD-002392,2023-05-15,C-074,Fifi,Hotel,400.0,Transferencia,EMP-01,perro agresivo,1
DD-002282,2023-05-15,C-012,Chispa,Baño,360.0,Tarjeta,EMP-07,requiere cita previa,1
DD-002591,2023-05-15,C-181,Nala,Adiestramiento,700.0,Efectivo,EMP-06,,0
DD-002325,2023-05-15,C-038,Buddy,Baño,440.0,Tarjeta,EMP-08,cliente VIP,1
DD-002693,2023-05-15,C-243,Maya,Guardería,230.0,Efectivo,EMP-03,,0
DD-002407,2023-05-15,C-083,Duke,Adiestramiento,730.0,Tarjeta,EMP-01,,0
DD-002640,2023-05-15,C-211,Lobo,Guardería,180.0,Tarjeta,EMP-02,,0
DD-002391,2023-05-15,C-074,Fifi,Adiestramiento,600.0,Tarjeta,EMP-01,pago pendiente,1
DD-002466,2023-05-15,C-114,Rocky,Guardería,180.0,Tarjeta,EMP-08,cliente frecuente,0
DD-002533,2023-05-15,C-147,Rex,Baño,380.0,Tarjeta,EMP-06,,0
DD-002394,2023-05-15,C-076,Bear,Corte,260.0,Transferencia,EMP-06,,1
DD-002339,2023-05-15,C-046,Chato,Hotel,420.0,Efectivo,EMP-04,alérgico a champú,1
DD-002494,2023-05-15,C-127,Beto,Adiestramiento,690.0,Tarjeta,EMP-06,traer vacunas,0
DD-002503,2023-05-15,C-134,Luna,Baño,380.0,Tarjeta,EMP-07,traer vacunas,0
DD-002305,2023-05-15,C-024,Sultan,Baño,360.0,Tarjeta,EMP-04,alérgico a champú,1
DD-002600,2023-05-16,C-188,Chico,Hotel,380.0,Efectivo,EMP-06,alérgico a champú,0
DD-002647,2023-05-16,C-214,Gordo,Corte,460.0,Efectivo,EMP-02,,0
DD-002696,2023-05-16,C-244,Coco,Guardería,200.0,Tarjeta,EMP-04,,0
DD-002736,2023-05-16,C-269,Maya,Corte,460.0,Tarjeta,EMP-08,pago pendiente,0
DD-002537,2023-05-16,C-151,Rocky,Adiestramiento,730.0,Efectivo,EMP-04,cliente VIP,0
DD-002360,2023-05-16,C-059,Pepa,Guardería,200.0,Transferencia,EMP-02,cliente frecuente,1
DD-002550,2023-05-16,C-158,Negro,Hotel,410.0,Efectivo,EMP-06,cliente VIP,0
DD-002419,2023-05-16,C-093,Thor,Corte,310.0,Tarjeta,EMP-01,perro agresivo,0
DD-002297,2023-05-16,C-021,Rocky,Guardería,240.0,Transferencia,EMP-08,descuento aplicado,1
DD-002529,2023-05-16,C-146,Ringo,Baño,300.0,Tarjeta,EMP-03,traer vacunas,0
DD-002762,2023-05-16,C-281,Bear,Guardería,200.0,Efectivo,EMP-03,,0
DD-002479,2023-05-16,C-120,Duke,Corte,360.0,Efectivo,EMP-06,cliente frecuente,0
DD-002589,2023-05-16,C-179,Nina,Guardería,190.0,Efectivo,EMP-07,cliente frecuente,0
DD-002486,2023-05-16,C-123,Ringo,Baño,270.0,Transferencia,EMP-06,,0
DD-002809,2023-05-16,C-314,Blanca,Baño,290.0,Tarjeta,EMP-05,,0
DD-002265,2023-05-16,C-006,Thor,Baño,380.0,Tarjeta,EMP-07,,1
DD-002723,2023-05-16,C-260,Bonita,Baño,320.0,Efectivo,EMP-08,alérgico a champú,0
DD-002342,2023-05-16,C-046,Chato,Guardería,180.0,Tarjeta,EMP-04,requiere cita previa,1
DD-002754,2023-05-16,C-277,Panda,Baño,310.0,Efectivo,EMP-07,,0
DD-002717,2023-05-16,C-256,Chato,Guardería,200.0,Tarjeta,EMP-07,,0
DD-002560,2023-05-16,C-161,Chispa,Baño,360.0,Transferencia,EMP-03,perro agresivo,0
DD-002316,2023-05-17,C-034,Gus,Guardería,160.0,Efectivo,EMP-02,propina incluida,1
DD-002385,2023-05-17,C-071,Daisy,Guardería,200.0,Tarjeta,EMP-06,,1
DD-002599,2023-05-17,C-186,Frida,Baño,290.0,Efectivo,EMP-07,,0
DD-002481,2023-05-17,C-121,Duke,Corte,280.0,Efectivo,EMP-03,,0
DD-002724,2023-05-17,C-261,Sultan,Hotel,520.0,Efectivo,EMP-06,perro agresivo,0
DD-002603,2023-05-17,C-190,Beto,Guardería,230.0,Tarjeta,EMP-05,pago pendiente,0
DD-002681,2023-05-17,C-237,Tito,Guardería,180.0,Transferencia,EMP-06,cliente VIP,0
DD-002400,2023-05-17,C-079,Charlie,Hotel,440.0,Efectivo,EMP-06,,1
DD-002749,2023-05-17,C-273,Nena,Guardería,240.0,Efectivo,EMP-08,,0
DD-002765,2023-05-17,C-283,Princesa,Guardería,230.0,Tarjeta,EMP-08,,0
DD-002423,2023-05-17,C-095,Nala,Corte,340.0,Transferencia,EMP-04,cliente VIP,0
DD-002670,2023-05-17,C-227,Maya,Corte,460.0,Efectivo,EMP-08,requiere cita previa,0
DD-002534,2023-05-17,C-148,Lola,Guardería,250.0,Transferencia,EMP-05,,0
DD-002750,2023-05-17,C-273,Nena,Guardería,210.0,Efectivo,EMP-08,,0
DD-002344,2023-05-17,C-048,Buddy,Baño,300.0,Transferencia,EMP-02,alérgico a champú,1
DD-002621,2023-05-17,C-203,Princesa,Hotel,410.0,Tarjeta,EMP-07,requiere cita previa,0
DD-002446,2023-05-18,C-106,Charlie,Adiestramiento,520.0,Efectivo,EMP-07,,0
DD-002432,2023-05-18,C-100,Rosa,Guardería,240.0,Efectivo,EMP-06,alérgico a champú,0
DD-002517,2023-05-18,C-140,Chispa,Guardería,220.0,Tarjeta,EMP-07,propina incluida,0
DD-002508,2023-05-18,C-135,Bella,Guardería,240.0,Efectivo,EMP-03,cliente VIP,0
DD-002261,2023-05-18,C-004,Paloma,Corte,270.0,Efectivo,EMP-04,primera visita,1
DD-002323,2023-05-18,C-036,Rex,Hotel,400.0,Tarjeta,EMP-01,,1
DD-002630,2023-05-18,C-207,Ringo,Baño,230.0,Tarjeta,EMP-05,alérgico a champú,0
DD-002576,2023-05-18,C-171,Bear,Guardería,190.0,Tarjeta,EMP-07,primera visita,0
DD-002626,2023-05-18,C-205,Pepa,Corte,450.0,Efectivo,EMP-05,cliente frecuente,0
DD-002290,2023-05-18,C-016,Max,Hotel,530.0,Efectivo,EMP-02,primera visita,1
DD-002701,2023-05-18,C-246,Luna,Baño,370.0,Tarjeta,EMP-03,,0
DD-002558,2023-05-18,C-161,Chispa,Guardería,170.0,Tarjeta,EMP-07,primera visita,0
DD-002652,2023-05-18,C-216,Bonita,Hotel,370.0,Tarjeta,EMP-08,primera visita,0
DD-002794,2023-05-18,C-301,Gus,Guardería,250.0,Efectivo,EMP-07,,0
DD-002618,2023-05-18,C-201,Rosa,Adiestramiento,600.0,Efectivo,EMP-04,alérgico a champú,0
DD-002706,2023-05-18,C-249,Kira,Hotel,530.0,Tarjeta,EMP-04,traer vacunas,0
DD-002678,2023-05-18,C-234,Toby,Hotel,490.0,Efectivo,EMP-07,,0
DD-002389,2023-05-18,C-073,Max,Guardería,180.0,Tarjeta,EMP-07,descuento aplicado,1
DD-002469,2023-05-18,C-116,Bonita,Guardería,240.0,Tarjeta,EMP-08,,0
DD-002677,2023-05-18,C-234,Toby,Guardería,210.0,Tarjeta,EMP-02,pago pendiente,0
DD-002768,2023-05-18,C-285,Daisy,Baño,440.0,Tarjeta,EMP-01,,0
DD-002292,2023-05-18,C-018,Toby,Baño,360.0,Efectivo,EMP-08,pago pendiente,1
DD-002367,2023-05-19,C-066,Rocky,Guardería,220.0,Tarjeta,EMP-06,,1
DD-002458,2023-05-19,C-111,Thor,Baño,320.0,Tarjeta,EMP-02,descuento aplicado,0
DD-002319,2023-05-19,C-035,Pancho,Guardería,200.0,Efectivo,EMP-06,primera visita,1
DD-002301,2023-05-19,C-023,Tito,Guardería,200.0,Efectivo,EMP-05,traer vacunas,1
DD-002666,2023-05-19,C-226,Chispa,Baño,320.0,Efectivo,EMP-01,,0
DD-002653,2023-05-19,C-217,Sultan,Guardería,240.0,Efectivo,EMP-02,propina incluida,0
DD-002799,2023-05-19,C-309,Boby,Guardería,160.0,Efectivo,EMP-06,,0
DD-002742,2023-05-19,C-270,Luna,Guardería,200.0,Tarjeta,EMP-02,,0
DD-002435,2023-05-19,C-100,Rosa,Corte,440.0,Efectivo,EMP-06,,0
DD-002613,2023-05-19,C-196,Nina,Hotel,580.0,Tarjeta,EMP-01,cliente frecuente,0
DD-002426,2023-05-19,C-097,Bella,Guardería,240.0,Transferencia,EMP-05,descuento aplicado,0
DD-002459,2023-05-19,C-111,Thor,Guardería,180.0,Tarjeta,EMP-05,,0
DD-002333,2023-05-19,C-043,Luna,Guardería,220.0,Transferencia,EMP-05,descuento aplicado,1
DD-002609,2023-05-19,C-195,Rocky,Baño,360.0,Transferencia,EMP-01,alérgico a champú,0
DD-002417,2023-05-20,C-092,Rocky,Hotel,350.0,Tarjeta,EMP-08,cliente VIP,0
DD-002806,2023-05-20,C-311,Nala,Corte,340.0,Transferencia,EMP-05,alérgico a champú,0
DD-002802,2023-05-20,C-310,Paloma,Guardería,250.0,Tarjeta,EMP-05,traer vacunas,0
DD-002409,2023-05-20,C-085,Beto,Corte,380.0,Tarjeta,EMP-06,,0
DD-002372,2023-05-20,C-067,Bonita,Guardería,240.0,Efectivo,EMP-03,requiere cita previa,1
DD-002308,2023-05-20,C-026,Mia,Guardería,180.0,Transferencia,EMP-08,,1
DD-002705,2023-05-20,C-249,Kira,Guardería,170.0,Tarjeta,EMP-04,requiere cita previa,0
DD-002281,2023-05-20,C-012,Chispa,Hotel,360.0,Efectivo,EMP-07,requiere cita previa,1
DD-002302,2023-05-20,C-023,Tito,Corte,320.0,Tarjeta,EMP-02,,1
DD-002711,2023-05-20,C-252,Kira,Corte,360.0,Efectivo,EMP-04,propina incluida,0
DD-002541,2023-05-20,C-153,Chato,Guardería,180.0,Tarjeta,EMP-02,descuento aplicado,0
DD-002383,2023-05-20,C-070,Buddy,Hotel,520.0,Efectivo,EMP-02,,1
DD-002644,2023-05-20,C-212,Negro,Hotel,530.0,Tarjeta,EMP-06,cliente VIP,0
DD-002352,2023-05-20,C-053,Buddy,Corte,440.0,Efectivo,EMP-06,,1
DD-002800,2023-05-20,C-309,Boby,Guardería,190.0,Tarjeta,EMP-04,requiere cita previa,0
DD-002727,2023-05-20,C-263,Nena,Baño,300.0,Transferencia,EMP-07,,0
DD-002646,2023-05-20,C-214,Gordo,Guardería,210.0,Tarjeta,EMP-05,propina incluida,0
DD-002268,2023-05-20,C-006,Thor,Corte,430.0,Efectivo,EMP-07,cliente frecuente,1
DD-002714,2023-05-21,C-253,Luna,Guardería,210.0,Tarjeta,EMP-04,primera visita,0
DD-002276,2023-05-21,C-011,Daisy,Corte,350.0,Efectivo,EMP-03,traer vacunas,1
DD-002471,2023-05-21,C-117,Daisy,Guardería,250.0,Tarjeta,EMP-08,primera visita,0
DD-002336,2023-05-21,C-044,Tigrillo,Guardería,210.0,Efectivo,EMP-05,cliente VIP,1
DD-002623,2023-05-21,C-204,Nala,Hotel,540.0,Efectivo,EMP-03,perro agresivo,0
DD-002474,2023-05-21,C-119,Canela,Adiestramiento,500.0,Efectivo,EMP-02,pago pendiente,0
DD-002822,2023-05-21,C-318,Negro,Adiestramiento,560.0,Tarjeta,EMP-05,,0
DD-002628,2023-05-21,C-207,Ringo,Guardería,170.0,Transferencia,EMP-01,,0
DD-002796,2023-05-21,C-303,Toby,Corte,400.0,Efectivo,EMP-07,,0
DD-002783,2023-05-21,C-295,Chico,Corte,440.0,Tarjeta,EMP-03,,0
DD-002797,2023-05-21,C-305,Paloma,Corte,290.0,Efectivo,EMP-05,pago pendiente,0
DD-002357,2023-05-21,C-058,Gordo,Guardería,220.0,Efectivo,EMP-08,,1
DD-002539,2023-05-21,C-152,Rex,Baño,440.0,Tarjeta,EMP-04,primera visita,0
DD-002341,2023-05-21,C-046,Chato,Guardería,220.0,Transferencia,EMP-02,,1
DD-002543,2023-05-21,C-154,Nena,Baño,300.0,Transferencia,EMP-04,,0
DD-002738,2023-05-21,C-270,Luna,Baño,450.0,Transferencia,EMP-04,,0
DD-002285,2023-05-21,C-013,Coco,Baño,400.0,Transferencia,EMP-08,,1
DD-002722,2023-05-21,C-259,Paloma,Baño,280.0,Efectivo,EMP-06,cliente frecuente,0
DD-002440,2023-05-21,C-102,Chispa,Guardería,160.0,Tarjeta,EMP-03,,0
DD-002345,2023-05-21,C-049,Max,Guardería,180.0,Efectivo,EMP-01,alérgico a champú,1
DD-002580,2023-05-21,C-175,Panda,Guardería,190.0,Tarjeta,EMP-08,,0
DD-002583,2023-05-21,C-176,Estrella,Corte,260.0,Tarjeta,EMP-02,perro agresivo,0
DD-002348,2023-05-21,C-050,Max,Guardería,200.0,Efectivo,EMP-03,primera visita,1
DD-002617,2023-05-21,C-201,Rosa,Hotel,550.0,Tarjeta,EMP-06,,0
DD-002686,2023-05-21,C-239,Pancho,Baño,240.0,Efectivo,EMP-01,,0
DD-002673,2023-05-22,C-232,Thor,Hotel,550.0,Tarjeta,EMP-01,requiere cita previa,0
DD-002664,2023-05-22,C-224,Zeus,Guardería,250.0,Tarjeta,EMP-05,,0
DD-002782,2023-05-22,C-294,Rex,Hotel,400.0,Efectivo,EMP-05,pago pendiente,0
DD-002689,2023-05-22,C-241,Canela,Guardería,220.0,Efectivo,EMP-02,primera visita,0
DD-002475,2023-05-22,C-119,Canela,Baño,220.0,Transferencia,EMP-04,,0
DD-002523,2023-05-22,C-142,Estrella,Corte,280.0,Efectivo,EMP-02,propina incluida,0
DD-002821,2023-05-22,C-317,Beto,Guardería,220.0,Tarjeta,EMP-01,,0
DD-002747,2023-05-22,C-272,Boby,Guardería,250.0,Transferencia,EMP-04,pago pendiente,0
DD-002531,2023-05-22,C-146,Ringo,Guardería,200.0,Tarjeta,EMP-01,pago pendiente,0
DD-002761,2023-05-22,C-281,Bear,Baño,400.0,Tarjeta,EMP-03,cliente VIP,0
DD-002740,2023-05-22,C-270,Luna,Guardería,240.0,Efectivo,EMP-06,requiere cita previa,0
DD-002685,2023-05-22,C-239,Pancho,Adiestramiento,700.0,Tarjeta,EMP-01,traer vacunas,0
DD-002559,2023-05-22,C-161,Chispa,Guardería,190.0,Transferencia,EMP-07,propina incluida,0
DD-002441,2023-05-22,C-103,Panda,Guardería,160.0,Efectivo,EMP-06,propina incluida,0
DD-002468,2023-05-22,C-115,Charlie,Guardería,210.0,Tarjeta,EMP-04,traer vacunas,0
DD-002317,2023-05-22,C-034,Gus,Corte,300.0,Efectivo,EMP-02,,1
DD-002430,2023-05-22,C-099,Gordo,Adiestramiento,700.0,Tarjeta,EMP-02,,0
DD-002716,2023-05-22,C-255,Frida,Baño,440.0,Efectivo,EMP-07,pago pendiente,0
DD-002584,2023-05-22,C-177,Princesa,Corte,420.0,Efectivo,EMP-08,,0
DD-002593,2023-05-22,C-182,Negro,Hotel,380.0,Efectivo,EMP-04,propina incluida,0
DD-002604,2023-05-22,C-190,Beto,Corte,490.0,Efectivo,EMP-05,descuento aplicado,0
DD-002411,2023-05-22,C-088,Simba,Guardería,160.0,Tarjeta,EMP-01,requiere cita previa,0
DD-002781,2023-05-22,C-294,Rex,Guardería,240.0,Efectivo,EMP-06,perro agresivo,0
DD-002719,2023-05-23,C-257,Canela,Corte,310.0,Efectivo,EMP-02,,0
DD-002335,2023-05-23,C-044,Tigrillo,Guardería,230.0,Efectivo,EMP-07,propina incluida,1
DD-002338,2023-05-23,C-045,Thor,Guardería,230.0,Efectivo,EMP-04,primera visita,1
DD-002697,2023-05-23,C-245,Frida,Baño,410.0,Tarjeta,EMP-04,propina incluida,0
DD-002753,2023-05-23,C-277,Panda,Guardería,150.0,Tarjeta,EMP-04,,0
DD-002663,2023-05-23,C-222,Canela,Baño,320.0,Transferencia,EMP-03,,0
DD-002720,2023-05-23,C-259,Paloma,Guardería,230.0,Tarjeta,EMP-08,cliente frecuente,0
DD-002635,2023-05-23,C-210,Max,Adiestramiento,690.0,Efectivo,EMP-01,perro agresivo,0
DD-002437,2023-05-23,C-101,Fifi,Baño,350.0,Efectivo,EMP-01,propina incluida,0
DD-002817,2023-05-23,C-316,Nina,Guardería,220.0,Tarjeta,EMP-03,primera visita,0
DD-002545,2023-05-23,C-155,Nala,Baño,440.0,Transferencia,EMP-01,,0
DD-002527,2023-05-23,C-143,Rex,Guardería,200.0,Efectivo,EMP-06,cliente frecuente,0
DD-002286,2023-05-23,C-013,Coco,Corte,260.0,Tarjeta,EMP-02,pago pendiente,1
DD-002525,2023-05-23,C-143,Rex,Baño,420.0,Tarjeta,EMP-01,requiere cita previa,0
DD-002511,2023-05-23,C-137,Sasha,Guardería,160.0,Tarjeta,EMP-06,,0
DD-002507,2023-05-23,C-135,Bella,Baño,430.0,Efectivo,EMP-07,traer vacunas,0
DD-002633,2023-05-23,C-210,Max,Hotel,400.0,Tarjeta,EMP-04,,0
DD-002808,2023-05-23,C-314,Blanca,Adiestramiento,780.0,Tarjeta,EMP-03,,0
DD-002495,2023-05-23,C-129,Tigrillo,Guardería,160.0,Tarjeta,EMP-01,pago pendiente,0
DD-002650,2023-05-23,C-214,Gordo,Adiestramiento,630.0,Efectivo,EMP-01,,0
DD-002581,2023-05-24,C-175,Panda,Hotel,450.0,Transferencia,EMP-01,propina incluida,0
DD-002602,2023-05-24,C-189,Zeus,Hotel,480.0,Efectivo,EMP-07,pago pendiente,0
DD-002572,2023-05-24,C-170,Frida,Baño,210.0,Efectivo,EMP-03,primera visita,0
DD-002567,2023-05-24,C-167,Coco,Guardería,210.0,Tarjeta,EMP-08,,0
DD-002418,2023-05-24,C-093,Thor,Guardería,220.0,Efectivo,EMP-06,cliente frecuente,0
DD-002739,2023-05-24,C-270,Luna,Baño,280.0,Efectivo,EMP-01,,0
DD-002532,2023-05-24,C-147,Rex,Guardería,250.0,Tarjeta,EMP-02,requiere cita previa,0
DD-002408,2023-05-24,C-083,Duke,Hotel,510.0,Transferencia,EMP-08,,0
DD-002427,2023-05-24,C-098,Ringo,Guardería,240.0,Efectivo,EMP-01,,0
DD-002767,2023-05-24,C-284,Duke,Baño,320.0,Efectivo,EMP-08,,0
DD-002387,2023-05-24,C-072,Chico,Guardería,210.0,Tarjeta,EMP-02,,1
DD-002509,2023-05-24,C-137,Sasha,Baño,340.0,Efectivo,EMP-07,,0
DD-002287,2023-05-24,C-015,Panda,Guardería,240.0,Tarjeta,EMP-04,cliente VIP,1
DD-002516,2023-05-24,C-140,Chispa,Baño,330.0,Tarjeta,EMP-01,,0
DD-002314,2023-05-24,C-032,Tito,Corte,490.0,Efectivo,EMP-06,,1
DD-002674,2023-05-24,C-233,Manchas,Corte,280.0,Tarjeta,EMP-01,perro agresivo,0
DD-002501,2023-05-24,C-134,Luna,Baño,430.0,Efectivo,EMP-07,,0
DD-002757,2023-05-24,C-279,Coco,Baño,330.0,Efectivo,EMP-02,perro agresivo,0
DD-002502,2023-05-25,C-134,Luna,Corte,380.0,Tarjeta,EMP-07,,0
DD-002587,2023-05-25,C-178,Coco,Guardería,240.0,Transferencia,EMP-02,,0
DD-002811,2023-05-25,C-315,Zeus,Hotel,490.0,Efectivo,EMP-02,pago pendiente,0
DD-002283,2023-05-25,C-012,Chispa,Baño,290.0,Efectivo,EMP-04,cliente VIP,1
DD-002758,2023-05-25,C-280,Nena,Guardería,180.0,Efectivo,EMP-04,,0
DD-002564,2023-05-25,C-164,Gus,Guardería,220.0,Transferencia,EMP-01,descuento aplicado,0
DD-002563,2023-05-25,C-164,Gus,Guardería,230.0,Tarjeta,EMP-02,,0
DD-002506,2023-05-25,C-135,Bella,Guardería,190.0,Efectivo,EMP-07,descuento aplicado,0
DD-002362,2023-05-25,C-062,Zeus,Corte,250.0,Efectivo,EMP-05,primera visita,1
DD-002787,2023-05-25,C-299,Negro,Hotel,440.0,Efectivo,EMP-04,,0
DD-002462,2023-05-25,C-112,Princesa,Corte,360.0,Tarjeta,EMP-07,descuento aplicado,0
DD-002769,2023-05-25,C-285,Daisy,Corte,400.0,Transferencia,EMP-08,pago pendiente,0
DD-002478,2023-05-25,C-120,Duke,Corte,310.0,Tarjeta,EMP-02,cliente frecuente,0
DD-002356,2023-05-25,C-057,Bella,Guardería,220.0,Tarjeta,EMP-07,,1
DD-002291,2023-05-25,C-016,Max,Guardería,200.0,Tarjeta,EMP-07,descuento aplicado,1
DD-002725,2023-05-25,C-261,Sultan,Guardería,250.0,Efectivo,EMP-04,,0
DD-002538,2023-05-25,C-151,Rocky,Adiestramiento,720.0,Efectivo,EMP-04,propina incluida,0
DD-002659,2023-05-25,C-220,Sammy,Guardería,250.0,Efectivo,EMP-08,,0
DD-002707,2023-05-25,C-249,Kira,Guardería,170.0,Efectivo,EMP-05,pago pendiente,0
DD-002399,2023-05-25,C-078,Kira,Corte,430.0,Efectivo,EMP-04,,1
DD-002380,2023-05-25,C-069,Paloma,Hotel,430.0,Tarjeta,EMP-08,,1
DD-002299,2023-05-25,C-021,Rocky,Baño,290.0,Tarjeta,EMP-08,propina incluida,1
DD-002404,2023-05-25,C-081,Luna,Guardería,210.0,Transferencia,EMP-08,,0
DD-002379,2023-05-25,C-069,Paloma,Corte,280.0,Transferencia,EMP-01,,1
DD-002778,2023-05-25,C-293,Blanca,Baño,400.0,Efectivo,EMP-01,,0
DD-002371,2023-05-25,C-067,Bonita,Corte,390.0,Tarjeta,EMP-02,,1
DD-002377,2023-05-25,C-068,Lola,Guardería,210.0,Transferencia,EMP-03,traer vacunas,1
DD-002627,2023-05-25,C-205,Pepa,Hotel,400.0,Tarjeta,EMP-01,propina incluida,0
DD-002772,2023-05-26,C-287,Maya,Corte,490.0,Efectivo,EMP-08,cliente frecuente,0
DD-002262,2023-05-26,C-004,Paloma,Guardería,170.0,Tarjeta,EMP-07,cliente frecuente,1
DD-002395,2023-05-26,C-077,Kira,Guardería,220.0,Tarjeta,EMP-01,,1
DD-002530,2023-05-26,C-146,Ringo,Adiestramiento,720.0,Tarjeta,EMP-03,,0
DD-002359,2023-05-26,C-059,Pepa,Guardería,230.0,Efectivo,EMP-08,,1
DD-002751,2023-05-26,C-276,Charlie,Hotel,460.0,Tarjeta,EMP-02,cliente VIP,0
DD-002823,2023-05-26,C-319,Princesa,Baño,390.0,Transferencia,EMP-05,requiere cita previa,0
DD-002300,2023-05-26,C-022,Sammy,Guardería,180.0,Efectivo,EMP-03,alérgico a champú,1
DD-002760,2023-05-26,C-281,Bear,Guardería,200.0,Efectivo,EMP-03,propina incluida,0
DD-002688,2023-05-26,C-240,Mia,Baño,350.0,Efectivo,EMP-02,cliente frecuente,0
DD-002260,2023-05-26,C-003,Bella,Baño,420.0,Tarjeta,EMP-01,cliente frecuente,1
DD-002499,2023-05-26,C-132,Blanca,Corte,270.0,Tarjeta,EMP-06,,0
DD-002793,2023-05-26,C-300,Manchas,Guardería,190.0,Tarjeta,EMP-03,descuento aplicado,0
DD-002428,2023-05-26,C-098,Ringo,Guardería,230.0,Tarjeta,EMP-07,cliente VIP,0
DD-002328,2023-05-26,C-041,Tigrillo,Guardería,240.0,Tarjeta,EMP-03,,1
DD-002658,2023-05-26,C-220,Sammy,Corte,480.0,Efectivo,EMP-05,descuento aplicado,0
DD-002496,2023-05-26,C-130,Gordo,Baño,210.0,Transferencia,EMP-04,alérgico a champú,0
DD-002780,2023-05-26,C-294,Rex,Guardería,200.0,Tarjeta,EMP-01,cliente VIP,0
DD-002608,2023-05-26,C-193,Zeus,Hotel,520.0,Tarjeta,EMP-01,primera visita,0
DD-002661,2023-05-26,C-221,Beto,Corte,290.0,Transferencia,EMP-03,cliente frecuente,0
DD-002364,2023-05-26,C-064,Bella,Guardería,220.0,Tarjeta,EMP-07,pago pendiente,1
DD-002654,2023-05-26,C-218,Mia,Hotel,600.0,Efectivo,EMP-01,,0
DD-002774,2023-05-26,C-289,Kira,Guardería,220.0,Efectivo,EMP-01,,0
DD-002332,2023-05-26,C-043,Luna,Guardería,250.0,Efectivo,EMP-02,primera visita,1
DD-002614,2023-05-26,C-196,Nina,Guardería,210.0,Tarjeta,EMP-05,cliente VIP,0
DD-002629,2023-05-27,C-207,Ringo,Hotel,350.0,Efectivo,EMP-08,,0
DD-002648,2023-05-27,C-214,Gordo,Baño,440.0,Efectivo,EMP-02,,0
DD-002815,2023-05-27,C-316,Nina,Baño,390.0,Tarjeta,EMP-04,,0
DD-002713,2023-05-27,C-253,Luna,Baño,260.0,Efectivo,EMP-02,requiere cita previa,0
DD-002384,2023-05-27,C-071,Daisy,Corte,290.0,Transferencia,EMP-08,descuento aplicado,1
DD-002639,2023-05-27,C-211,Lobo,Baño,270.0,Tarjeta,EMP-04,perro agresivo,0
DD-002601,2023-05-27,C-188,Chico,Adiestramiento,500.0,Tarjeta,EMP-03,,0
DD-002536,2023-05-27,C-149,Toby,Adiestramiento,720.0,Efectivo,EMP-04,,0
DD-002766,2023-05-27,C-284,Duke,Guardería,220.0,Tarjeta,EMP-03,cliente frecuente,0
DD-002606,2023-05-27,C-191,Sammy,Guardería,240.0,Efectivo,EMP-01,,0
DD-002680,2023-05-27,C-236,Frida,Guardería,160.0,Efectivo,EMP-06,cliente frecuente,0
DD-002521,2023-05-27,C-142,Estrella,Baño,260.0,Efectivo,EMP-05,primera visita,0
DD-002818,2023-05-27,C-317,Beto,Guardería,210.0,Efectivo,EMP-05,traer vacunas,0
DD-002683,2023-05-27,C-239,Pancho,Guardería,230.0,Transferencia,EMP-02,,0
DD-002269,2023-05-27,C-007,Tito,Guardería,200.0,Tarjeta,EMP-03,,1
DD-002636,2023-05-27,C-210,Max,Guardería,230.0,Efectivo,EMP-01,pago pendiente,0
DD-002484,2023-05-28,C-122,Pepa,Guardería,250.0,Efectivo,EMP-08,primera visita,0
DD-002500,2023-05-28,C-133,Gus,Hotel,560.0,Efectivo,EMP-02,cliente VIP,0
DD-002485,2023-05-28,C-122,Pepa,Guardería,240.0,Efectivo,EMP-03,requiere cita previa,0
DD-002655,2023-05-28,C-218,Mia,Corte,430.0,Efectivo,EMP-03,primera visita,0
DD-002779,2023-05-28,C-294,Rex,Guardería,180.0,Efectivo,EMP-07,cliente frecuente,0
DD-002271,2023-05-28,C-009,Rosa,Adiestramiento,520.0,Efectivo,EMP-03,pago pendiente,1
DD-002752,2023-05-28,C-277,Panda,Adiestramiento,610.0,Efectivo,EMP-08,,0
DD-002634,2023-05-28,C-210,Max,Guardería,250.0,Transferencia,EMP-04,descuento aplicado,0
DD-002304,2023-05-28,C-024,Sultan,Corte,360.0,Efectivo,EMP-06,alérgico a champú,1
DD-002734,2023-05-28,C-268,Nala,Guardería,210.0,Efectivo,EMP-08,,0
DD-002695,2023-05-28,C-244,Coco,Guardería,250.0,Efectivo,EMP-01,traer vacunas,0
DD-002374,2023-05-28,C-068,Lola,Corte,330.0,Efectivo,EMP-07,requiere cita previa,1
DD-002715,2023-05-28,C-253,Luna,Guardería,160.0,Tarjeta,EMP-04,requiere cita previa,0
DD-002596,2023-05-28,C-184,Mia,Guardería,220.0,Efectivo,EMP-01,,0
DD-002667,2023-05-28,C-226,Chispa,Baño,320.0,Tarjeta,EMP-05,,0
DD-002321,2023-05-29,C-035,Pancho,Guardería,250.0,Efectivo,EMP-03,propina incluida,1
DD-002307,2023-05-29,C-025,Lola,Hotel,360.0,Tarjeta,EMP-02,,1
DD-002813,2023-05-29,C-316,Nina,Baño,220.0,Efectivo,EMP-03,cliente frecuente,0
DD-002801,2023-05-29,C-309,Boby,Hotel,580.0,Efectivo,EMP-01,cliente frecuente,0
DD-002488,2023-05-29,C-124,Manchas,Guardería,240.0,Tarjeta,EMP-05,primera visita,0
DD-002607,2023-05-29,C-191,Sammy,Guardería,240.0,Efectivo,EMP-05,,0
DD-002557,2023-05-29,C-161,Chispa,Hotel,520.0,Efectivo,EMP-03,,0
DD-002741,2023-05-29,C-270,Luna,Guardería,160.0,Tarjeta,EMP-07,,0
DD-002731,2023-05-29,C-265,Duke,Guardería,150.0,Efectivo,EMP-08,primera visita,0
DD-002456,2023-05-29,C-109,Lobo,Hotel,360.0,Tarjeta,EMP-06,propina incluida,0
DD-002549,2023-05-29,C-158,Negro,Adiestramiento,640.0,Transferencia,EMP-08,primera visita,0
DD-002270,2023-05-29,C-008,Boby,Hotel,430.0,Efectivo,EMP-07,perro agresivo,1
DD-002590,2023-05-29,C-179,Nina,Guardería,160.0,Tarjeta,EMP-05,,0
DD-002489,2023-05-30,C-125,Tigrillo,Hotel,560.0,Tarjeta,EMP-08,propina incluida,0
DD-002566,2023-05-30,C-166,Boby,Baño,260.0,Efectivo,EMP-01,,0
DD-002413,2023-05-30,C-089,Panda,Baño,420.0,Tarjeta,EMP-03,,0
DD-002454,2023-05-30,C-109,Lobo,Guardería,230.0,Efectivo,EMP-03,,0
DD-002294,2023-05-30,C-020,Fifi,Hotel,360.0,Efectivo,EMP-03,,1
DD-002645,2023-05-30,C-212,Negro,Baño,420.0,Transferencia,EMP-03,traer vacunas,0
DD-002682,2023-05-30,C-238,Max,Guardería,190.0,Tarjeta,EMP-07,,0
DD-002514,2023-05-30,C-139,Panda,Guardería,200.0,Tarjeta,EMP-05,,0
DD-002382,2023-05-30,C-070,Buddy,Guardería,210.0,Efectivo,EMP-01,traer vacunas,1
DD-002703,2023-05-30,C-248,Thor,Adiestramiento,540.0,Efectivo,EMP-04,,0
DD-002510,2023-05-30,C-137,Sasha,Guardería,160.0,Tarjeta,EMP-08,perro agresivo,0
DD-002726,2023-05-30,C-263,Nena,Adiestramiento,620.0,Tarjeta,EMP-02,perro agresivo,0
DD-002735,2023-05-30,C-268,Nala,Corte,480.0,Tarjeta,EMP-02,,0
DD-002354,2023-05-30,C-056,Bonita,Baño,410.0,Efectivo,EMP-08,requiere cita previa,1
DD-002746,2023-05-30,C-271,Pancho,Hotel,520.0,Transferencia,EMP-05,alérgico a champú,0
DD-002775,2023-05-30,C-289,Kira,Guardería,240.0,Efectivo,EMP-01,,0
DD-002349,2023-05-30,C-051,Simba,Corte,360.0,Tarjeta,EMP-08,alérgico a champú,1
DD-002513,2023-05-31,C-138,Bear,Guardería,240.0,Transferencia,EMP-03,,0
DD-002442,2023-05-31,C-103,Panda,Guardería,240.0,Transferencia,EMP-01,cliente frecuente,0
DD-002436,2023-05-31,C-100,Rosa,Baño,430.0,Transferencia,EMP-08,,0
DD-002464,2023-05-31,C-113,Lola,Guardería,240.0,Efectivo,EMP-01,propina incluida,0
DD-002577,2023-05-31,C-171,Bear,Adiestramiento,590.0,Transferencia,EMP-07,cliente frecuente,0
DD-002472,2023-05-31,C-118,Bonita,Corte,430.0,Tarjeta,EMP-06,primera visita,0
DD-002424,2023-05-31,C-095,Nala,Guardería,250.0,Tarjeta,EMP-02,requiere cita previa,0
DD-002755,2023-05-31,C-277,Panda,Baño,390.0,Tarjeta,EMP-08,,0
DD-002712,2023-05-31,C-252,Kira,Guardería,230.0,Tarjeta,EMP-06,,0
DD-002684,2023-05-31,C-239,Pancho,Guardería,200.0,Transferencia,EMP-02,,0
DD-002390,2023-05-31,C-074,Fifi,Guardería,180.0,Transferencia,EMP-08,,1
DD-002398,2023-05-31,C-078,Kira,Corte,270.0,Tarjeta,EMP-03,pago pendiente,1
DD-002790,2023-05-31,C-300,Manchas,Guardería,190.0,Efectivo,EMP-02,primera visita,0
DD-002410,2023-05-31,C-087,Sasha,Baño,290.0,Efectivo,EMP-05,,0
DD-002631,2023-05-31,C-208,Coco,Adiestramiento,410.0,Efectivo,EMP-04,cliente VIP,0
DD-002605,2023-05-31,C-191,Sammy,Guardería,220.0,Efectivo,EMP-02,propina incluida,0
DD-002615,2023-05-31,C-199,Pepa,Guardería,210.0,Transferencia,EMP-02,alérgico a champú,0
DD-002810,2023-05-31,C-314,Blanca,Guardería,210.0,Transferencia,EMP-01,descuento aplicado,0
DD-002275,2023-05-31,C-011,Daisy,Hotel,400.0,Efectivo,EMP-06,traer vacunas,1
DD-003196,2023-06-01,C-206,Simba,Guardería,240.0,Efectivo,EMP-04,descuento aplicado,0
DD-002911,2023-06-01,C-045,Thor,Guardería,200.0,Efectivo,EMP-06,cliente VIP,1
DD-002917,2023-06-01,C-048,Buddy,Baño,290.0,Tarjeta,EMP-04,cliente frecuente,1
DD-002873,2023-06-01,C-030,Bear,Baño,370.0,Efectivo,EMP-01,perro agresivo,1
DD-002943,2023-06-01,C-060,Lobo,Guardería,210.0,Efectivo,EMP-01,descuento aplicado,1
DD-003370,2023-06-01,C-311,Nala,Baño,380.0,Efectivo,EMP-05,cliente frecuente,0
DD-002843,2023-06-01,C-015,Panda,Hotel,520.0,Tarjeta,EMP-02,,1
DD-002964,2023-06-01,C-071,Daisy,Adiestramiento,650.0,Tarjeta,EMP-03,perro agresivo,1
DD-002965,2023-06-01,C-071,Daisy,Guardería,200.0,Tarjeta,EMP-01,pago pendiente,1
DD-002970,2023-06-01,C-072,Chico,Guardería,240.0,Tarjeta,EMP-03,pago pendiente,1
DD-003201,2023-06-01,C-209,Manchas,Guardería,220.0,Efectivo,EMP-07,requiere cita previa,0
DD-002909,2023-06-01,C-044,Tigrillo,Guardería,230.0,Transferencia,EMP-02,,1
DD-003245,2023-06-01,C-235,Blanca,Baño,260.0,Efectivo,EMP-08,,0
DD-002862,2023-06-01,C-025,Lola,Baño,420.0,Efectivo,EMP-02,descuento aplicado,1
DD-003052,2023-06-01,C-124,Manchas,Guardería,160.0,Tarjeta,EMP-08,,0
DD-003137,2023-06-01,C-177,Princesa,Corte,470.0,Transferencia,EMP-03,perro agresivo,0
DD-003032,2023-06-01,C-112,Princesa,Adiestramiento,610.0,Efectivo,EMP-06,,0
DD-003059,2023-06-01,C-130,Gordo,Baño,260.0,Efectivo,EMP-03,,0
DD-002825,2023-06-01,C-001,Lobo,Hotel,590.0,Efectivo,EMP-05,traer vacunas,1
DD-002826,2023-06-01,C-003,Bella,Baño,260.0,Tarjeta,EMP-06,cliente VIP,1
DD-003057,2023-06-01,C-129,Tigrillo,Baño,260.0,Efectivo,EMP-04,requiere cita previa,0
DD-003336,2023-06-02,C-289,Kira,Guardería,150.0,Tarjeta,EMP-04,,0
DD-002865,2023-06-02,C-026,Mia,Hotel,600.0,Tarjeta,EMP-05,,1
DD-003317,2023-06-02,C-277,Panda,Corte,360.0,Tarjeta,EMP-04,,0
DD-003300,2023-06-02,C-265,Duke,Adiestramiento,640.0,Efectivo,EMP-05,alérgico a champú,0
DD-003284,2023-06-02,C-256,Chato,Baño,400.0,Transferencia,EMP-05,,0
DD-003272,2023-06-02,C-248,Thor,Guardería,180.0,Transferencia,EMP-01,alérgico a champú,0
DD-003002,2023-06-02,C-091,Kira,Guardería,150.0,Efectivo,EMP-04,perro agresivo,0
DD-002938,2023-06-02,C-054,Mia,Corte,470.0,Tarjeta,EMP-06,,1
DD-002940,2023-06-02,C-055,Bear,Guardería,180.0,Efectivo,EMP-05,descuento aplicado,1
DD-003112,2023-06-02,C-164,Gus,Guardería,160.0,Efectivo,EMP-05,propina incluida,0
DD-003224,2023-06-02,C-221,Beto,Adiestramiento,440.0,Efectivo,EMP-06,pago pendiente,0
DD-003114,2023-06-02,C-165,Frida,Adiestramiento,420.0,Efectivo,EMP-06,requiere cita previa,0
DD-003219,2023-06-02,C-217,Sultan,Corte,350.0,Tarjeta,EMP-02,,0
DD-003043,2023-06-02,C-117,Daisy,Baño,370.0,Tarjeta,EMP-02,cliente frecuente,0
DD-003158,2023-06-02,C-191,Sammy,Guardería,150.0,Efectivo,EMP-06,,0
DD-002986,2023-06-02,C-081,Luna,Hotel,460.0,Tarjeta,EMP-05,perro agresivo,0
DD-003183,2023-06-02,C-203,Princesa,Adiestramiento,760.0,Transferencia,EMP-06,cliente VIP,0
DD-003072,2023-06-02,C-138,Bear,Guardería,180.0,Transferencia,EMP-01,cliente VIP,0
DD-003383,2023-06-02,C-318,Negro,Guardería,220.0,Tarjeta,EMP-07,primera visita,0
DD-003344,2023-06-02,C-294,Rex,Corte,480.0,Efectivo,EMP-07,pago pendiente,0
DD-002858,2023-06-02,C-021,Rocky,Guardería,230.0,Transferencia,EMP-04,pago pendiente,1
DD-002834,2023-06-02,C-010,Maya,Baño,400.0,Efectivo,EMP-02,cliente frecuente,1
DD-003357,2023-06-02,C-299,Negro,Baño,360.0,Tarjeta,EMP-05,traer vacunas,0
DD-002827,2023-06-02,C-003,Bella,Baño,400.0,Efectivo,EMP-07,traer vacunas,1
DD-003160,2023-06-03,C-191,Sammy,Baño,400.0,Efectivo,EMP-03,propina incluida,0
DD-003047,2023-06-03,C-121,Duke,Guardería,240.0,Transferencia,EMP-04,,0
DD-002849,2023-06-03,C-017,Canela,Baño,440.0,Efectivo,EMP-05,requiere cita previa,1
DD-002987,2023-06-03,C-081,Luna,Baño,250.0,Tarjeta,EMP-01,perro agresivo,0
DD-003226,2023-06-03,C-222,Canela,Corte,460.0,Efectivo,EMP-08,perro agresivo,0
DD-003217,2023-06-03,C-216,Bonita,Guardería,240.0,Transferencia,EMP-04,primera visita,0
DD-003329,2023-06-03,C-282,Rosa,Hotel,560.0,Efectivo,EMP-05,,0
DD-002975,2023-06-03,C-076,Bear,Guardería,180.0,Tarjeta,EMP-07,cliente frecuente,1
DD-002961,2023-06-03,C-070,Buddy,Guardería,180.0,Efectivo,EMP-04,pago pendiente,1
DD-003025,2023-06-03,C-103,Panda,Guardería,240.0,Tarjeta,EMP-02,,0
DD-003238,2023-06-03,C-230,Chico,Guardería,150.0,Transferencia,EMP-08,alérgico a champú,0
DD-002963,2023-06-03,C-070,Buddy,Baño,370.0,Transferencia,EMP-06,,1
DD-003125,2023-06-03,C-171,Bear,Hotel,480.0,Tarjeta,EMP-01,primera visita,0
DD-003212,2023-06-03,C-213,Pancho,Hotel,540.0,Tarjeta,EMP-04,,0
DD-003109,2023-06-04,C-163,Rocky,Guardería,240.0,Tarjeta,EMP-02,requiere cita previa,0
DD-003187,2023-06-04,C-204,Nala,Guardería,230.0,Efectivo,EMP-04,,0
DD-002974,2023-06-04,C-076,Bear,Guardería,190.0,Tarjeta,EMP-04,pago pendiente,1
DD-003287,2023-06-04,C-259,Paloma,Corte,300.0,Tarjeta,EMP-08,traer vacunas,0
DD-003301,2023-06-04,C-265,Duke,Corte,310.0,Efectivo,EMP-08,cliente frecuente,0
DD-002895,2023-06-04,C-040,Manchas,Guardería,220.0,Transferencia,EMP-02,perro agresivo,1
DD-003313,2023-06-04,C-275,Lobo,Corte,330.0,Efectivo,EMP-05,primera visita,0
DD-002968,2023-06-04,C-072,Chico,Corte,480.0,Efectivo,EMP-07,,1
DD-003011,2023-06-04,C-095,Nala,Corte,400.0,Tarjeta,EMP-07,,0
DD-003006,2023-06-04,C-093,Thor,Baño,350.0,Tarjeta,EMP-02,descuento aplicado,0
DD-003382,2023-06-04,C-318,Negro,Hotel,520.0,Transferencia,EMP-05,,0
DD-003156,2023-06-04,C-189,Zeus,Guardería,240.0,Tarjeta,EMP-02,perro agresivo,0
DD-002882,2023-06-04,C-034,Gus,Baño,430.0,Tarjeta,EMP-05,,1
DD-003327,2023-06-04,C-281,Bear,Guardería,200.0,Transferencia,EMP-03,pago pendiente,0
DD-003314,2023-06-04,C-275,Lobo,Corte,300.0,Tarjeta,EMP-08,,0
DD-003333,2023-06-04,C-287,Maya,Guardería,240.0,Efectivo,EMP-04,cliente VIP,0
DD-002875,2023-06-04,C-030,Bear,Baño,270.0,Tarjeta,EMP-05,,1
DD-003013,2023-06-04,C-096,Chato,Baño,390.0,Efectivo,EMP-07,pago pendiente,0
DD-003363,2023-06-05,C-303,Toby,Corte,340.0,Efectivo,EMP-07,,0
DD-002924,2023-06-05,C-051,Simba,Guardería,200.0,Tarjeta,EMP-08,descuento aplicado,1
DD-003361,2023-06-05,C-302,Fifi,Guardería,230.0,Efectivo,EMP-06,cliente frecuente,0
DD-003221,2023-06-05,C-218,Mia,Guardería,220.0,Efectivo,EMP-05,alérgico a champú,0
DD-002854,2023-06-05,C-019,Canela,Guardería,180.0,Transferencia,EMP-02,,1
DD-002953,2023-06-05,C-066,Rocky,Baño,420.0,Tarjeta,EMP-03,alérgico a champú,1
DD-003236,2023-06-05,C-229,Bella,Guardería,240.0,Transferencia,EMP-01,,0
DD-003115,2023-06-05,C-165,Frida,Baño,260.0,Tarjeta,EMP-08,,0
DD-003180,2023-06-05,C-202,Tigrillo,Baño,440.0,Tarjeta,EMP-01,,0
DD-003374,2023-06-05,C-313,Nala,Adiestramiento,770.0,Tarjeta,EMP-06,perro agresivo,0
DD-003040,2023-06-05,C-117,Daisy,Baño,370.0,Efectivo,EMP-05,descuento aplicado,0
DD-003138,2023-06-05,C-177,Princesa,Adiestramiento,630.0,Tarjeta,EMP-08,,0
DD-002878,2023-06-05,C-031,Ringo,Guardería,200.0,Efectivo,EMP-01,cliente VIP,1
DD-002881,2023-06-05,C-033,Max,Baño,310.0,Efectivo,EMP-07,,1
DD-003320,2023-06-05,C-279,Coco,Guardería,180.0,Efectivo,EMP-04,,0
DD-003111,2023-06-05,C-164,Gus,Hotel,370.0,Tarjeta,EMP-03,primera visita,0
DD-003242,2023-06-05,C-232,Thor,Guardería,220.0,Efectivo,EMP-08,,0
DD-002997,2023-06-05,C-086,Gordo,Baño,290.0,Transferencia,EMP-03,descuento aplicado,0
DD-002977,2023-06-05,C-077,Kira,Baño,370.0,Efectivo,EMP-04,propina incluida,1
DD-003285,2023-06-05,C-257,Canela,Guardería,230.0,Tarjeta,EMP-05,,0
DD-003000,2023-06-05,C-090,Coco,Corte,400.0,Transferencia,EMP-06,cliente VIP,0
DD-003184,2023-06-06,C-203,Princesa,Baño,440.0,Efectivo,EMP-08,cliente frecuente,0
DD-003385,2023-06-06,C-319,Princesa,Baño,340.0,Transferencia,EMP-03,,0
DD-003144,2023-06-06,C-182,Negro,Hotel,510.0,Efectivo,EMP-06,,0
DD-003198,2023-06-06,C-206,Simba,Corte,370.0,Tarjeta,EMP-08,,0
DD-003026,2023-06-06,C-104,Rosa,Baño,260.0,Tarjeta,EMP-05,propina incluida,0
DD-002835,2023-06-06,C-011,Daisy,Baño,300.0,Efectivo,EMP-08,traer vacunas,1
DD-003205,2023-06-06,C-210,Max,Baño,420.0,Tarjeta,EMP-03,primera visita,0
DD-002887,2023-06-06,C-036,Rex,Adiestramiento,420.0,Tarjeta,EMP-05,descuento aplicado,1
DD-003092,2023-06-06,C-148,Lola,Hotel,570.0,Tarjeta,EMP-04,,0
DD-003337,2023-06-06,C-289,Kira,Corte,450.0,Efectivo,EMP-06,,0
DD-003255,2023-06-06,C-242,Sammy,Baño,330.0,Efectivo,EMP-03,perro agresivo,0
DD-002988,2023-06-07,C-081,Luna,Guardería,200.0,Transferencia,EMP-01,,0
DD-002990,2023-06-07,C-085,Beto,Baño,390.0,Efectivo,EMP-07,descuento aplicado,0
DD-003177,2023-06-07,C-201,Rosa,Corte,270.0,Efectivo,EMP-01,,0
DD-003068,2023-06-07,C-135,Bella,Guardería,200.0,Efectivo,EMP-03,,0
DD-003008,2023-06-07,C-094,Bear,Baño,400.0,Efectivo,EMP-04,descuento aplicado,0
DD-002885,2023-06-07,C-036,Rex,Corte,340.0,Efectivo,EMP-08,,1
DD-003321,2023-06-07,C-279,Coco,Hotel,470.0,Efectivo,EMP-02,,0
DD-003154,2023-06-07,C-188,Chico,Corte,400.0,Tarjeta,EMP-06,alérgico a champú,0
DD-003350,2023-06-07,C-295,Chico,Guardería,180.0,Tarjeta,EMP-07,primera visita,0
DD-003140,2023-06-07,C-180,Buddy,Guardería,190.0,Efectivo,EMP-07,pago pendiente,0
DD-003018,2023-06-07,C-098,Ringo,Corte,370.0,Tarjeta,EMP-01,perro agresivo,0
DD-002833,2023-06-07,C-006,Thor,Guardería,250.0,Efectivo,EMP-08,perro agresivo,1
DD-003130,2023-06-07,C-173,Charlie,Guardería,200.0,Transferencia,EMP-06,alérgico a champú,0
DD-003127,2023-06-07,C-172,Tito,Guardería,180.0,Tarjeta,EMP-07,requiere cita previa,0
DD-003340,2023-06-07,C-290,Lola,Baño,380.0,Tarjeta,EMP-01,requiere cita previa,0
DD-003121,2023-06-07,C-170,Frida,Baño,230.0,Transferencia,EMP-05,,0
DD-003119,2023-06-07,C-167,Coco,Guardería,250.0,Tarjeta,EMP-05,,0
DD-003045,2023-06-07,C-120,Duke,Corte,400.0,Tarjeta,EMP-08,,0
DD-002853,2023-06-07,C-019,Canela,Baño,330.0,Transferencia,EMP-05,alérgico a champú,1
DD-002844,2023-06-07,C-015,Panda,Corte,420.0,Efectivo,EMP-07,descuento aplicado,1
DD-002952,2023-06-07,C-066,Rocky,Corte,400.0,Tarjeta,EMP-02,,1
DD-003058,2023-06-07,C-129,Tigrillo,Guardería,230.0,Efectivo,EMP-05,traer vacunas,0
DD-003241,2023-06-07,C-232,Thor,Baño,330.0,Tarjeta,EMP-08,,0
DD-003178,2023-06-08,C-202,Tigrillo,Hotel,380.0,Tarjeta,EMP-06,,0
DD-002998,2023-06-08,C-086,Gordo,Baño,440.0,Tarjeta,EMP-06,,0
DD-003170,2023-06-08,C-195,Rocky,Baño,200.0,Efectivo,EMP-02,traer vacunas,0
DD-003161,2023-06-08,C-192,Sammy,Corte,310.0,Transferencia,EMP-01,alérgico a champú,0
DD-002922,2023-06-08,C-050,Max,Baño,290.0,Tarjeta,EMP-08,,1
DD-002976,2023-06-08,C-077,Kira,Adiestramiento,480.0,Efectivo,EMP-07,,1
DD-002902,2023-06-08,C-043,Luna,Guardería,240.0,Tarjeta,EMP-05,,1
DD-003289,2023-06-08,C-259,Paloma,Guardería,210.0,Efectivo,EMP-06,,0
DD-003086,2023-06-08,C-145,Lola,Hotel,380.0,Efectivo,EMP-07,,0
DD-003078,2023-06-08,C-141,Maya,Guardería,170.0,Efectivo,EMP-01,cliente VIP,0
DD-003135,2023-06-08,C-174,Chispa,Hotel,490.0,Efectivo,EMP-06,cliente VIP,0
DD-003014,2023-06-08,C-096,Chato,Baño,400.0,Efectivo,EMP-06,descuento aplicado,0
DD-002989,2023-06-08,C-084,Pancho,Guardería,200.0,Tarjeta,EMP-01,propina incluida,0
DD-003209,2023-06-08,C-211,Lobo,Guardería,200.0,Tarjeta,EMP-03,,0
DD-003105,2023-06-08,C-161,Chispa,Baño,340.0,Transferencia,EMP-04,propina incluida,0
DD-002934,2023-06-08,C-053,Buddy,Adiestramiento,520.0,Efectivo,EMP-03,traer vacunas,1
DD-003123,2023-06-08,C-171,Bear,Hotel,510.0,Transferencia,EMP-01,requiere cita previa,0
DD-003122,2023-06-08,C-171,Bear,Baño,270.0,Efectivo,EMP-07,,0
DD-003120,2023-06-08,C-169,Gordo,Hotel,520.0,Tarjeta,EMP-05,,0
DD-003348,2023-06-08,C-295,Chico,Hotel,520.0,Efectivo,EMP-02,,0
DD-003091,2023-06-08,C-148,Lola,Adiestramiento,730.0,Efectivo,EMP-05,cliente VIP,0
DD-003222,2023-06-09,C-219,Nina,Corte,440.0,Efectivo,EMP-02,alérgico a champú,0
DD-003116,2023-06-09,C-166,Boby,Baño,420.0,Transferencia,EMP-02,cliente VIP,0
DD-003258,2023-06-09,C-243,Maya,Guardería,230.0,Tarjeta,EMP-03,propina incluida,0
DD-002947,2023-06-09,C-062,Zeus,Baño,420.0,Transferencia,EMP-04,,1
DD-003023,2023-06-09,C-102,Chispa,Guardería,190.0,Efectivo,EMP-01,traer vacunas,0
DD-003034,2023-06-09,C-113,Lola,Baño,250.0,Tarjeta,EMP-06,propina incluida,0
DD-003328,2023-06-09,C-282,Rosa,Adiestramiento,740.0,Tarjeta,EMP-08,pago pendiente,0
DD-002846,2023-06-09,C-017,Canela,Baño,300.0,Efectivo,EMP-08,,1
DD-003098,2023-06-09,C-153,Chato,Corte,320.0,Tarjeta,EMP-02,propina incluida,0
DD-003311,2023-06-09,C-272,Boby,Guardería,180.0,Tarjeta,EMP-04,descuento aplicado,0
DD-003283,2023-06-09,C-254,Fifi,Baño,410.0,Efectivo,EMP-02,descuento aplicado,0
DD-003359,2023-06-09,C-300,Manchas,Corte,420.0,Tarjeta,EMP-08,pago pendiente,0
DD-003193,2023-06-09,C-205,Pepa,Guardería,220.0,Efectivo,EMP-01,,0
DD-002850,2023-06-10,C-017,Canela,Baño,380.0,Tarjeta,EMP-04,,1
DD-003041,2023-06-10,C-117,Daisy,Adiestramiento,560.0,Efectivo,EMP-07,,0
DD-003035,2023-06-10,C-113,Lola,Guardería,160.0,Transferencia,EMP-05,,0
DD-003031,2023-06-10,C-112,Princesa,Guardería,170.0,Transferencia,EMP-03,,0
DD-003339,2023-06-10,C-290,Lola,Guardería,230.0,Tarjeta,EMP-06,pago pendiente,0
DD-003134,2023-06-10,C-174,Chispa,Baño,340.0,Transferencia,EMP-07,,0
DD-003021,2023-06-10,C-099,Gordo,Hotel,410.0,Efectivo,EMP-01,alérgico a champú,0
DD-003240,2023-06-10,C-231,Fifi,Baño,300.0,Efectivo,EMP-08,perro agresivo,0
DD-002927,2023-06-10,C-051,Simba,Hotel,430.0,Tarjeta,EMP-02,traer vacunas,1
DD-003389,2023-06-10,C-320,Negro,Baño,350.0,Tarjeta,EMP-08,perro agresivo,0
DD-003012,2023-06-10,C-095,Nala,Guardería,200.0,Tarjeta,EMP-01,descuento aplicado,0
DD-002905,2023-06-10,C-044,Tigrillo,Baño,230.0,Efectivo,EMP-04,,1
DD-003192,2023-06-10,C-205,Pepa,Hotel,440.0,Efectivo,EMP-01,requiere cita previa,0
DD-003364,2023-06-10,C-304,Buddy,Guardería,160.0,Tarjeta,EMP-05,primera visita,0
DD-003244,2023-06-10,C-234,Toby,Hotel,380.0,Tarjeta,EMP-04,,0
DD-003163,2023-06-10,C-192,Sammy,Corte,260.0,Tarjeta,EMP-06,,0
DD-002991,2023-06-10,C-085,Beto,Guardería,190.0,Efectivo,EMP-04,descuento aplicado,0
DD-003165,2023-06-10,C-192,Sammy,Baño,420.0,Efectivo,EMP-08,requiere cita previa,0
DD-003265,2023-06-10,C-245,Frida,Baño,250.0,Tarjeta,EMP-07,,0
DD-003384,2023-06-10,C-318,Negro,Guardería,200.0,Efectivo,EMP-06,,0
DD-002842,2023-06-11,C-015,Panda,Guardería,190.0,Transferencia,EMP-03,perro agresivo,1
DD-003371,2023-06-11,C-312,Bella,Baño,440.0,Tarjeta,EMP-05,,0
DD-003128,2023-06-11,C-172,Tito,Guardería,160.0,Transferencia,EMP-06,,0
DD-002935,2023-06-11,C-053,Buddy,Corte,320.0,Tarjeta,EMP-03,pago pendiente,1
DD-003132,2023-06-11,C-173,Charlie,Baño,320.0,Efectivo,EMP-06,primera visita,0
DD-003004,2023-06-11,C-091,Kira,Guardería,160.0,Transferencia,EMP-04,traer vacunas,0
DD-002984,2023-06-11,C-080,Luna,Baño,400.0,Tarjeta,EMP-02,,1
DD-003307,2023-06-11,C-270,Luna,Baño,300.0,Efectivo,EMP-05,alérgico a champú,0
DD-002936,2023-06-11,C-053,Buddy,Hotel,500.0,Tarjeta,EMP-01,,1
DD-003263,2023-06-11,C-245,Frida,Corte,460.0,Efectivo,EMP-08,,0
DD-003298,2023-06-11,C-265,Duke,Guardería,170.0,Efectivo,EMP-04,perro agresivo,0
DD-002897,2023-06-11,C-041,Tigrillo,Guardería,240.0,Tarjeta,EMP-02,primera visita,1
DD-003341,2023-06-11,C-290,Lola,Corte,460.0,Tarjeta,EMP-01,,0
DD-003049,2023-06-11,C-124,Manchas,Adiestramiento,610.0,Efectivo,EMP-01,cliente VIP,0
DD-003378,2023-06-11,C-316,Nina,Corte,270.0,Tarjeta,EMP-03,traer vacunas,0
DD-003360,2023-06-11,C-301,Gus,Corte,400.0,Tarjeta,EMP-04,,0
DD-002956,2023-06-11,C-067,Bonita,Guardería,170.0,Tarjeta,EMP-02,,1
DD-002889,2023-06-11,C-037,Toby,Guardería,240.0,Transferencia,EMP-03,primera visita,1
DD-002867,2023-06-11,C-027,Zeus,Guardería,170.0,Efectivo,EMP-02,cliente frecuente,1
DD-003282,2023-06-12,C-253,Luna,Guardería,250.0,Tarjeta,EMP-02,traer vacunas,0
DD-003211,2023-06-12,C-213,Pancho,Corte,340.0,Tarjeta,EMP-04,,0
DD-003213,2023-06-12,C-214,Gordo,Baño,410.0,Efectivo,EMP-01,,0
DD-003110,2023-06-12,C-163,Rocky,Corte,470.0,Efectivo,EMP-08,,0
DD-003277,2023-06-12,C-251,Blanca,Guardería,200.0,Efectivo,EMP-08,propina incluida,0
DD-003191,2023-06-12,C-205,Pepa,Guardería,190.0,Efectivo,EMP-02,propina incluida,0
DD-003182,2023-06-12,C-202,Tigrillo,Baño,240.0,Efectivo,EMP-02,,0
DD-002910,2023-06-12,C-045,Thor,Hotel,360.0,Transferencia,EMP-08,primera visita,1
DD-003309,2023-06-12,C-271,Pancho,Baño,340.0,Tarjeta,EMP-04,requiere cita previa,0
DD-003099,2023-06-12,C-153,Chato,Guardería,230.0,Efectivo,EMP-04,,0
DD-002855,2023-06-12,C-019,Canela,Hotel,560.0,Efectivo,EMP-03,,1
DD-002874,2023-06-12,C-030,Bear,Hotel,460.0,Transferencia,EMP-02,propina incluida,1
DD-003082,2023-06-12,C-144,Rex,Baño,210.0,Tarjeta,EMP-04,,0
DD-002913,2023-06-12,C-045,Thor,Baño,290.0,Tarjeta,EMP-03,descuento aplicado,1
DD-003062,2023-06-13,C-131,Sultan,Corte,320.0,Tarjeta,EMP-03,pago pendiente,0
DD-003075,2023-06-13,C-140,Chispa,Guardería,240.0,Efectivo,EMP-04,,0
DD-003077,2023-06-13,C-141,Maya,Corte,340.0,Tarjeta,EMP-02,,0
DD-003343,2023-06-13,C-291,Blanca,Guardería,200.0,Efectivo,EMP-08,perro agresivo,0
DD-003250,2023-06-13,C-238,Max,Guardería,200.0,Efectivo,EMP-08,primera visita,0
DD-003260,2023-06-13,C-244,Coco,Baño,210.0,Tarjeta,EMP-03,pago pendiente,0
DD-003249,2023-06-13,C-236,Frida,Corte,450.0,Efectivo,EMP-04,cliente frecuente,0
DD-003243,2023-06-13,C-234,Toby,Guardería,230.0,Tarjeta,EMP-03,,0
DD-003306,2023-06-13,C-270,Luna,Baño,290.0,Efectivo,EMP-03,traer vacunas,0
DD-002995,2023-06-13,C-085,Beto,Adiestramiento,530.0,Tarjeta,EMP-08,cliente VIP,0
DD-003228,2023-06-13,C-223,Sasha,Guardería,240.0,Efectivo,EMP-05,,0
DD-002916,2023-06-13,C-047,Gus,Guardería,190.0,Tarjeta,EMP-06,,1
DD-002951,2023-06-13,C-065,Buddy,Hotel,350.0,Efectivo,EMP-02,,1
DD-002954,2023-06-13,C-066,Rocky,Baño,420.0,Efectivo,EMP-04,cliente VIP,1
DD-003218,2023-06-13,C-217,Sultan,Adiestramiento,670.0,Efectivo,EMP-03,cliente VIP,0
DD-003202,2023-06-13,C-209,Manchas,Baño,360.0,Tarjeta,EMP-01,perro agresivo,0
DD-002840,2023-06-13,C-014,Nena,Baño,380.0,Efectivo,EMP-01,,1
DD-003375,2023-06-13,C-314,Blanca,Baño,400.0,Transferencia,EMP-02,pago pendiente,0
DD-003190,2023-06-13,C-204,Nala,Corte,450.0,Efectivo,EMP-05,pago pendiente,0
DD-002906,2023-06-13,C-044,Tigrillo,Guardería,210.0,Efectivo,EMP-07,alérgico a champú,1
DD-003318,2023-06-14,C-277,Panda,Baño,420.0,Efectivo,EMP-05,requiere cita previa,0
DD-003338,2023-06-14,C-290,Lola,Guardería,200.0,Tarjeta,EMP-07,pago pendiente,0
DD-003377,2023-06-14,C-315,Zeus,Guardería,190.0,Tarjeta,EMP-01,primera visita,0
DD-003237,2023-06-14,C-229,Bella,Hotel,530.0,Tarjeta,EMP-04,cliente VIP,0
DD-003233,2023-06-14,C-228,Sasha,Guardería,180.0,Tarjeta,EMP-02,cliente frecuente,0
DD-003108,2023-06-14,C-163,Rocky,Guardería,170.0,Efectivo,EMP-03,,0
DD-003291,2023-06-14,C-261,Sultan,Hotel,390.0,Efectivo,EMP-07,,0
DD-003366,2023-06-14,C-305,Paloma,Baño,260.0,Efectivo,EMP-07,pago pendiente,0
DD-003129,2023-06-14,C-173,Charlie,Baño,220.0,Tarjeta,EMP-03,,0
DD-002993,2023-06-14,C-085,Beto,Guardería,250.0,Efectivo,EMP-08,,0
DD-003005,2023-06-14,C-092,Rocky,Adiestramiento,620.0,Tarjeta,EMP-03,descuento aplicado,0
DD-003055,2023-06-14,C-127,Beto,Baño,310.0,Tarjeta,EMP-01,alérgico a champú,0
DD-002945,2023-06-14,C-061,Toby,Guardería,220.0,Efectivo,EMP-03,perro agresivo,1
DD-002857,2023-06-14,C-021,Rocky,Baño,260.0,Efectivo,EMP-04,,1
DD-002886,2023-06-14,C-036,Rex,Guardería,190.0,Efectivo,EMP-08,primera visita,1
DD-003342,2023-06-15,C-290,Lola,Hotel,480.0,Efectivo,EMP-03,traer vacunas,0
DD-003279,2023-06-15,C-252,Kira,Adiestramiento,490.0,Tarjeta,EMP-07,perro agresivo,0
DD-003268,2023-06-15,C-246,Luna,Hotel,430.0,Tarjeta,EMP-05,propina incluida,0
DD-003264,2023-06-15,C-245,Frida,Adiestramiento,780.0,Efectivo,EMP-07,,0
DD-003173,2023-06-15,C-197,Mia,Adiestramiento,540.0,Efectivo,EMP-02,primera visita,0
DD-002929,2023-06-15,C-052,Estrella,Adiestramiento,790.0,Efectivo,EMP-05,,1
DD-002914,2023-06-15,C-046,Chato,Guardería,220.0,Tarjeta,EMP-05,pago pendiente,1
DD-003381,2023-06-15,C-317,Beto,Hotel,470.0,Efectivo,EMP-02,primera visita,0
DD-002852,2023-06-15,C-018,Toby,Baño,230.0,Tarjeta,EMP-06,,1
DD-002839,2023-06-15,C-014,Nena,Guardería,190.0,Efectivo,EMP-05,traer vacunas,1
DD-002983,2023-06-15,C-079,Charlie,Hotel,440.0,Efectivo,EMP-07,,1
DD-002926,2023-06-15,C-051,Simba,Guardería,180.0,Tarjeta,EMP-07,requiere cita previa,1
DD-003351,2023-06-15,C-296,Duke,Hotel,520.0,Efectivo,EMP-06,,0
DD-003169,2023-06-15,C-195,Rocky,Baño,440.0,Transferencia,EMP-07,alérgico a champú,0
DD-003323,2023-06-15,C-280,Nena,Guardería,200.0,Efectivo,EMP-05,cliente frecuente,0
DD-002880,2023-06-15,C-033,Max,Baño,390.0,Tarjeta,EMP-03,requiere cita previa,1
DD-003079,2023-06-15,C-142,Estrella,Corte,290.0,Efectivo,EMP-07,,0
DD-003087,2023-06-15,C-146,Ringo,Baño,380.0,Tarjeta,EMP-06,descuento aplicado,0
DD-003239,2023-06-16,C-230,Chico,Guardería,180.0,Transferencia,EMP-03,,0
DD-002930,2023-06-16,C-052,Estrella,Baño,440.0,Efectivo,EMP-08,,1
DD-003356,2023-06-16,C-298,Ringo,Hotel,540.0,Efectivo,EMP-03,pago pendiente,0
DD-003259,2023-06-16,C-243,Maya,Guardería,230.0,Tarjeta,EMP-05,alérgico a champú,0
DD-003261,2023-06-16,C-244,Coco,Guardería,220.0,Efectivo,EMP-03,pago pendiente,0
DD-003235,2023-06-16,C-229,Bella,Baño,280.0,Tarjeta,EMP-07,alérgico a champú,0
DD-003022,2023-06-16,C-099,Gordo,Corte,290.0,Efectivo,EMP-01,pago pendiente,0
DD-003227,2023-06-16,C-222,Canela,Corte,280.0,Tarjeta,EMP-08,,0
DD-003083,2023-06-16,C-144,Rex,Guardería,200.0,Tarjeta,EMP-02,alérgico a champú,0
DD-002950,2023-06-16,C-065,Buddy,Baño,320.0,Efectivo,EMP-05,,1
DD-002946,2023-06-16,C-062,Zeus,Guardería,170.0,Efectivo,EMP-02,alérgico a champú,1
DD-002828,2023-06-16,C-004,Paloma,Baño,240.0,Tarjeta,EMP-06,,1
DD-003308,2023-06-16,C-271,Pancho,Hotel,490.0,Efectivo,EMP-07,,0
DD-002900,2023-06-16,C-042,Nena,Baño,430.0,Efectivo,EMP-07,requiere cita previa,1
DD-003352,2023-06-16,C-296,Duke,Baño,380.0,Efectivo,EMP-01,,0
DD-003162,2023-06-16,C-192,Sammy,Corte,360.0,Tarjeta,EMP-08,propina incluida,0
DD-003067,2023-06-16,C-135,Bella,Baño,370.0,Efectivo,EMP-07,,0
DD-002903,2023-06-16,C-043,Luna,Guardería,240.0,Efectivo,EMP-01,alérgico a champú,1
DD-002845,2023-06-16,C-016,Max,Baño,220.0,Efectivo,EMP-06,traer vacunas,1
DD-003372,2023-06-16,C-313,Nala,Guardería,210.0,Efectivo,EMP-04,alérgico a champú,0
DD-003345,2023-06-16,C-294,Rex,Hotel,490.0,Tarjeta,EMP-08,,0
DD-003230,2023-06-17,C-224,Zeus,Adiestramiento,510.0,Transferencia,EMP-04,,0
DD-002979,2023-06-17,C-078,Kira,Hotel,570.0,Efectivo,EMP-06,,1
DD-002942,2023-06-17,C-057,Bella,Hotel,350.0,Efectivo,EMP-08,traer vacunas,1
DD-002868,2023-06-17,C-027,Zeus,Corte,310.0,Tarjeta,EMP-01,pago pendiente,1
DD-002994,2023-06-17,C-085,Beto,Baño,340.0,Tarjeta,EMP-02,traer vacunas,0
DD-003150,2023-06-17,C-186,Frida,Corte,440.0,Tarjeta,EMP-05,,0
DD-002971,2023-06-17,C-073,Max,Adiestramiento,460.0,Tarjeta,EMP-08,requiere cita previa,1
DD-002944,2023-06-17,C-061,Toby,Corte,250.0,Efectivo,EMP-03,,1
DD-003038,2023-06-17,C-115,Charlie,Guardería,210.0,Efectivo,EMP-03,cliente frecuente,0
DD-003355,2023-06-17,C-298,Ringo,Hotel,580.0,Tarjeta,EMP-03,perro agresivo,0
DD-003354,2023-06-17,C-296,Duke,Hotel,460.0,Efectivo,EMP-07,traer vacunas,0
DD-003293,2023-06-17,C-263,Nena,Baño,300.0,Tarjeta,EMP-05,primera visita,0
DD-003294,2023-06-17,C-264,Sultan,Adiestramiento,750.0,Tarjeta,EMP-01,traer vacunas,0
DD-003256,2023-06-17,C-242,Sammy,Hotel,460.0,Efectivo,EMP-03,propina incluida,0
DD-002861,2023-06-17,C-024,Sultan,Corte,250.0,Efectivo,EMP-08,pago pendiente,1
DD-002891,2023-06-17,C-038,Buddy,Hotel,390.0,Transferencia,EMP-04,traer vacunas,1
DD-003278,2023-06-17,C-252,Kira,Guardería,240.0,Transferencia,EMP-05,propina incluida,0
DD-003292,2023-06-17,C-262,Charlie,Guardería,200.0,Efectivo,EMP-05,,0
DD-003042,2023-06-17,C-117,Daisy,Corte,500.0,Transferencia,EMP-02,perro agresivo,0
DD-003118,2023-06-17,C-166,Boby,Corte,340.0,Tarjeta,EMP-02,,0
DD-002912,2023-06-18,C-045,Thor,Guardería,170.0,Efectivo,EMP-06,,1
DD-002992,2023-06-18,C-085,Beto,Guardería,160.0,Efectivo,EMP-05,pago pendiente,0
DD-002872,2023-06-18,C-030,Bear,Guardería,220.0,Tarjeta,EMP-03,cliente frecuente,1
DD-002960,2023-06-18,C-069,Paloma,Hotel,360.0,Efectivo,EMP-06,cliente VIP,1
DD-003335,2023-06-18,C-287,Maya,Guardería,210.0,Efectivo,EMP-04,propina incluida,0
DD-003270,2023-06-18,C-246,Luna,Baño,220.0,Efectivo,EMP-05,pago pendiente,0
DD-002980,2023-06-18,C-079,Charlie,Corte,270.0,Efectivo,EMP-03,primera visita,1
DD-003185,2023-06-18,C-204,Nala,Corte,270.0,Tarjeta,EMP-05,cliente VIP,0
DD-003181,2023-06-18,C-202,Tigrillo,Hotel,390.0,Efectivo,EMP-01,,0
DD-002863,2023-06-18,C-025,Lola,Baño,350.0,Efectivo,EMP-08,descuento aplicado,1
DD-003319,2023-06-18,C-278,Estrella,Baño,240.0,Efectivo,EMP-03,traer vacunas,0
DD-003297,2023-06-18,C-265,Duke,Guardería,160.0,Efectivo,EMP-06,pago pendiente,0
DD-002939,2023-06-18,C-055,Bear,Guardería,150.0,Tarjeta,EMP-01,perro agresivo,1
DD-002996,2023-06-18,C-085,Beto,Adiestramiento,590.0,Efectivo,EMP-08,traer vacunas,0
DD-003028,2023-06-18,C-108,Sasha,Baño,270.0,Tarjeta,EMP-07,,0
DD-002957,2023-06-18,C-068,Lola,Guardería,250.0,Efectivo,EMP-07,,1
DD-002870,2023-06-19,C-028,Princesa,Corte,280.0,Tarjeta,EMP-03,,1
DD-003175,2023-06-19,C-200,Paloma,Baño,310.0,Efectivo,EMP-02,pago pendiente,0
DD-002931,2023-06-19,C-052,Estrella,Baño,350.0,Tarjeta,EMP-06,descuento aplicado,1
DD-003203,2023-06-19,C-210,Max,Guardería,190.0,Transferencia,EMP-07,,0
DD-003194,2023-06-19,C-205,Pepa,Guardería,180.0,Tarjeta,EMP-06,descuento aplicado,0
DD-003199,2023-06-19,C-208,Coco,Hotel,510.0,Efectivo,EMP-02,,0
DD-002908,2023-06-19,C-044,Tigrillo,Guardería,210.0,Efectivo,EMP-08,primera visita,1
DD-003200,2023-06-19,C-208,Coco,Guardería,240.0,Tarjeta,EMP-02,,0
DD-003210,2023-06-19,C-212,Negro,Guardería,200.0,Efectivo,EMP-08,cliente VIP,0
DD-003269,2023-06-19,C-246,Luna,Hotel,460.0,Efectivo,EMP-04,cliente VIP,0
DD-003266,2023-06-19,C-245,Frida,Baño,220.0,Tarjeta,EMP-04,requiere cita previa,0
DD-003262,2023-06-19,C-244,Coco,Baño,440.0,Efectivo,EMP-04,traer vacunas,0
DD-003302,2023-06-19,C-268,Nala,Corte,380.0,Efectivo,EMP-01,,0
DD-002932,2023-06-19,C-052,Estrella,Baño,240.0,Efectivo,EMP-07,,1
DD-003286,2023-06-19,C-257,Canela,Corte,460.0,Transferencia,EMP-02,requiere cita previa,0
DD-002898,2023-06-19,C-042,Nena,Guardería,160.0,Tarjeta,EMP-06,requiere cita previa,1
DD-003295,2023-06-19,C-264,Sultan,Baño,340.0,Tarjeta,EMP-04,cliente VIP,0
DD-003153,2023-06-19,C-187,Simba,Guardería,190.0,Tarjeta,EMP-02,,0
DD-003063,2023-06-19,C-133,Gus,Guardería,250.0,Efectivo,EMP-07,,0
DD-003096,2023-06-19,C-151,Rocky,Guardería,210.0,Tarjeta,EMP-04,,0
DD-003373,2023-06-19,C-313,Nala,Corte,310.0,Tarjeta,EMP-08,cliente frecuente,0
DD-003007,2023-06-19,C-093,Thor,Guardería,200.0,Transferencia,EMP-02,descuento aplicado,0
DD-003064,2023-06-19,C-133,Gus,Guardería,220.0,Tarjeta,EMP-02,traer vacunas,0
DD-003380,2023-06-19,C-317,Beto,Guardería,190.0,Tarjeta,EMP-01,,0
DD-003046,2023-06-19,C-121,Duke,Guardería,190.0,Transferencia,EMP-06,pago pendiente,0
DD-003016,2023-06-20,C-096,Chato,Baño,360.0,Tarjeta,EMP-07,propina incluida,0
DD-003048,2023-06-20,C-123,Ringo,Baño,360.0,Efectivo,EMP-01,,0
DD-003304,2023-06-20,C-269,Maya,Guardería,240.0,Efectivo,EMP-07,descuento aplicado,0
DD-003274,2023-06-20,C-248,Thor,Guardería,250.0,Transferencia,EMP-04,,0
DD-003204,2023-06-20,C-210,Max,Guardería,240.0,Tarjeta,EMP-08,,0
DD-002955,2023-06-20,C-067,Bonita,Corte,260.0,Efectivo,EMP-03,propina incluida,1
DD-003097,2023-06-20,C-152,Rex,Guardería,150.0,Tarjeta,EMP-04,pago pendiente,0
DD-002941,2023-06-20,C-056,Bonita,Guardería,240.0,Tarjeta,EMP-07,,1
DD-002836,2023-06-20,C-012,Chispa,Corte,380.0,Transferencia,EMP-06,,1
DD-003273,2023-06-20,C-248,Thor,Guardería,230.0,Efectivo,EMP-04,,0
DD-003171,2023-06-20,C-196,Nina,Adiestramiento,460.0,Tarjeta,EMP-04,pago pendiente,0
DD-003334,2023-06-20,C-287,Maya,Guardería,180.0,Transferencia,EMP-07,,0
DD-003065,2023-06-20,C-134,Luna,Hotel,440.0,Transferencia,EMP-01,,0
DD-003070,2023-06-20,C-137,Sasha,Adiestramiento,800.0,Efectivo,EMP-02,descuento aplicado,0
DD-003069,2023-06-20,C-136,Simba,Guardería,150.0,Tarjeta,EMP-08,,0
DD-003168,2023-06-20,C-194,Nina,Adiestramiento,540.0,Transferencia,EMP-06,cliente frecuente,0
DD-003009,2023-06-20,C-095,Nala,Corte,460.0,Efectivo,EMP-01,,0
DD-002962,2023-06-21,C-070,Buddy,Corte,350.0,Efectivo,EMP-01,,1
DD-003179,2023-06-21,C-202,Tigrillo,Corte,370.0,Tarjeta,EMP-06,descuento aplicado,0
DD-003164,2023-06-21,C-192,Sammy,Guardería,160.0,Transferencia,EMP-02,,0
DD-003143,2023-06-21,C-181,Nala,Guardería,160.0,Tarjeta,EMP-05,propina incluida,0
DD-003247,2023-06-21,C-236,Frida,Baño,380.0,Efectivo,EMP-07,requiere cita previa,0
DD-002871,2023-06-21,C-029,Gus,Baño,340.0,Efectivo,EMP-02,requiere cita previa,1
DD-003054,2023-06-21,C-126,Manchas,Guardería,220.0,Tarjeta,EMP-06,,0
DD-003325,2023-06-21,C-280,Nena,Hotel,360.0,Tarjeta,EMP-02,,0
DD-003197,2023-06-21,C-206,Simba,Corte,390.0,Efectivo,EMP-02,,0
DD-003084,2023-06-21,C-145,Lola,Hotel,590.0,Tarjeta,EMP-06,primera visita,0
DD-003358,2023-06-21,C-299,Negro,Guardería,160.0,Tarjeta,EMP-01,,0
DD-003141,2023-06-21,C-180,Buddy,Baño,320.0,Efectivo,EMP-04,cliente frecuente,0
DD-003188,2023-06-21,C-204,Nala,Baño,400.0,Transferencia,EMP-06,propina incluida,0
DD-002892,2023-06-21,C-039,Tigrillo,Corte,370.0,Efectivo,EMP-03,cliente frecuente,1
DD-003001,2023-06-21,C-090,Coco,Guardería,190.0,Efectivo,EMP-04,primera visita,0
DD-003061,2023-06-21,C-131,Sultan,Guardería,240.0,Tarjeta,EMP-02,,0
DD-003027,2023-06-22,C-106,Charlie,Guardería,220.0,Transferencia,EMP-04,,0
DD-003124,2023-06-22,C-171,Bear,Hotel,420.0,Tarjeta,EMP-01,traer vacunas,0
DD-002830,2023-06-22,C-005,Canela,Baño,400.0,Tarjeta,EMP-05,primera visita,1
DD-003088,2023-06-22,C-147,Rex,Guardería,250.0,Efectivo,EMP-06,cliente frecuente,0
DD-003113,2023-06-22,C-164,Gus,Guardería,230.0,Efectivo,EMP-05,propina incluida,0
DD-003053,2023-06-22,C-125,Tigrillo,Baño,290.0,Efectivo,EMP-08,cliente VIP,0
DD-003386,2023-06-22,C-319,Princesa,Corte,280.0,Efectivo,EMP-02,,0
DD-003288,2023-06-22,C-259,Paloma,Baño,300.0,Transferencia,EMP-05,,0
DD-002879,2023-06-22,C-032,Tito,Guardería,160.0,Efectivo,EMP-01,cliente VIP,1
DD-003060,2023-06-22,C-131,Sultan,Hotel,540.0,Efectivo,EMP-03,propina incluida,0
DD-003066,2023-06-22,C-135,Bella,Guardería,150.0,Tarjeta,EMP-06,requiere cita previa,0
DD-002837,2023-06-22,C-013,Coco,Guardería,240.0,Efectivo,EMP-03,cliente frecuente,1
DD-003299,2023-06-22,C-265,Duke,Guardería,220.0,Efectivo,EMP-01,traer vacunas,0
DD-002884,2023-06-22,C-035,Pancho,Guardería,160.0,Efectivo,EMP-02,alérgico a champú,1
DD-002896,2023-06-22,C-041,Tigrillo,Guardería,180.0,Tarjeta,EMP-07,traer vacunas,1
DD-002876,2023-06-22,C-031,Ringo,Hotel,420.0,Efectivo,EMP-06,,1
DD-003020,2023-06-22,C-099,Gordo,Hotel,540.0,Transferencia,EMP-04,cliente VIP,0
DD-003207,2023-06-22,C-211,Lobo,Guardería,250.0,Efectivo,EMP-05,propina incluida,0
DD-003215,2023-06-22,C-216,Bonita,Corte,410.0,Efectivo,EMP-06,propina incluida,0
DD-003362,2023-06-22,C-303,Toby,Guardería,200.0,Tarjeta,EMP-06,propina incluida,0
DD-002972,2023-06-22,C-074,Fifi,Hotel,460.0,Transferencia,EMP-04,,1
DD-003149,2023-06-22,C-185,Toby,Baño,210.0,Efectivo,EMP-01,,0
DD-003148,2023-06-22,C-183,Sammy,Guardería,200.0,Efectivo,EMP-05,requiere cita previa,0
DD-003189,2023-06-22,C-204,Nala,Guardería,160.0,Tarjeta,EMP-04,,0
DD-002864,2023-06-22,C-026,Mia,Guardería,160.0,Efectivo,EMP-04,requiere cita previa,1
DD-002856,2023-06-22,C-020,Fifi,Corte,260.0,Efectivo,EMP-08,,1
DD-003365,2023-06-22,C-305,Paloma,Guardería,200.0,Efectivo,EMP-05,,0
DD-003368,2023-06-23,C-307,Daisy,Adiestramiento,560.0,Tarjeta,EMP-04,cliente frecuente,0
DD-003015,2023-06-23,C-096,Chato,Baño,200.0,Efectivo,EMP-02,,0
DD-003305,2023-06-23,C-269,Maya,Corte,290.0,Efectivo,EMP-01,,0
DD-003254,2023-06-23,C-240,Mia,Hotel,480.0,Efectivo,EMP-03,alérgico a champú,0
DD-003252,2023-06-23,C-239,Pancho,Guardería,250.0,Tarjeta,EMP-01,perro agresivo,0
DD-002928,2023-06-23,C-051,Simba,Guardería,220.0,Tarjeta,EMP-05,primera visita,1
DD-003353,2023-06-23,C-296,Duke,Guardería,240.0,Transferencia,EMP-02,,0
DD-003085,2023-06-23,C-145,Lola,Guardería,230.0,Transferencia,EMP-06,,0
DD-003030,2023-06-23,C-111,Thor,Hotel,510.0,Tarjeta,EMP-07,,0
DD-002933,2023-06-23,C-052,Estrella,Adiestramiento,520.0,Tarjeta,EMP-01,,1
DD-003324,2023-06-23,C-280,Nena,Baño,310.0,Efectivo,EMP-05,perro agresivo,0
DD-003100,2023-06-23,C-155,Nala,Guardería,170.0,Efectivo,EMP-03,perro agresivo,0
DD-003223,2023-06-23,C-220,Sammy,Corte,310.0,Tarjeta,EMP-04,cliente frecuente,0
DD-003071,2023-06-23,C-137,Sasha,Baño,300.0,Efectivo,EMP-04,primera visita,0
DD-002901,2023-06-23,C-043,Luna,Baño,320.0,Efectivo,EMP-01,perro agresivo,1
DD-003232,2023-06-23,C-227,Maya,Corte,270.0,Efectivo,EMP-02,requiere cita previa,0
DD-002869,2023-06-23,C-028,Princesa,Baño,340.0,Tarjeta,EMP-08,perro agresivo,1
DD-003195,2023-06-23,C-206,Simba,Guardería,200.0,Tarjeta,EMP-06,,0
DD-002966,2023-06-24,C-071,Daisy,Adiestramiento,540.0,Transferencia,EMP-06,,1
DD-003093,2023-06-24,C-148,Lola,Guardería,170.0,Efectivo,EMP-04,,0
DD-002919,2023-06-24,C-049,Max,Hotel,380.0,Efectivo,EMP-08,descuento aplicado,1
DD-003290,2023-06-24,C-261,Sultan,Baño,260.0,Tarjeta,EMP-05,cliente VIP,0
DD-003281,2023-06-24,C-253,Luna,Baño,380.0,Efectivo,EMP-05,,0
DD-003208,2023-06-24,C-211,Lobo,Guardería,200.0,Transferencia,EMP-02,alérgico a champú,0
DD-002907,2023-06-24,C-044,Tigrillo,Baño,240.0,Tarjeta,EMP-04,cliente frecuente,1
DD-003126,2023-06-24,C-172,Tito,Guardería,170.0,Efectivo,EMP-01,,0
DD-002925,2023-06-24,C-051,Simba,Guardería,220.0,Tarjeta,EMP-01,,1
DD-002893,2023-06-24,C-039,Tigrillo,Guardería,210.0,Transferencia,EMP-04,,1
DD-003312,2023-06-24,C-275,Lobo,Hotel,560.0,Efectivo,EMP-05,alérgico a champú,0
DD-003388,2023-06-24,C-319,Princesa,Corte,360.0,Tarjeta,EMP-04,propina incluida,0
DD-003220,2023-06-24,C-218,Mia,Corte,480.0,Efectivo,EMP-06,,0
DD-003037,2023-06-24,C-114,Rocky,Guardería,150.0,Tarjeta,EMP-01,,0
DD-003347,2023-06-24,C-295,Chico,Guardería,220.0,Efectivo,EMP-03,,0
DD-003186,2023-06-24,C-204,Nala,Hotel,480.0,Transferencia,EMP-03,pago pendiente,0
DD-003369,2023-06-24,C-310,Paloma,Guardería,160.0,Tarjeta,EMP-04,,0
DD-003331,2023-06-24,C-286,Estrella,Corte,320.0,Transferencia,EMP-05,traer vacunas,0
DD-003172,2023-06-25,C-197,Mia,Baño,330.0,Tarjeta,EMP-04,primera visita,0
DD-002904,2023-06-25,C-044,Tigrillo,Guardería,180.0,Tarjeta,EMP-05,primera visita,1
DD-002967,2023-06-25,C-071,Daisy,Adiestramiento,420.0,Efectivo,EMP-04,,1
DD-002978,2023-06-25,C-078,Kira,Baño,440.0,Efectivo,EMP-01,traer vacunas,1
DD-003095,2023-06-25,C-149,Toby,Guardería,230.0,Efectivo,EMP-07,,0
DD-002973,2023-06-25,C-075,Chato,Baño,400.0,Efectivo,EMP-04,,1
DD-003376,2023-06-25,C-314,Blanca,Corte,370.0,Transferencia,EMP-04,,0
DD-003367,2023-06-25,C-306,Pepa,Corte,450.0,Efectivo,EMP-07,cliente frecuente,0
DD-003139,2023-06-25,C-179,Nina,Hotel,470.0,Tarjeta,EMP-02,cliente frecuente,0
DD-002831,2023-06-25,C-006,Thor,Baño,200.0,Tarjeta,EMP-05,,1
DD-002958,2023-06-25,C-068,Lola,Baño,420.0,Tarjeta,EMP-04,,1
DD-003147,2023-06-25,C-183,Sammy,Baño,280.0,Efectivo,EMP-07,primera visita,0
DD-003246,2023-06-25,C-235,Blanca,Baño,430.0,Efectivo,EMP-01,,0
DD-003044,2023-06-25,C-119,Canela,Adiestramiento,680.0,Transferencia,EMP-01,,0
DD-003275,2023-06-25,C-249,Kira,Guardería,170.0,Efectivo,EMP-02,,0
DD-003276,2023-06-25,C-250,Pepa,Guardería,230.0,Efectivo,EMP-07,primera visita,0
DD-002921,2023-06-25,C-050,Max,Baño,380.0,Transferencia,EMP-03,,1
DD-002949,2023-06-25,C-063,Estrella,Corte,380.0,Efectivo,EMP-06,cliente VIP,1
DD-003017,2023-06-25,C-097,Bella,Guardería,230.0,Efectivo,EMP-05,,0
DD-003081,2023-06-26,C-143,Rex,Baño,240.0,Efectivo,EMP-07,,0
DD-002948,2023-06-26,C-063,Estrella,Guardería,170.0,Tarjeta,EMP-06,requiere cita previa,1
DD-003033,2023-06-26,C-112,Princesa,Corte,390.0,Tarjeta,EMP-06,,0
DD-003166,2023-06-26,C-193,Zeus,Guardería,230.0,Tarjeta,EMP-08,,0
DD-002981,2023-06-26,C-079,Charlie,Guardería,230.0,Efectivo,EMP-03,requiere cita previa,1
DD-003010,2023-06-26,C-095,Nala,Corte,300.0,Tarjeta,EMP-05,cliente frecuente,0
DD-003253,2023-06-26,C-239,Pancho,Corte,390.0,Transferencia,EMP-07,pago pendiente,0
DD-002894,2023-06-26,C-040,Manchas,Guardería,200.0,Efectivo,EMP-02,,1
DD-003157,2023-06-26,C-191,Sammy,Guardería,230.0,Tarjeta,EMP-05,cliente VIP,0
DD-003142,2023-06-26,C-181,Nala,Baño,320.0,Tarjeta,EMP-05,,0
DD-002851,2023-06-26,C-018,Toby,Baño,300.0,Tarjeta,EMP-08,propina incluida,1
DD-003303,2023-06-26,C-268,Nala,Baño,350.0,Tarjeta,EMP-03,,0
DD-003146,2023-06-26,C-183,Sammy,Guardería,160.0,Tarjeta,EMP-07,primera visita,0
DD-002969,2023-06-26,C-072,Chico,Corte,290.0,Efectivo,EMP-05,propina incluida,1
DD-003094,2023-06-26,C-149,Toby,Guardería,210.0,Transferencia,EMP-05,traer vacunas,0
DD-003056,2023-06-26,C-127,Beto,Corte,280.0,Tarjeta,EMP-05,,0
DD-003101,2023-06-26,C-157,Thor,Corte,420.0,Tarjeta,EMP-03,,0
DD-002829,2023-06-26,C-004,Paloma,Guardería,170.0,Tarjeta,EMP-03,cliente VIP,1
DD-003039,2023-06-27,C-116,Bonita,Corte,330.0,Efectivo,EMP-02,perro agresivo,0
DD-003133,2023-06-27,C-173,Charlie,Corte,340.0,Transferencia,EMP-05,propina incluida,0
DD-003330,2023-06-27,C-286,Estrella,Hotel,360.0,Transferencia,EMP-04,propina incluida,0
DD-003106,2023-06-27,C-161,Chispa,Corte,260.0,Efectivo,EMP-05,requiere cita previa,0
DD-003332,2023-06-27,C-286,Estrella,Guardería,160.0,Transferencia,EMP-06,,0
DD-003280,2023-06-27,C-253,Luna,Adiestramiento,520.0,Tarjeta,EMP-08,cliente frecuente,0
DD-003176,2023-06-27,C-200,Paloma,Guardería,220.0,Efectivo,EMP-08,,0
DD-003167,2023-06-27,C-193,Zeus,Guardería,250.0,Tarjeta,EMP-05,,0
DD-003076,2023-06-27,C-141,Maya,Guardería,240.0,Tarjeta,EMP-04,cliente frecuente,0
DD-003225,2023-06-27,C-221,Beto,Corte,340.0,Efectivo,EMP-07,perro agresivo,0
DD-003231,2023-06-27,C-226,Chispa,Hotel,390.0,Efectivo,EMP-06,propina incluida,0
DD-003074,2023-06-27,C-139,Panda,Baño,430.0,Efectivo,EMP-07,,0
DD-003107,2023-06-27,C-161,Chispa,Corte,440.0,Transferencia,EMP-04,,0
DD-002847,2023-06-27,C-017,Canela,Corte,290.0,Tarjeta,EMP-08,,1
DD-002937,2023-06-27,C-053,Buddy,Hotel,490.0,Transferencia,EMP-02,,1
DD-002883,2023-06-27,C-035,Pancho,Guardería,250.0,Efectivo,EMP-07,,1
DD-003271,2023-06-27,C-247,Rosa,Guardería,160.0,Tarjeta,EMP-02,,0
DD-003296,2023-06-27,C-265,Duke,Hotel,460.0,Tarjeta,EMP-01,,0
DD-002888,2023-06-27,C-036,Rex,Corte,280.0,Tarjeta,EMP-05,,1
DD-003315,2023-06-27,C-276,Charlie,Guardería,190.0,Tarjeta,EMP-06,traer vacunas,0
DD-003103,2023-06-27,C-160,Boby,Adiestramiento,770.0,Efectivo,EMP-03,,0
DD-003251,2023-06-27,C-238,Max,Guardería,170.0,Efectivo,EMP-05,pago pendiente,0
DD-003050,2023-06-27,C-124,Manchas,Baño,210.0,Transferencia,EMP-02,,0
DD-002841,2023-06-27,C-015,Panda,Guardería,230.0,Efectivo,EMP-06,,1
DD-003257,2023-06-27,C-243,Maya,Corte,350.0,Efectivo,EMP-08,descuento aplicado,0
DD-002915,2023-06-27,C-046,Chato,Guardería,150.0,Efectivo,EMP-01,,1
DD-003379,2023-06-28,C-316,Nina,Guardería,180.0,Tarjeta,EMP-08,,0
DD-002859,2023-06-28,C-022,Sammy,Guardería,180.0,Efectivo,EMP-03,,1
DD-003349,2023-06-28,C-295,Chico,Hotel,510.0,Efectivo,EMP-08,,0
DD-002860,2023-06-28,C-023,Tito,Baño,220.0,Tarjeta,EMP-04,descuento aplicado,1
DD-003387,2023-06-28,C-319,Princesa,Guardería,150.0,Tarjeta,EMP-07,propina incluida,0
DD-003073,2023-06-28,C-138,Bear,Baño,200.0,Tarjeta,EMP-05,,0
DD-003019,2023-06-28,C-098,Ringo,Baño,240.0,Efectivo,EMP-06,cliente frecuente,0
DD-003080,2023-06-28,C-143,Rex,Guardería,240.0,Efectivo,EMP-03,,0
DD-003229,2023-06-28,C-223,Sasha,Hotel,460.0,Transferencia,EMP-01,,0
DD-002999,2023-06-28,C-090,Coco,Adiestramiento,690.0,Tarjeta,EMP-02,,0
DD-003003,2023-06-28,C-091,Kira,Guardería,220.0,Tarjeta,EMP-06,primera visita,0
DD-003131,2023-06-28,C-173,Charlie,Corte,500.0,Transferencia,EMP-06,,0
DD-003051,2023-06-28,C-124,Manchas,Baño,260.0,Tarjeta,EMP-04,,0
DD-003024,2023-06-28,C-102,Chispa,Corte,400.0,Efectivo,EMP-04,,0
DD-002918,2023-06-28,C-049,Max,Guardería,180.0,Efectivo,EMP-03,propina incluida,1
DD-002890,2023-06-28,C-038,Buddy,Baño,410.0,Efectivo,EMP-02,,1
DD-003090,2023-06-28,C-148,Lola,Corte,260.0,Transferencia,EMP-04,,0
DD-003089,2023-06-28,C-148,Lola,Baño,440.0,Tarjeta,EMP-08,requiere cita previa,0
DD-002866,2023-06-28,C-026,Mia,Adiestramiento,530.0,Transferencia,EMP-03,traer vacunas,1
DD-003326,2023-06-28,C-280,Nena,Corte,450.0,Efectivo,EMP-08,cliente VIP,0
DD-003151,2023-06-28,C-186,Frida,Hotel,350.0,Tarjeta,EMP-03,requiere cita previa,0
DD-003029,2023-06-29,C-111,Thor,Adiestramiento,530.0,Efectivo,EMP-02,,0
DD-003145,2023-06-29,C-183,Sammy,Baño,350.0,Tarjeta,EMP-03,propina incluida,0
DD-003159,2023-06-29,C-191,Sammy,Guardería,160.0,Tarjeta,EMP-04,propina incluida,0
DD-002985,2023-06-29,C-080,Luna,Corte,280.0,Efectivo,EMP-03,traer vacunas,1
DD-002848,2023-06-29,C-017,Canela,Guardería,160.0,Transferencia,EMP-05,propina incluida,1
DD-003216,2023-06-29,C-216,Bonita,Guardería,240.0,Tarjeta,EMP-07,,0
DD-002959,2023-06-29,C-069,Paloma,Baño,440.0,Tarjeta,EMP-08,,1
DD-003214,2023-06-29,C-216,Bonita,Guardería,230.0,Efectivo,EMP-08,,0
DD-002832,2023-06-29,C-006,Thor,Hotel,370.0,Efectivo,EMP-02,,1
DD-003248,2023-06-29,C-236,Frida,Guardería,180.0,Tarjeta,EMP-04,cliente VIP,0
DD-003117,2023-06-29,C-166,Boby,Adiestramiento,680.0,Efectivo,EMP-01,alérgico a champú,0
DD-003104,2023-06-29,C-161,Chispa,Guardería,220.0,Efectivo,EMP-08,cliente VIP,0
DD-003310,2023-06-29,C-272,Boby,Guardería,180.0,Efectivo,EMP-05,cliente frecuente,0
DD-003206,2023-06-29,C-211,Lobo,Guardería,190.0,Transferencia,EMP-01,,0
DD-003136,2023-06-30,C-177,Princesa,Baño,290.0,Efectivo,EMP-07,traer vacunas,0
DD-003036,2023-06-30,C-114,Rocky,Adiestramiento,580.0,Efectivo,EMP-05,perro agresivo,0
DD-003102,2023-06-30,C-157,Thor,Baño,400.0,Tarjeta,EMP-03,requiere cita previa,0
DD-002877,2023-06-30,C-031,Ringo,Hotel,560.0,Efectivo,EMP-03,,1
DD-002838,2023-06-30,C-013,Coco,Corte,380.0,Efectivo,EMP-05,traer vacunas,1
DD-003152,2023-06-30,C-186,Frida,Guardería,180.0,Transferencia,EMP-06,,0
DD-003346,2023-06-30,C-295,Chico,Guardería,210.0,Efectivo,EMP-02,,0
DD-003322,2023-06-30,C-279,Coco,Corte,420.0,Tarjeta,EMP-08,cliente VIP,0
DD-003316,2023-06-30,C-277,Panda,Hotel,390.0,Efectivo,EMP-01,descuento aplicado,0
DD-003267,2023-06-30,C-245,Frida,Adiestramiento,430.0,Transferencia,EMP-08,alérgico a champú,0
DD-002920,2023-06-30,C-050,Max,Corte,310.0,Transferencia,EMP-04,traer vacunas,1
DD-002899,2023-06-30,C-042,Nena,Hotel,560.0,Tarjeta,EMP-03,,1
DD-003234,2023-06-30,C-229,Bella,Guardería,200.0,Efectivo,EMP-03,traer vacunas,0
DD-002982,2023-06-30,C-079,Charlie,Baño,410.0,Transferencia,EMP-02,pago pendiente,1
DD-003174,2023-06-30,C-199,Pepa,Corte,490.0,Transferencia,EMP-05,descuento aplicado,0
DD-003155,2023-06-30,C-188,Chico,Adiestramiento,430.0,Tarjeta,EMP-01,propina incluida,0
DD-002923,2023-06-30,C-050,Max,Guardería,190.0,Efectivo,EMP-02,traer vacunas,1
DD-003697,2023-07-01,C-161,Chispa,Guardería,170.0,Tarjeta,EMP-02,,0
DD-003790,2023-07-01,C-207,Ringo,Adiestramiento,620.0,Transferencia,EMP-02,cliente VIP,0
DD-003428,2023-07-01,C-017,Canela,Guardería,240.0,Tarjeta,EMP-05,requiere cita previa,1
DD-003659,2023-07-01,C-138,Bear,Corte,320.0,Tarjeta,EMP-05,cliente frecuente,0
DD-003655,2023-07-01,C-136,Simba,Guardería,220.0,Tarjeta,EMP-06,primera visita,0
DD-003909,2023-07-01,C-263,Nena,Baño,340.0,Transferencia,EMP-04,,0
DD-003450,2023-07-01,C-027,Zeus,Baño,310.0,Tarjeta,EMP-06,primera visita,1
DD-003557,2023-07-01,C-081,Luna,Guardería,230.0,Tarjeta,EMP-05,cliente frecuente,0
DD-003631,2023-07-01,C-122,Pepa,Guardería,240.0,Transferencia,EMP-08,propina incluida,0
DD-004009,2023-07-01,C-315,Zeus,Baño,230.0,Tarjeta,EMP-03,,0
DD-003591,2023-07-01,C-100,Rosa,Corte,380.0,Efectivo,EMP-03,,0
DD-003835,2023-07-01,C-228,Sasha,Guardería,200.0,Transferencia,EMP-05,propina incluida,0
DD-003926,2023-07-01,C-271,Pancho,Guardería,190.0,Tarjeta,EMP-01,,0
DD-003845,2023-07-01,C-232,Thor,Guardería,230.0,Efectivo,EMP-01,propina incluida,0
DD-003504,2023-07-01,C-051,Simba,Guardería,200.0,Efectivo,EMP-08,,1
DD-003530,2023-07-01,C-065,Buddy,Hotel,480.0,Tarjeta,EMP-04,,1
DD-003901,2023-07-01,C-257,Canela,Guardería,210.0,Transferencia,EMP-02,cliente VIP,0
DD-003705,2023-07-01,C-166,Boby,Guardería,240.0,Efectivo,EMP-07,,0
DD-003866,2023-07-01,C-244,Coco,Baño,220.0,Tarjeta,EMP-03,cliente VIP,0
DD-003660,2023-07-02,C-138,Bear,Hotel,400.0,Tarjeta,EMP-05,traer vacunas,0
DD-003585,2023-07-02,C-094,Bear,Adiestramiento,580.0,Transferencia,EMP-02,cliente VIP,0
DD-003573,2023-07-02,C-087,Sasha,Adiestramiento,770.0,Transferencia,EMP-01,,0
DD-003815,2023-07-02,C-217,Sultan,Guardería,210.0,Efectivo,EMP-03,,0
DD-003602,2023-07-02,C-107,Lobo,Baño,440.0,Efectivo,EMP-06,,0
DD-003607,2023-07-02,C-110,Pancho,Baño,380.0,Efectivo,EMP-05,traer vacunas,0
DD-003810,2023-07-02,C-215,Daisy,Guardería,180.0,Efectivo,EMP-07,perro agresivo,0
DD-003627,2023-07-02,C-122,Pepa,Guardería,220.0,Efectivo,EMP-04,descuento aplicado,0
DD-003393,2023-07-02,C-002,Mia,Hotel,410.0,Efectivo,EMP-02,traer vacunas,1
DD-003549,2023-07-02,C-076,Bear,Guardería,190.0,Transferencia,EMP-02,primera visita,1
DD-003397,2023-07-02,C-004,Paloma,Guardería,240.0,Efectivo,EMP-03,,1
DD-003635,2023-07-02,C-124,Manchas,Guardería,150.0,Tarjeta,EMP-06,,0
DD-003728,2023-07-02,C-177,Princesa,Corte,350.0,Tarjeta,EMP-07,pago pendiente,0
DD-003438,2023-07-02,C-022,Sammy,Corte,380.0,Transferencia,EMP-07,,1
DD-003991,2023-07-02,C-308,Nina,Hotel,420.0,Efectivo,EMP-01,alérgico a champú,0
DD-003963,2023-07-02,C-288,Boby,Guardería,240.0,Tarjeta,EMP-03,cliente VIP,0
DD-003993,2023-07-02,C-309,Boby,Baño,320.0,Efectivo,EMP-01,alérgico a champú,0
DD-003412,2023-07-02,C-011,Daisy,Baño,340.0,Efectivo,EMP-04,requiere cita previa,1
DD-003760,2023-07-02,C-193,Zeus,Guardería,170.0,Efectivo,EMP-05,,0
DD-003986,2023-07-02,C-306,Pepa,Baño,320.0,Tarjeta,EMP-01,,0
DD-003775,2023-07-03,C-201,Rosa,Guardería,210.0,Transferencia,EMP-01,alérgico a champú,0
DD-003943,2023-07-03,C-281,Bear,Baño,420.0,Transferencia,EMP-03,propina incluida,0
DD-003761,2023-07-03,C-193,Zeus,Baño,310.0,Efectivo,EMP-04,traer vacunas,0
DD-003548,2023-07-03,C-075,Chato,Corte,470.0,Efectivo,EMP-03,,1
DD-003405,2023-07-03,C-007,Tito,Guardería,170.0,Efectivo,EMP-05,requiere cita previa,1
DD-003398,2023-07-03,C-004,Paloma,Guardería,250.0,Tarjeta,EMP-02,,1
DD-003996,2023-07-03,C-311,Nala,Baño,260.0,Transferencia,EMP-05,cliente VIP,0
DD-003634,2023-07-03,C-124,Manchas,Adiestramiento,690.0,Tarjeta,EMP-06,traer vacunas,0
DD-003569,2023-07-03,C-086,Gordo,Baño,420.0,Tarjeta,EMP-04,,0
DD-003929,2023-07-03,C-272,Boby,Baño,280.0,Efectivo,EMP-05,requiere cita previa,0
DD-003611,2023-07-03,C-112,Princesa,Guardería,220.0,Efectivo,EMP-01,descuento aplicado,0
DD-003630,2023-07-03,C-122,Pepa,Corte,320.0,Efectivo,EMP-04,cliente VIP,0
DD-003756,2023-07-03,C-192,Sammy,Corte,320.0,Efectivo,EMP-01,descuento aplicado,0
DD-003484,2023-07-03,C-043,Luna,Guardería,220.0,Tarjeta,EMP-06,,1
DD-003444,2023-07-03,C-026,Mia,Hotel,550.0,Efectivo,EMP-07,perro agresivo,1
DD-003619,2023-07-03,C-115,Charlie,Hotel,370.0,Efectivo,EMP-03,cliente frecuente,0
DD-003544,2023-07-03,C-073,Max,Corte,400.0,Efectivo,EMP-04,pago pendiente,1
DD-004008,2023-07-03,C-315,Zeus,Baño,260.0,Efectivo,EMP-05,primera visita,0
DD-003574,2023-07-03,C-087,Sasha,Guardería,230.0,Efectivo,EMP-03,,0
DD-003658,2023-07-03,C-137,Sasha,Corte,300.0,Efectivo,EMP-01,descuento aplicado,0
DD-003433,2023-07-03,C-020,Fifi,Hotel,540.0,Tarjeta,EMP-02,,1
DD-003973,2023-07-03,C-298,Ringo,Hotel,570.0,Tarjeta,EMP-02,,0
DD-003849,2023-07-03,C-234,Toby,Guardería,160.0,Transferencia,EMP-07,requiere cita previa,0
DD-003462,2023-07-03,C-032,Tito,Guardería,190.0,Efectivo,EMP-06,perro agresivo,1
DD-003891,2023-07-04,C-253,Luna,Baño,310.0,Tarjeta,EMP-01,traer vacunas,0
DD-003816,2023-07-04,C-217,Sultan,Guardería,170.0,Efectivo,EMP-08,,0
DD-003823,2023-07-04,C-220,Sammy,Baño,260.0,Tarjeta,EMP-08,,0
DD-003888,2023-07-04,C-253,Luna,Adiestramiento,680.0,Tarjeta,EMP-03,propina incluida,0
DD-003734,2023-07-04,C-180,Buddy,Corte,440.0,Efectivo,EMP-06,primera visita,0
DD-003715,2023-07-04,C-172,Tito,Adiestramiento,660.0,Tarjeta,EMP-07,propina incluida,0
DD-003408,2023-07-04,C-009,Rosa,Baño,230.0,Efectivo,EMP-05,alérgico a champú,1
DD-003880,2023-07-04,C-250,Pepa,Baño,350.0,Efectivo,EMP-01,perro agresivo,0
DD-004005,2023-07-04,C-314,Blanca,Corte,360.0,Transferencia,EMP-02,pago pendiente,0
DD-003859,2023-07-04,C-239,Pancho,Baño,260.0,Tarjeta,EMP-07,,0
DD-003945,2023-07-04,C-282,Rosa,Hotel,450.0,Efectivo,EMP-05,requiere cita previa,0
DD-003672,2023-07-04,C-147,Rex,Hotel,580.0,Efectivo,EMP-08,,0
DD-003540,2023-07-04,C-072,Chico,Corte,260.0,Efectivo,EMP-04,descuento aplicado,1
DD-003724,2023-07-04,C-176,Estrella,Corte,480.0,Efectivo,EMP-05,traer vacunas,0
DD-003894,2023-07-04,C-254,Fifi,Guardería,210.0,Tarjeta,EMP-07,,0
DD-003647,2023-07-04,C-130,Gordo,Hotel,380.0,Tarjeta,EMP-03,pago pendiente,0
DD-003749,2023-07-04,C-190,Beto,Guardería,220.0,Tarjeta,EMP-07,,0
DD-003648,2023-07-04,C-131,Sultan,Guardería,160.0,Tarjeta,EMP-08,propina incluida,0
DD-003419,2023-07-04,C-014,Nena,Hotel,590.0,Tarjeta,EMP-02,,1
DD-003514,2023-07-04,C-055,Bear,Guardería,190.0,Efectivo,EMP-01,perro agresivo,1
DD-003536,2023-07-04,C-069,Paloma,Adiestramiento,440.0,Tarjeta,EMP-05,cliente frecuente,1
DD-003525,2023-07-05,C-063,Estrella,Baño,330.0,Efectivo,EMP-01,primera visita,1
DD-003533,2023-07-05,C-068,Lola,Baño,210.0,Efectivo,EMP-06,,1
DD-003739,2023-07-05,C-181,Nala,Guardería,190.0,Efectivo,EMP-05,,0
DD-003846,2023-07-05,C-232,Thor,Baño,220.0,Transferencia,EMP-08,,0
DD-003485,2023-07-05,C-043,Luna,Guardería,200.0,Tarjeta,EMP-03,,1
DD-003515,2023-07-05,C-055,Bear,Guardería,240.0,Tarjeta,EMP-02,pago pendiente,1
DD-003560,2023-07-05,C-084,Pancho,Guardería,230.0,Efectivo,EMP-04,cliente VIP,0
DD-003545,2023-07-05,C-073,Max,Hotel,590.0,Efectivo,EMP-07,,1
DD-003885,2023-07-05,C-252,Kira,Adiestramiento,630.0,Tarjeta,EMP-08,,0
DD-003617,2023-07-05,C-114,Rocky,Adiestramiento,650.0,Efectivo,EMP-02,,0
DD-003581,2023-07-05,C-091,Kira,Guardería,180.0,Efectivo,EMP-01,cliente frecuente,0
DD-003706,2023-07-05,C-167,Coco,Guardería,160.0,Transferencia,EMP-02,traer vacunas,0
DD-003922,2023-07-05,C-270,Luna,Guardería,220.0,Efectivo,EMP-01,primera visita,0
DD-003696,2023-07-05,C-161,Chispa,Baño,210.0,Transferencia,EMP-03,,0
DD-003921,2023-07-05,C-268,Nala,Guardería,170.0,Efectivo,EMP-08,traer vacunas,0
DD-003689,2023-07-05,C-154,Nena,Guardería,250.0,Transferencia,EMP-07,propina incluida,0
DD-003987,2023-07-05,C-306,Pepa,Hotel,430.0,Tarjeta,EMP-02,,0
DD-003404,2023-07-05,C-007,Tito,Guardería,230.0,Tarjeta,EMP-08,cliente VIP,1
DD-003977,2023-07-05,C-301,Gus,Guardería,150.0,Tarjeta,EMP-06,propina incluida,0
DD-003656,2023-07-05,C-136,Simba,Guardería,180.0,Efectivo,EMP-06,traer vacunas,0
DD-003937,2023-07-05,C-278,Estrella,Corte,390.0,Transferencia,EMP-06,,0
DD-003908,2023-07-05,C-263,Nena,Baño,310.0,Efectivo,EMP-04,requiere cita previa,0
DD-003579,2023-07-05,C-089,Panda,Corte,260.0,Tarjeta,EMP-05,,0
DD-003446,2023-07-05,C-026,Mia,Baño,400.0,Tarjeta,EMP-06,requiere cita previa,1
DD-003443,2023-07-05,C-024,Sultan,Guardería,200.0,Transferencia,EMP-01,cliente frecuente,1
DD-003998,2023-07-05,C-313,Nala,Hotel,530.0,Transferencia,EMP-02,pago pendiente,0
DD-003889,2023-07-05,C-253,Luna,Corte,480.0,Transferencia,EMP-07,,0
DD-003454,2023-07-05,C-029,Gus,Baño,350.0,Tarjeta,EMP-02,,1
DD-003958,2023-07-05,C-286,Estrella,Guardería,180.0,Efectivo,EMP-01,,0
DD-003809,2023-07-05,C-214,Gordo,Adiestramiento,550.0,Tarjeta,EMP-05,,0
DD-003820,2023-07-05,C-219,Nina,Baño,380.0,Tarjeta,EMP-01,cliente VIP,0
DD-003730,2023-07-05,C-178,Coco,Guardería,170.0,Tarjeta,EMP-05,,0
DD-003471,2023-07-05,C-036,Rex,Baño,240.0,Efectivo,EMP-04,cliente VIP,1
DD-003747,2023-07-05,C-188,Chico,Baño,370.0,Tarjeta,EMP-04,alérgico a champú,0
DD-003702,2023-07-06,C-164,Gus,Hotel,420.0,Transferencia,EMP-07,,0
DD-003975,2023-07-06,C-299,Negro,Guardería,190.0,Efectivo,EMP-07,primera visita,0
DD-003576,2023-07-06,C-088,Simba,Guardería,160.0,Efectivo,EMP-02,traer vacunas,0
DD-003793,2023-07-06,C-208,Coco,Hotel,380.0,Tarjeta,EMP-07,,0
DD-003606,2023-07-06,C-109,Lobo,Hotel,370.0,Transferencia,EMP-07,descuento aplicado,0
DD-003829,2023-07-06,C-223,Sasha,Baño,240.0,Transferencia,EMP-06,pago pendiente,0
DD-003567,2023-07-06,C-085,Beto,Adiestramiento,520.0,Tarjeta,EMP-04,cliente frecuente,0
DD-003542,2023-07-06,C-072,Chico,Adiestramiento,500.0,Transferencia,EMP-07,primera visita,1
DD-003735,2023-07-06,C-180,Buddy,Guardería,160.0,Efectivo,EMP-04,,0
DD-003535,2023-07-06,C-069,Paloma,Hotel,590.0,Efectivo,EMP-08,perro agresivo,1
DD-003757,2023-07-06,C-192,Sammy,Baño,260.0,Tarjeta,EMP-06,,0
DD-003407,2023-07-06,C-009,Rosa,Guardería,150.0,Efectivo,EMP-06,requiere cita previa,1
DD-003928,2023-07-06,C-272,Boby,Guardería,250.0,Efectivo,EMP-04,,0
DD-003887,2023-07-06,C-252,Kira,Baño,370.0,Efectivo,EMP-02,,0
DD-003482,2023-07-06,C-042,Nena,Hotel,450.0,Efectivo,EMP-03,perro agresivo,1
DD-003951,2023-07-06,C-284,Duke,Corte,420.0,Transferencia,EMP-03,,0
DD-003906,2023-07-06,C-260,Bonita,Baño,440.0,Efectivo,EMP-02,propina incluida,0
DD-003463,2023-07-06,C-033,Max,Guardería,230.0,Transferencia,EMP-07,,1
DD-003399,2023-07-06,C-004,Paloma,Baño,340.0,Efectivo,EMP-02,propina incluida,1
DD-004011,2023-07-07,C-316,Nina,Hotel,560.0,Tarjeta,EMP-05,alérgico a champú,0
DD-003708,2023-07-07,C-169,Gordo,Corte,470.0,Efectivo,EMP-04,,0
DD-003704,2023-07-07,C-165,Frida,Baño,440.0,Efectivo,EMP-06,traer vacunas,0
DD-003554,2023-07-07,C-079,Charlie,Adiestramiento,750.0,Transferencia,EMP-04,,1
DD-003695,2023-07-07,C-159,Sultan,Guardería,180.0,Efectivo,EMP-04,propina incluida,0
DD-003608,2023-07-07,C-111,Thor,Guardería,160.0,Efectivo,EMP-01,,0
DD-004014,2023-07-07,C-318,Negro,Baño,390.0,Efectivo,EMP-03,traer vacunas,0
DD-004007,2023-07-07,C-315,Zeus,Corte,310.0,Efectivo,EMP-02,propina incluida,0
DD-003571,2023-07-07,C-086,Gordo,Hotel,440.0,Transferencia,EMP-06,,0
DD-003644,2023-07-07,C-129,Tigrillo,Adiestramiento,610.0,Efectivo,EMP-01,alérgico a champú,0
DD-003679,2023-07-07,C-149,Toby,Baño,250.0,Efectivo,EMP-02,requiere cita previa,0
DD-003468,2023-07-07,C-034,Gus,Baño,360.0,Tarjeta,EMP-02,cliente VIP,1
DD-003434,2023-07-07,C-020,Fifi,Guardería,210.0,Efectivo,EMP-06,,1
DD-003646,2023-07-07,C-129,Tigrillo,Baño,440.0,Tarjeta,EMP-04,,0
DD-003654,2023-07-07,C-136,Simba,Guardería,180.0,Efectivo,EMP-07,alérgico a champú,0
DD-003710,2023-07-07,C-170,Frida,Baño,370.0,Efectivo,EMP-06,,0
DD-003867,2023-07-07,C-245,Frida,Corte,440.0,Tarjeta,EMP-07,traer vacunas,0
DD-003596,2023-07-07,C-103,Panda,Corte,290.0,Efectivo,EMP-01,,0
DD-003543,2023-07-07,C-072,Chico,Baño,330.0,Efectivo,EMP-03,traer vacunas,1
DD-003860,2023-07-07,C-239,Pancho,Adiestramiento,460.0,Efectivo,EMP-04,descuento aplicado,0
DD-003513,2023-07-07,C-054,Mia,Guardería,220.0,Efectivo,EMP-07,alérgico a champú,1
DD-003980,2023-07-07,C-301,Gus,Adiestramiento,720.0,Transferencia,EMP-01,perro agresivo,0
DD-003803,2023-07-07,C-211,Lobo,Corte,340.0,Tarjeta,EMP-08,perro agresivo,0
DD-003979,2023-07-07,C-301,Gus,Guardería,230.0,Transferencia,EMP-02,primera visita,0
DD-003731,2023-07-07,C-179,Nina,Hotel,430.0,Efectivo,EMP-02,perro agresivo,0
DD-003456,2023-07-07,C-030,Bear,Corte,340.0,Tarjeta,EMP-04,pago pendiente,1
DD-003786,2023-07-08,C-205,Pepa,Guardería,160.0,Tarjeta,EMP-02,cliente frecuente,0
DD-003907,2023-07-08,C-263,Nena,Corte,470.0,Tarjeta,EMP-08,perro agresivo,0
DD-003487,2023-07-08,C-044,Tigrillo,Corte,310.0,Efectivo,EMP-02,,1
DD-003883,2023-07-08,C-251,Blanca,Corte,410.0,Efectivo,EMP-06,cliente VIP,0
DD-003580,2023-07-08,C-090,Coco,Guardería,220.0,Tarjeta,EMP-01,traer vacunas,0
DD-003789,2023-07-08,C-207,Ringo,Guardería,230.0,Efectivo,EMP-08,,0
DD-003781,2023-07-08,C-205,Pepa,Guardería,190.0,Efectivo,EMP-08,alérgico a champú,0
DD-003499,2023-07-08,C-049,Max,Baño,320.0,Transferencia,EMP-08,primera visita,1
DD-003792,2023-07-08,C-208,Coco,Guardería,220.0,Efectivo,EMP-03,pago pendiente,0
DD-003971,2023-07-08,C-298,Ringo,Hotel,370.0,Tarjeta,EMP-05,,0
DD-003616,2023-07-08,C-113,Lola,Hotel,550.0,Tarjeta,EMP-02,,0
DD-003429,2023-07-08,C-017,Canela,Guardería,190.0,Tarjeta,EMP-04,traer vacunas,1
DD-003799,2023-07-08,C-209,Manchas,Corte,460.0,Efectivo,EMP-08,pago pendiente,0
DD-003871,2023-07-08,C-246,Luna,Corte,260.0,Transferencia,EMP-06,,0
DD-003651,2023-07-08,C-133,Gus,Baño,370.0,Efectivo,EMP-03,,0
DD-003821,2023-07-08,C-219,Nina,Guardería,220.0,Tarjeta,EMP-03,traer vacunas,0
DD-003839,2023-07-08,C-229,Bella,Guardería,170.0,Tarjeta,EMP-07,cliente frecuente,0
DD-003586,2023-07-08,C-095,Nala,Guardería,160.0,Tarjeta,EMP-01,traer vacunas,0
DD-003825,2023-07-08,C-221,Beto,Guardería,220.0,Efectivo,EMP-05,descuento aplicado,0
DD-003432,2023-07-08,C-019,Canela,Baño,210.0,Tarjeta,EMP-08,,1
DD-004017,2023-07-08,C-320,Negro,Baño,260.0,Tarjeta,EMP-08,,0
DD-003600,2023-07-09,C-106,Charlie,Guardería,200.0,Efectivo,EMP-03,,0
DD-003653,2023-07-09,C-135,Bella,Corte,340.0,Efectivo,EMP-03,,0
DD-003738,2023-07-09,C-181,Nala,Guardería,170.0,Tarjeta,EMP-07,,0
DD-003395,2023-07-09,C-003,Bella,Guardería,150.0,Efectivo,EMP-01,requiere cita previa,1
DD-003895,2023-07-09,C-254,Fifi,Adiestramiento,700.0,Transferencia,EMP-04,requiere cita previa,0
DD-003855,2023-07-09,C-237,Tito,Guardería,210.0,Transferencia,EMP-02,,0
DD-003413,2023-07-09,C-011,Daisy,Guardería,240.0,Transferencia,EMP-02,requiere cita previa,1
DD-003626,2023-07-09,C-121,Duke,Hotel,460.0,Efectivo,EMP-08,,0
DD-003843,2023-07-09,C-231,Fifi,Baño,280.0,Tarjeta,EMP-05,,0
DD-003551,2023-07-09,C-077,Kira,Corte,420.0,Tarjeta,EMP-06,primera visita,1
DD-003967,2023-07-09,C-295,Chico,Adiestramiento,590.0,Tarjeta,EMP-03,,0
DD-003848,2023-07-09,C-233,Manchas,Hotel,390.0,Efectivo,EMP-05,,0
DD-003539,2023-07-09,C-071,Daisy,Baño,350.0,Tarjeta,EMP-05,,1
DD-003691,2023-07-09,C-156,Beto,Guardería,160.0,Efectivo,EMP-03,pago pendiente,0
DD-003879,2023-07-09,C-250,Pepa,Guardería,250.0,Efectivo,EMP-07,perro agresivo,0
DD-003974,2023-07-09,C-299,Negro,Guardería,210.0,Tarjeta,EMP-05,pago pendiente,0
DD-003529,2023-07-09,C-065,Buddy,Hotel,520.0,Tarjeta,EMP-01,requiere cita previa,1
DD-003838,2023-07-09,C-229,Bella,Guardería,220.0,Tarjeta,EMP-07,,0
DD-003764,2023-07-09,C-194,Nina,Guardería,220.0,Tarjeta,EMP-07,,0
DD-003618,2023-07-10,C-114,Rocky,Corte,490.0,Efectivo,EMP-01,cliente frecuente,0
DD-003903,2023-07-10,C-259,Paloma,Baño,220.0,Tarjeta,EMP-03,perro agresivo,0
DD-003999,2023-07-10,C-313,Nala,Guardería,250.0,Efectivo,EMP-05,descuento aplicado,0
DD-003808,2023-07-10,C-213,Pancho,Guardería,240.0,Efectivo,EMP-08,,0
DD-003453,2023-07-10,C-029,Gus,Guardería,200.0,Efectivo,EMP-06,,1
DD-003436,2023-07-10,C-021,Rocky,Corte,360.0,Tarjeta,EMP-01,traer vacunas,1
DD-003936,2023-07-10,C-277,Panda,Guardería,190.0,Tarjeta,EMP-02,perro agresivo,0
DD-003853,2023-07-10,C-236,Frida,Guardería,190.0,Transferencia,EMP-06,perro agresivo,0
DD-003935,2023-07-10,C-277,Panda,Guardería,160.0,Tarjeta,EMP-04,pago pendiente,0
DD-003875,2023-07-10,C-248,Thor,Corte,360.0,Efectivo,EMP-07,,0
DD-003713,2023-07-10,C-170,Frida,Baño,400.0,Transferencia,EMP-02,,0
DD-003954,2023-07-10,C-285,Daisy,Guardería,180.0,Efectivo,EMP-05,propina incluida,0
DD-003561,2023-07-10,C-084,Pancho,Guardería,220.0,Efectivo,EMP-07,cliente VIP,0
DD-003769,2023-07-10,C-198,Chato,Baño,260.0,Transferencia,EMP-07,propina incluida,0
DD-003565,2023-07-10,C-085,Beto,Corte,290.0,Efectivo,EMP-01,descuento aplicado,0
DD-003669,2023-07-10,C-144,Rex,Baño,230.0,Tarjeta,EMP-08,,0
DD-003827,2023-07-10,C-222,Canela,Guardería,240.0,Efectivo,EMP-02,,0
DD-003590,2023-07-10,C-099,Gordo,Corte,360.0,Tarjeta,EMP-06,requiere cita previa,0
DD-003570,2023-07-10,C-086,Gordo,Guardería,250.0,Efectivo,EMP-05,,0
DD-003770,2023-07-11,C-199,Pepa,Baño,200.0,Transferencia,EMP-04,cliente frecuente,0
DD-003687,2023-07-11,C-153,Chato,Guardería,160.0,Tarjeta,EMP-05,primera visita,0
DD-003680,2023-07-11,C-149,Toby,Guardería,160.0,Transferencia,EMP-07,alérgico a champú,0
DD-003801,2023-07-11,C-211,Lobo,Baño,270.0,Efectivo,EMP-02,descuento aplicado,0
DD-003717,2023-07-11,C-173,Charlie,Guardería,230.0,Efectivo,EMP-02,traer vacunas,0
DD-003406,2023-07-11,C-007,Tito,Guardería,150.0,Efectivo,EMP-01,,1
DD-003914,2023-07-11,C-264,Sultan,Guardería,170.0,Tarjeta,EMP-05,,0
DD-003396,2023-07-11,C-003,Bella,Guardería,210.0,Tarjeta,EMP-01,descuento aplicado,1
DD-003740,2023-07-11,C-182,Negro,Guardería,230.0,Tarjeta,EMP-06,traer vacunas,0
DD-004015,2023-07-11,C-318,Negro,Hotel,550.0,Tarjeta,EMP-02,,0
DD-003743,2023-07-11,C-183,Sammy,Guardería,250.0,Transferencia,EMP-08,,0
DD-004002,2023-07-11,C-314,Blanca,Hotel,460.0,Efectivo,EMP-06,,0
DD-003521,2023-07-11,C-060,Lobo,Guardería,200.0,Efectivo,EMP-01,primera visita,1
DD-003868,2023-07-11,C-245,Frida,Corte,340.0,Tarjeta,EMP-04,requiere cita previa,0
DD-003476,2023-07-11,C-038,Buddy,Guardería,240.0,Tarjeta,EMP-07,pago pendiente,1
DD-003890,2023-07-11,C-253,Luna,Baño,390.0,Transferencia,EMP-04,descuento aplicado,0
DD-003893,2023-07-11,C-253,Luna,Corte,480.0,Efectivo,EMP-05,descuento aplicado,0
DD-003818,2023-07-11,C-217,Sultan,Corte,390.0,Tarjeta,EMP-03,propina incluida,0
DD-003874,2023-07-11,C-248,Thor,Guardería,160.0,Efectivo,EMP-04,traer vacunas,0
DD-003552,2023-07-11,C-078,Kira,Guardería,220.0,Tarjeta,EMP-02,primera visita,1
DD-003814,2023-07-12,C-217,Sultan,Corte,450.0,Efectivo,EMP-03,,0
DD-003972,2023-07-12,C-298,Ringo,Guardería,240.0,Transferencia,EMP-03,,0
DD-003505,2023-07-12,C-052,Estrella,Guardería,200.0,Transferencia,EMP-02,,1
DD-003910,2023-07-12,C-263,Nena,Baño,290.0,Tarjeta,EMP-04,,0
DD-003473,2023-07-12,C-037,Toby,Corte,310.0,Efectivo,EMP-07,cliente VIP,1
DD-003985,2023-07-12,C-305,Paloma,Corte,450.0,Efectivo,EMP-02,,0
DD-003497,2023-07-12,C-047,Gus,Baño,390.0,Transferencia,EMP-05,perro agresivo,1
DD-003422,2023-07-12,C-015,Panda,Adiestramiento,650.0,Transferencia,EMP-01,,1
DD-003955,2023-07-12,C-286,Estrella,Baño,220.0,Efectivo,EMP-07,pago pendiente,0
DD-003661,2023-07-12,C-140,Chispa,Guardería,190.0,Tarjeta,EMP-01,descuento aplicado,0
DD-003577,2023-07-12,C-089,Panda,Corte,320.0,Efectivo,EMP-04,descuento aplicado,0
DD-003467,2023-07-12,C-034,Gus,Guardería,210.0,Tarjeta,EMP-05,,1
DD-003486,2023-07-12,C-043,Luna,Guardería,160.0,Transferencia,EMP-04,alérgico a champú,1
DD-003394,2023-07-12,C-002,Mia,Corte,380.0,Tarjeta,EMP-07,traer vacunas,1
DD-003777,2023-07-12,C-203,Princesa,Baño,390.0,Efectivo,EMP-06,propina incluida,0
DD-003813,2023-07-12,C-217,Sultan,Corte,280.0,Efectivo,EMP-02,primera visita,0
DD-003694,2023-07-12,C-157,Thor,Baño,280.0,Efectivo,EMP-06,,0
DD-003532,2023-07-12,C-068,Lola,Corte,370.0,Efectivo,EMP-06,pago pendiente,1
DD-003663,2023-07-12,C-141,Maya,Corte,280.0,Efectivo,EMP-08,cliente frecuente,0
DD-003465,2023-07-12,C-033,Max,Guardería,170.0,Tarjeta,EMP-01,descuento aplicado,1
DD-003400,2023-07-12,C-004,Paloma,Guardería,180.0,Efectivo,EMP-08,,1
DD-003795,2023-07-12,C-208,Coco,Adiestramiento,460.0,Tarjeta,EMP-03,traer vacunas,0
DD-003983,2023-07-12,C-303,Toby,Baño,440.0,Efectivo,EMP-08,traer vacunas,0
DD-003751,2023-07-12,C-190,Beto,Guardería,180.0,Tarjeta,EMP-02,,0
DD-003748,2023-07-12,C-188,Chico,Corte,340.0,Efectivo,EMP-01,requiere cita previa,0
DD-003572,2023-07-12,C-086,Gordo,Baño,230.0,Efectivo,EMP-04,traer vacunas,0
DD-003989,2023-07-13,C-307,Daisy,Guardería,200.0,Tarjeta,EMP-07,perro agresivo,0
DD-003771,2023-07-13,C-199,Pepa,Baño,420.0,Tarjeta,EMP-08,pago pendiente,0
DD-003460,2023-07-13,C-032,Tito,Corte,370.0,Efectivo,EMP-04,requiere cita previa,1
DD-003507,2023-07-13,C-053,Buddy,Baño,440.0,Tarjeta,EMP-01,,1
DD-003870,2023-07-13,C-245,Frida,Baño,230.0,Efectivo,EMP-08,requiere cita previa,0
DD-003869,2023-07-13,C-245,Frida,Baño,250.0,Transferencia,EMP-07,descuento aplicado,0
DD-003526,2023-07-13,C-063,Estrella,Baño,300.0,Transferencia,EMP-02,,1
DD-003732,2023-07-13,C-179,Nina,Corte,330.0,Transferencia,EMP-03,perro agresivo,0
DD-003944,2023-07-13,C-282,Rosa,Guardería,220.0,Efectivo,EMP-04,alérgico a champú,0
DD-003703,2023-07-13,C-165,Frida,Baño,450.0,Tarjeta,EMP-04,descuento aplicado,0
DD-003933,2023-07-13,C-275,Lobo,Guardería,180.0,Efectivo,EMP-05,propina incluida,0
DD-003774,2023-07-13,C-200,Paloma,Hotel,540.0,Efectivo,EMP-06,,0
DD-003802,2023-07-13,C-211,Lobo,Guardería,190.0,Efectivo,EMP-05,traer vacunas,0
DD-003431,2023-07-13,C-019,Canela,Guardería,230.0,Tarjeta,EMP-04,,1
DD-003639,2023-07-13,C-127,Beto,Corte,390.0,Efectivo,EMP-05,,0
DD-003491,2023-07-14,C-045,Thor,Guardería,180.0,Efectivo,EMP-05,,1
DD-003416,2023-07-14,C-011,Daisy,Guardería,170.0,Transferencia,EMP-01,traer vacunas,1
DD-003699,2023-07-14,C-163,Rocky,Baño,360.0,Efectivo,EMP-07,pago pendiente,0
DD-003649,2023-07-14,C-131,Sultan,Baño,430.0,Tarjeta,EMP-08,traer vacunas,0
DD-003950,2023-07-14,C-284,Duke,Guardería,180.0,Efectivo,EMP-07,,0
DD-003876,2023-07-14,C-249,Kira,Guardería,150.0,Tarjeta,EMP-03,traer vacunas,0
DD-003470,2023-07-14,C-034,Gus,Guardería,150.0,Tarjeta,EMP-05,cliente VIP,1
DD-003469,2023-07-14,C-034,Gus,Hotel,380.0,Tarjeta,EMP-07,requiere cita previa,1
DD-003688,2023-07-14,C-154,Nena,Guardería,170.0,Efectivo,EMP-05,,0
DD-003479,2023-07-14,C-040,Manchas,Baño,360.0,Tarjeta,EMP-06,alérgico a champú,1
DD-003553,2023-07-14,C-079,Charlie,Baño,240.0,Tarjeta,EMP-07,alérgico a champú,1
DD-003609,2023-07-14,C-111,Thor,Guardería,200.0,Efectivo,EMP-05,requiere cita previa,0
DD-003800,2023-07-14,C-210,Max,Corte,430.0,Efectivo,EMP-08,,0
DD-003662,2023-07-14,C-141,Maya,Corte,320.0,Tarjeta,EMP-04,,0
DD-003612,2023-07-14,C-112,Princesa,Corte,320.0,Tarjeta,EMP-05,descuento aplicado,0
DD-003959,2023-07-14,C-286,Estrella,Guardería,250.0,Efectivo,EMP-08,,0
DD-003812,2023-07-14,C-216,Bonita,Guardería,230.0,Efectivo,EMP-01,,0
DD-003797,2023-07-14,C-209,Manchas,Baño,220.0,Efectivo,EMP-08,,0
DD-003625,2023-07-14,C-121,Duke,Guardería,210.0,Efectivo,EMP-02,,0
DD-003990,2023-07-14,C-308,Nina,Baño,360.0,Efectivo,EMP-01,cliente frecuente,0
DD-003673,2023-07-14,C-148,Lola,Adiestramiento,490.0,Efectivo,EMP-06,pago pendiente,0
DD-003512,2023-07-15,C-054,Mia,Baño,220.0,Efectivo,EMP-02,cliente VIP,1
DD-003994,2023-07-15,C-310,Paloma,Baño,240.0,Efectivo,EMP-07,,0
DD-003582,2023-07-15,C-091,Kira,Guardería,190.0,Transferencia,EMP-02,perro agresivo,0
DD-003498,2023-07-15,C-048,Buddy,Adiestramiento,590.0,Efectivo,EMP-06,cliente frecuente,1
DD-003714,2023-07-15,C-171,Bear,Baño,300.0,Tarjeta,EMP-04,perro agresivo,0
DD-003523,2023-07-15,C-061,Toby,Hotel,560.0,Tarjeta,EMP-06,,1
DD-003410,2023-07-15,C-009,Rosa,Baño,370.0,Tarjeta,EMP-01,,1
DD-003502,2023-07-15,C-050,Max,Guardería,180.0,Efectivo,EMP-08,,1
DD-003604,2023-07-15,C-108,Sasha,Hotel,480.0,Efectivo,EMP-05,requiere cita previa,0
DD-003500,2023-07-15,C-049,Max,Hotel,520.0,Tarjeta,EMP-06,,1
DD-003670,2023-07-15,C-145,Lola,Baño,240.0,Tarjeta,EMP-02,traer vacunas,0
DD-003788,2023-07-15,C-207,Ringo,Guardería,180.0,Transferencia,EMP-04,,0
DD-003765,2023-07-15,C-196,Nina,Guardería,200.0,Tarjeta,EMP-01,cliente VIP,0
DD-003952,2023-07-15,C-285,Daisy,Adiestramiento,450.0,Transferencia,EMP-01,alérgico a champú,0
DD-003559,2023-07-15,C-083,Duke,Baño,420.0,Efectivo,EMP-03,,0
DD-003480,2023-07-15,C-041,Tigrillo,Hotel,470.0,Transferencia,EMP-04,perro agresivo,1
DD-003683,2023-07-15,C-150,Duke,Guardería,240.0,Tarjeta,EMP-02,,0
DD-003563,2023-07-15,C-085,Beto,Guardería,170.0,Tarjeta,EMP-04,descuento aplicado,0
DD-003584,2023-07-15,C-093,Thor,Corte,440.0,Tarjeta,EMP-05,,0
DD-003589,2023-07-15,C-099,Gordo,Baño,280.0,Transferencia,EMP-05,primera visita,0
DD-003773,2023-07-16,C-199,Pepa,Baño,340.0,Tarjeta,EMP-04,,0
DD-003965,2023-07-16,C-292,Chico,Corte,310.0,Efectivo,EMP-07,,0
DD-003953,2023-07-16,C-285,Daisy,Adiestramiento,540.0,Tarjeta,EMP-06,traer vacunas,0
DD-003783,2023-07-16,C-205,Pepa,Guardería,170.0,Tarjeta,EMP-04,cliente frecuente,0
DD-003622,2023-07-16,C-118,Bonita,Baño,230.0,Tarjeta,EMP-01,cliente frecuente,0
DD-003452,2023-07-16,C-029,Gus,Corte,420.0,Efectivo,EMP-04,,1
DD-003772,2023-07-16,C-199,Pepa,Baño,230.0,Tarjeta,EMP-03,cliente frecuente,0
DD-003641,2023-07-16,C-128,Chico,Guardería,230.0,Efectivo,EMP-05,,0
DD-003741,2023-07-16,C-182,Negro,Guardería,240.0,Transferencia,EMP-01,propina incluida,0
DD-004001,2023-07-16,C-314,Blanca,Hotel,350.0,Transferencia,EMP-05,cliente frecuente,0
DD-003949,2023-07-16,C-284,Duke,Guardería,250.0,Tarjeta,EMP-06,alérgico a champú,0
DD-004006,2023-07-16,C-315,Zeus,Corte,500.0,Efectivo,EMP-03,pago pendiente,0
DD-003768,2023-07-16,C-198,Chato,Corte,470.0,Tarjeta,EMP-04,,0
DD-003844,2023-07-16,C-232,Thor,Guardería,220.0,Tarjeta,EMP-08,traer vacunas,0
DD-003779,2023-07-16,C-204,Nala,Hotel,530.0,Tarjeta,EMP-04,propina incluida,0
DD-003447,2023-07-16,C-026,Mia,Hotel,470.0,Tarjeta,EMP-04,,1
DD-003826,2023-07-16,C-222,Canela,Adiestramiento,580.0,Transferencia,EMP-06,cliente frecuente,0
DD-003978,2023-07-17,C-301,Gus,Baño,210.0,Tarjeta,EMP-03,,0
DD-003862,2023-07-17,C-242,Sammy,Guardería,170.0,Tarjeta,EMP-04,,0
DD-003917,2023-07-17,C-264,Sultan,Corte,410.0,Efectivo,EMP-03,descuento aplicado,0
DD-003877,2023-07-17,C-249,Kira,Corte,330.0,Efectivo,EMP-06,perro agresivo,0
DD-003776,2023-07-17,C-201,Rosa,Guardería,190.0,Tarjeta,EMP-05,,0
DD-003854,2023-07-17,C-237,Tito,Guardería,150.0,Transferencia,EMP-02,,0
DD-003892,2023-07-17,C-253,Luna,Baño,400.0,Transferencia,EMP-01,,0
DD-003832,2023-07-17,C-225,Simba,Guardería,190.0,Tarjeta,EMP-04,traer vacunas,0
DD-003824,2023-07-17,C-221,Beto,Guardería,220.0,Tarjeta,EMP-05,cliente VIP,0
DD-003762,2023-07-17,C-193,Zeus,Baño,340.0,Tarjeta,EMP-05,,0
DD-003918,2023-07-17,C-267,Daisy,Corte,250.0,Tarjeta,EMP-08,perro agresivo,0
DD-003864,2023-07-17,C-242,Sammy,Corte,290.0,Efectivo,EMP-02,traer vacunas,0
DD-003948,2023-07-17,C-283,Princesa,Baño,350.0,Tarjeta,EMP-05,perro agresivo,0
DD-003657,2023-07-17,C-136,Simba,Guardería,190.0,Tarjeta,EMP-03,descuento aplicado,0
DD-003472,2023-07-17,C-037,Toby,Guardería,250.0,Efectivo,EMP-02,perro agresivo,1
DD-004013,2023-07-17,C-317,Beto,Guardería,200.0,Tarjeta,EMP-07,,0
DD-003637,2023-07-17,C-126,Manchas,Guardería,170.0,Transferencia,EMP-02,requiere cita previa,0
DD-003638,2023-07-17,C-127,Beto,Adiestramiento,420.0,Transferencia,EMP-03,alérgico a champú,0
DD-003435,2023-07-17,C-020,Fifi,Corte,280.0,Tarjeta,EMP-04,,1
DD-003719,2023-07-17,C-174,Chispa,Adiestramiento,410.0,Tarjeta,EMP-01,cliente VIP,0
DD-003628,2023-07-17,C-122,Pepa,Hotel,450.0,Efectivo,EMP-07,cliente frecuente,0
DD-003424,2023-07-17,C-016,Max,Guardería,220.0,Efectivo,EMP-02,descuento aplicado,1
DD-003674,2023-07-17,C-148,Lola,Guardería,200.0,Tarjeta,EMP-03,alérgico a champú,0
DD-003415,2023-07-17,C-011,Daisy,Baño,330.0,Efectivo,EMP-08,,1
DD-003667,2023-07-17,C-143,Rex,Corte,300.0,Efectivo,EMP-08,primera visita,0
DD-004004,2023-07-17,C-314,Blanca,Guardería,170.0,Transferencia,EMP-08,,0
DD-003727,2023-07-17,C-177,Princesa,Baño,350.0,Transferencia,EMP-03,propina incluida,0
DD-003733,2023-07-17,C-179,Nina,Guardería,160.0,Efectivo,EMP-08,alérgico a champú,0
DD-003613,2023-07-17,C-113,Lola,Guardería,180.0,Transferencia,EMP-06,descuento aplicado,0
DD-003517,2023-07-17,C-056,Bonita,Hotel,430.0,Efectivo,EMP-06,,1
DD-003599,2023-07-17,C-105,Tito,Baño,420.0,Tarjeta,EMP-05,requiere cita previa,0
DD-003865,2023-07-18,C-243,Maya,Guardería,210.0,Transferencia,EMP-07,,0
DD-003858,2023-07-18,C-238,Max,Baño,280.0,Efectivo,EMP-06,,0
DD-003531,2023-07-18,C-067,Bonita,Adiestramiento,440.0,Tarjeta,EMP-02,,1
DD-003684,2023-07-18,C-152,Rex,Guardería,190.0,Efectivo,EMP-07,,0
DD-003840,2023-07-18,C-229,Bella,Baño,300.0,Tarjeta,EMP-06,,0
DD-003555,2023-07-18,C-080,Luna,Guardería,200.0,Efectivo,EMP-05,descuento aplicado,1
DD-003744,2023-07-18,C-183,Sammy,Guardería,240.0,Tarjeta,EMP-06,,0
DD-003430,2023-07-18,C-018,Toby,Guardería,180.0,Tarjeta,EMP-02,,1
DD-003390,2023-07-18,C-001,Lobo,Guardería,190.0,Efectivo,EMP-02,pago pendiente,1
DD-003594,2023-07-18,C-102,Chispa,Corte,340.0,Efectivo,EMP-02,,0
DD-003723,2023-07-18,C-176,Estrella,Corte,380.0,Efectivo,EMP-03,pago pendiente,0
DD-003925,2023-07-18,C-271,Pancho,Adiestramiento,660.0,Efectivo,EMP-07,,0
DD-003897,2023-07-18,C-254,Fifi,Guardería,240.0,Tarjeta,EMP-06,,0
DD-003833,2023-07-18,C-226,Chispa,Guardería,150.0,Efectivo,EMP-01,traer vacunas,0
DD-003957,2023-07-18,C-286,Estrella,Hotel,370.0,Efectivo,EMP-05,,0
DD-003709,2023-07-18,C-170,Frida,Baño,300.0,Efectivo,EMP-02,alérgico a champú,0
DD-003763,2023-07-18,C-193,Zeus,Corte,380.0,Transferencia,EMP-03,pago pendiente,0
DD-003516,2023-07-18,C-055,Bear,Baño,290.0,Efectivo,EMP-04,cliente frecuente,1
DD-003807,2023-07-19,C-213,Pancho,Hotel,380.0,Efectivo,EMP-08,,0
DD-003524,2023-07-19,C-062,Zeus,Hotel,370.0,Efectivo,EMP-05,pago pendiente,1
DD-003834,2023-07-19,C-228,Sasha,Baño,230.0,Efectivo,EMP-01,,0
DD-003623,2023-07-19,C-119,Canela,Corte,280.0,Efectivo,EMP-06,primera visita,0
DD-003534,2023-07-19,C-069,Paloma,Guardería,180.0,Tarjeta,EMP-08,requiere cita previa,1
DD-003804,2023-07-19,C-211,Lobo,Guardería,180.0,Tarjeta,EMP-06,cliente frecuente,0
DD-003632,2023-07-19,C-123,Ringo,Guardería,250.0,Efectivo,EMP-06,cliente frecuente,0
DD-003671,2023-07-19,C-145,Lola,Baño,240.0,Transferencia,EMP-08,pago pendiente,0
DD-003698,2023-07-19,C-162,Kira,Corte,250.0,Tarjeta,EMP-06,pago pendiente,0
DD-003746,2023-07-19,C-186,Frida,Hotel,380.0,Efectivo,EMP-08,,0
DD-003391,2023-07-19,C-002,Mia,Guardería,210.0,Transferencia,EMP-01,cliente frecuente,1
DD-003934,2023-07-19,C-277,Panda,Guardería,210.0,Efectivo,EMP-01,pago pendiente,0
DD-003426,2023-07-19,C-017,Canela,Guardería,200.0,Transferencia,EMP-05,traer vacunas,1
DD-003712,2023-07-19,C-170,Frida,Corte,470.0,Efectivo,EMP-03,descuento aplicado,0
DD-003701,2023-07-19,C-164,Gus,Guardería,160.0,Transferencia,EMP-06,requiere cita previa,0
DD-003449,2023-07-19,C-027,Zeus,Corte,380.0,Transferencia,EMP-05,,1
DD-003787,2023-07-19,C-207,Ringo,Guardería,170.0,Efectivo,EMP-04,,0
DD-003692,2023-07-19,C-156,Beto,Baño,240.0,Tarjeta,EMP-04,requiere cita previa,0
DD-003997,2023-07-19,C-311,Nala,Adiestramiento,520.0,Tarjeta,EMP-05,requiere cita previa,0
DD-003478,2023-07-19,C-040,Manchas,Baño,410.0,Efectivo,EMP-03,requiere cita previa,1
DD-003665,2023-07-19,C-143,Rex,Corte,350.0,Tarjeta,EMP-06,,0
DD-003466,2023-07-20,C-033,Max,Guardería,220.0,Efectivo,EMP-02,,1
DD-003461,2023-07-20,C-032,Tito,Guardería,170.0,Efectivo,EMP-04,,1
DD-003483,2023-07-20,C-042,Nena,Baño,210.0,Tarjeta,EMP-08,alérgico a champú,1
DD-003857,2023-07-20,C-237,Tito,Adiestramiento,480.0,Efectivo,EMP-04,descuento aplicado,0
DD-003878,2023-07-20,C-250,Pepa,Corte,350.0,Transferencia,EMP-04,alérgico a champú,0
DD-003440,2023-07-20,C-023,Tito,Guardería,180.0,Efectivo,EMP-07,pago pendiente,1
DD-003830,2023-07-20,C-225,Simba,Guardería,230.0,Tarjeta,EMP-01,cliente VIP,0
DD-003495,2023-07-20,C-047,Gus,Guardería,220.0,Efectivo,EMP-02,propina incluida,1
DD-003503,2023-07-20,C-050,Max,Guardería,210.0,Tarjeta,EMP-07,,1
DD-003587,2023-07-20,C-096,Chato,Guardería,230.0,Tarjeta,EMP-08,,0
DD-003508,2023-07-20,C-053,Buddy,Adiestramiento,540.0,Transferencia,EMP-06,traer vacunas,1
DD-003595,2023-07-20,C-103,Panda,Corte,290.0,Efectivo,EMP-02,traer vacunas,0
DD-003550,2023-07-20,C-077,Kira,Baño,280.0,Efectivo,EMP-07,,1
DD-003511,2023-07-20,C-054,Mia,Adiestramiento,460.0,Efectivo,EMP-01,,1
DD-003541,2023-07-20,C-072,Chico,Hotel,430.0,Efectivo,EMP-08,cliente VIP,1
DD-003510,2023-07-20,C-053,Buddy,Hotel,400.0,Tarjeta,EMP-08,,1
DD-003785,2023-07-20,C-205,Pepa,Baño,290.0,Efectivo,EMP-01,,0
DD-003759,2023-07-20,C-193,Zeus,Baño,240.0,Efectivo,EMP-06,propina incluida,0
DD-003805,2023-07-20,C-212,Negro,Baño,400.0,Efectivo,EMP-01,cliente VIP,0
DD-003509,2023-07-21,C-053,Buddy,Baño,290.0,Tarjeta,EMP-05,,1
DD-003886,2023-07-21,C-252,Kira,Guardería,190.0,Efectivo,EMP-05,cliente frecuente,0
DD-003475,2023-07-21,C-038,Buddy,Guardería,210.0,Tarjeta,EMP-07,pago pendiente,1
DD-003527,2023-07-21,C-064,Bella,Guardería,160.0,Transferencia,EMP-06,,1
DD-003856,2023-07-21,C-237,Tito,Guardería,160.0,Tarjeta,EMP-03,alérgico a champú,0
DD-003528,2023-07-21,C-065,Buddy,Guardería,220.0,Efectivo,EMP-04,cliente VIP,1
DD-003451,2023-07-21,C-028,Princesa,Guardería,220.0,Tarjeta,EMP-03,,1
DD-003707,2023-07-21,C-167,Coco,Guardería,170.0,Efectivo,EMP-02,,0
DD-003969,2023-07-21,C-295,Chico,Guardería,190.0,Transferencia,EMP-07,,0
DD-003633,2023-07-21,C-123,Ringo,Baño,420.0,Tarjeta,EMP-04,,0
DD-003721,2023-07-21,C-175,Panda,Guardería,190.0,Efectivo,EMP-08,requiere cita previa,0
DD-003558,2023-07-21,C-082,Zeus,Baño,290.0,Tarjeta,EMP-08,,0
DD-003506,2023-07-21,C-053,Buddy,Guardería,210.0,Efectivo,EMP-04,requiere cita previa,1
DD-003722,2023-07-21,C-176,Estrella,Guardería,190.0,Tarjeta,EMP-04,cliente frecuente,0
DD-003562,2023-07-21,C-084,Pancho,Guardería,210.0,Tarjeta,EMP-05,pago pendiente,0
DD-003938,2023-07-21,C-278,Estrella,Guardería,220.0,Tarjeta,EMP-05,perro agresivo,0
DD-003401,2023-07-21,C-004,Paloma,Guardería,170.0,Efectivo,EMP-01,cliente frecuente,1
DD-003726,2023-07-21,C-176,Estrella,Baño,400.0,Efectivo,EMP-05,,0
DD-003593,2023-07-21,C-102,Chispa,Hotel,440.0,Efectivo,EMP-06,propina incluida,0
DD-003411,2023-07-21,C-009,Rosa,Corte,490.0,Tarjeta,EMP-07,traer vacunas,1
DD-003966,2023-07-22,C-294,Rex,Adiestramiento,460.0,Efectivo,EMP-06,descuento aplicado,0
DD-003522,2023-07-22,C-061,Toby,Baño,210.0,Tarjeta,EMP-07,,1
DD-003852,2023-07-22,C-236,Frida,Guardería,180.0,Efectivo,EMP-02,,0
DD-003794,2023-07-22,C-208,Coco,Guardería,220.0,Efectivo,EMP-02,,0
DD-003995,2023-07-22,C-310,Paloma,Guardería,210.0,Efectivo,EMP-03,requiere cita previa,0
DD-003941,2023-07-22,C-280,Nena,Hotel,500.0,Tarjeta,EMP-01,,0
DD-003455,2023-07-22,C-029,Gus,Baño,380.0,Efectivo,EMP-05,,1
DD-003492,2023-07-22,C-045,Thor,Guardería,200.0,Tarjeta,EMP-02,,1
DD-003946,2023-07-22,C-282,Rosa,Baño,420.0,Tarjeta,EMP-02,,0
DD-003681,2023-07-22,C-150,Duke,Guardería,170.0,Tarjeta,EMP-02,traer vacunas,0
DD-003766,2023-07-22,C-197,Mia,Baño,260.0,Tarjeta,EMP-05,,0
DD-003588,2023-07-22,C-096,Chato,Corte,430.0,Transferencia,EMP-06,,0
DD-003448,2023-07-22,C-026,Mia,Guardería,210.0,Efectivo,EMP-07,,1
DD-003806,2023-07-22,C-212,Negro,Baño,350.0,Efectivo,EMP-02,descuento aplicado,0
DD-003420,2023-07-22,C-014,Nena,Baño,360.0,Tarjeta,EMP-07,traer vacunas,1
DD-003556,2023-07-22,C-081,Luna,Guardería,180.0,Tarjeta,EMP-06,,0
DD-003976,2023-07-22,C-299,Negro,Guardería,190.0,Transferencia,EMP-05,requiere cita previa,0
DD-003716,2023-07-22,C-173,Charlie,Adiestramiento,440.0,Tarjeta,EMP-08,propina incluida,0
DD-003780,2023-07-22,C-204,Nala,Guardería,160.0,Efectivo,EMP-02,pago pendiente,0
DD-003913,2023-07-22,C-264,Sultan,Baño,360.0,Efectivo,EMP-07,primera visita,0
DD-003445,2023-07-22,C-026,Mia,Guardería,160.0,Efectivo,EMP-03,,1
DD-003960,2023-07-23,C-287,Maya,Baño,420.0,Tarjeta,EMP-01,pago pendiente,0
DD-003919,2023-07-23,C-268,Nala,Guardería,240.0,Efectivo,EMP-04,,0
DD-003737,2023-07-23,C-181,Nala,Guardería,180.0,Tarjeta,EMP-03,,0
DD-003481,2023-07-23,C-042,Nena,Baño,340.0,Tarjeta,EMP-04,descuento aplicado,1
DD-003700,2023-07-23,C-164,Gus,Corte,340.0,Efectivo,EMP-01,cliente VIP,0
DD-003932,2023-07-23,C-275,Lobo,Guardería,170.0,Tarjeta,EMP-04,,0
DD-003489,2023-07-23,C-044,Tigrillo,Guardería,200.0,Transferencia,EMP-03,,1
DD-003988,2023-07-23,C-307,Daisy,Guardería,230.0,Efectivo,EMP-05,,0
DD-003947,2023-07-23,C-283,Princesa,Baño,350.0,Tarjeta,EMP-05,cliente frecuente,0
DD-003501,2023-07-23,C-049,Max,Baño,430.0,Efectivo,EMP-08,,1
DD-003417,2023-07-23,C-011,Daisy,Guardería,220.0,Efectivo,EMP-03,cliente VIP,1
DD-003427,2023-07-23,C-017,Canela,Guardería,220.0,Tarjeta,EMP-06,requiere cita previa,1
DD-003931,2023-07-23,C-274,Nena,Baño,250.0,Tarjeta,EMP-03,,0
DD-003597,2023-07-23,C-103,Panda,Adiestramiento,600.0,Efectivo,EMP-06,perro agresivo,0
DD-003620,2023-07-23,C-115,Charlie,Guardería,160.0,Transferencia,EMP-06,,0
DD-003537,2023-07-23,C-070,Buddy,Hotel,410.0,Tarjeta,EMP-02,propina incluida,1
DD-003841,2023-07-23,C-231,Fifi,Guardería,220.0,Efectivo,EMP-08,traer vacunas,0
DD-003861,2023-07-23,C-241,Canela,Corte,440.0,Tarjeta,EMP-02,pago pendiente,0
DD-003872,2023-07-24,C-248,Thor,Guardería,220.0,Efectivo,EMP-01,propina incluida,0
DD-003904,2023-07-24,C-259,Paloma,Baño,320.0,Transferencia,EMP-04,cliente VIP,0
DD-003437,2023-07-24,C-021,Rocky,Hotel,540.0,Efectivo,EMP-03,cliente frecuente,1
DD-003547,2023-07-24,C-073,Max,Guardería,210.0,Efectivo,EMP-05,traer vacunas,1
DD-003915,2023-07-24,C-264,Sultan,Guardería,160.0,Efectivo,EMP-03,,0
DD-003718,2023-07-24,C-174,Chispa,Hotel,390.0,Tarjeta,EMP-07,pago pendiente,0
DD-003720,2023-07-24,C-174,Chispa,Baño,260.0,Transferencia,EMP-06,descuento aplicado,0
DD-003923,2023-07-24,C-270,Luna,Guardería,160.0,Tarjeta,EMP-03,,0
DD-003836,2023-07-24,C-229,Bella,Guardería,180.0,Efectivo,EMP-08,cliente frecuente,0
DD-004000,2023-07-24,C-313,Nala,Guardería,160.0,Transferencia,EMP-07,,0
DD-003939,2023-07-24,C-279,Coco,Baño,420.0,Efectivo,EMP-03,traer vacunas,0
DD-003392,2023-07-24,C-002,Mia,Guardería,240.0,Transferencia,EMP-05,,1
DD-003592,2023-07-24,C-101,Fifi,Guardería,230.0,Efectivo,EMP-08,alérgico a champú,0
DD-003942,2023-07-24,C-281,Bear,Adiestramiento,800.0,Tarjeta,EMP-07,cliente VIP,0
DD-003822,2023-07-24,C-220,Sammy,Hotel,440.0,Tarjeta,EMP-02,propina incluida,0
DD-003614,2023-07-24,C-113,Lola,Hotel,530.0,Efectivo,EMP-07,traer vacunas,0
DD-003636,2023-07-24,C-125,Tigrillo,Baño,220.0,Transferencia,EMP-01,,0
DD-003457,2023-07-24,C-030,Bear,Adiestramiento,610.0,Tarjeta,EMP-03,,1
DD-003439,2023-07-24,C-022,Sammy,Baño,280.0,Efectivo,EMP-07,,1
DD-003490,2023-07-24,C-045,Thor,Guardería,200.0,Tarjeta,EMP-07,traer vacunas,1
DD-003962,2023-07-24,C-288,Boby,Corte,340.0,Efectivo,EMP-04,cliente frecuente,0
DD-003693,2023-07-24,C-157,Thor,Guardería,160.0,Transferencia,EMP-07,pago pendiente,0
DD-004010,2023-07-24,C-315,Zeus,Guardería,190.0,Efectivo,EMP-07,primera visita,0
DD-003682,2023-07-24,C-150,Duke,Guardería,220.0,Tarjeta,EMP-02,requiere cita previa,0
DD-003970,2023-07-24,C-298,Ringo,Baño,390.0,Tarjeta,EMP-07,cliente VIP,0
DD-003686,2023-07-24,C-153,Chato,Baño,320.0,Tarjeta,EMP-07,,0
DD-003640,2023-07-25,C-128,Chico,Guardería,180.0,Tarjeta,EMP-08,descuento aplicado,0
DD-003817,2023-07-25,C-217,Sultan,Baño,200.0,Efectivo,EMP-03,,0
DD-003650,2023-07-25,C-133,Gus,Baño,280.0,Efectivo,EMP-07,,0
DD-003519,2023-07-25,C-058,Gordo,Baño,300.0,Tarjeta,EMP-04,propina incluida,1
DD-003403,2023-07-25,C-006,Thor,Corte,280.0,Efectivo,EMP-02,requiere cita previa,1
DD-003750,2023-07-25,C-190,Beto,Guardería,150.0,Tarjeta,EMP-06,primera visita,0
DD-003837,2023-07-25,C-229,Bella,Adiestramiento,590.0,Efectivo,EMP-03,,0
DD-003916,2023-07-25,C-264,Sultan,Guardería,150.0,Tarjeta,EMP-02,primera visita,0
DD-003685,2023-07-25,C-153,Chato,Guardería,230.0,Tarjeta,EMP-07,,0
DD-003520,2023-07-25,C-058,Gordo,Baño,340.0,Tarjeta,EMP-05,cliente VIP,1
DD-003850,2023-07-25,C-235,Blanca,Hotel,500.0,Efectivo,EMP-07,alérgico a champú,0
DD-003538,2023-07-25,C-071,Daisy,Adiestramiento,550.0,Tarjeta,EMP-06,traer vacunas,1
DD-003418,2023-07-26,C-011,Daisy,Hotel,590.0,Efectivo,EMP-02,,1
DD-004016,2023-07-26,C-319,Princesa,Corte,390.0,Efectivo,EMP-06,descuento aplicado,0
DD-003409,2023-07-26,C-009,Rosa,Guardería,180.0,Efectivo,EMP-01,,1
DD-003568,2023-07-26,C-086,Gordo,Corte,270.0,Transferencia,EMP-03,,0
DD-003414,2023-07-26,C-011,Daisy,Guardería,170.0,Tarjeta,EMP-08,,1
DD-003831,2023-07-26,C-225,Simba,Guardería,210.0,Efectivo,EMP-05,traer vacunas,0
DD-003624,2023-07-26,C-120,Duke,Baño,250.0,Efectivo,EMP-07,,0
DD-003902,2023-07-26,C-258,Lola,Corte,390.0,Tarjeta,EMP-03,,0
DD-003851,2023-07-26,C-235,Blanca,Guardería,150.0,Tarjeta,EMP-06,alérgico a champú,0
DD-004012,2023-07-26,C-316,Nina,Baño,400.0,Tarjeta,EMP-05,primera visita,0
DD-003767,2023-07-26,C-198,Chato,Corte,280.0,Tarjeta,EMP-04,,0
DD-003421,2023-07-26,C-014,Nena,Baño,420.0,Tarjeta,EMP-03,,1
DD-003796,2023-07-26,C-209,Manchas,Baño,420.0,Tarjeta,EMP-08,descuento aplicado,0
DD-003664,2023-07-26,C-142,Estrella,Guardería,200.0,Efectivo,EMP-03,cliente frecuente,0
DD-003964,2023-07-26,C-292,Chico,Hotel,560.0,Efectivo,EMP-02,alérgico a champú,0
DD-003477,2023-07-26,C-039,Tigrillo,Adiestramiento,680.0,Tarjeta,EMP-05,traer vacunas,1
DD-003961,2023-07-26,C-288,Boby,Guardería,210.0,Tarjeta,EMP-05,,0
DD-003678,2023-07-27,C-148,Lola,Guardería,220.0,Tarjeta,EMP-07,traer vacunas,0
DD-003643,2023-07-27,C-128,Chico,Guardería,180.0,Efectivo,EMP-08,traer vacunas,0
DD-003459,2023-07-27,C-032,Tito,Baño,280.0,Transferencia,EMP-07,,1
DD-003896,2023-07-27,C-254,Fifi,Baño,200.0,Efectivo,EMP-01,perro agresivo,0
DD-003668,2023-07-27,C-143,Rex,Corte,410.0,Tarjeta,EMP-07,,0
DD-003575,2023-07-27,C-088,Simba,Guardería,200.0,Tarjeta,EMP-06,perro agresivo,0
DD-003583,2023-07-27,C-092,Rocky,Corte,480.0,Tarjeta,EMP-03,descuento aplicado,0
DD-003642,2023-07-27,C-128,Chico,Corte,350.0,Tarjeta,EMP-03,,0
DD-004003,2023-07-27,C-314,Blanca,Guardería,200.0,Tarjeta,EMP-02,cliente frecuente,0
DD-003629,2023-07-27,C-122,Pepa,Guardería,170.0,Tarjeta,EMP-06,propina incluida,0
DD-003863,2023-07-27,C-242,Sammy,Baño,390.0,Tarjeta,EMP-04,traer vacunas,0
DD-003847,2023-07-27,C-233,Manchas,Hotel,390.0,Tarjeta,EMP-04,requiere cita previa,0
DD-003742,2023-07-27,C-183,Sammy,Corte,330.0,Efectivo,EMP-01,requiere cita previa,0
DD-003621,2023-07-27,C-116,Bonita,Hotel,410.0,Efectivo,EMP-04,perro agresivo,0
DD-003882,2023-07-27,C-251,Blanca,Hotel,400.0,Tarjeta,EMP-04,cliente frecuente,0
DD-003752,2023-07-28,C-191,Sammy,Adiestramiento,630.0,Tarjeta,EMP-03,,0
DD-003566,2023-07-28,C-085,Beto,Hotel,420.0,Efectivo,EMP-01,,0
DD-003753,2023-07-28,C-191,Sammy,Adiestramiento,760.0,Efectivo,EMP-04,requiere cita previa,0
DD-003736,2023-07-28,C-181,Nala,Baño,300.0,Tarjeta,EMP-08,propina incluida,0
DD-003494,2023-07-28,C-046,Chato,Guardería,180.0,Efectivo,EMP-04,cliente frecuente,1
DD-003425,2023-07-28,C-016,Max,Guardería,240.0,Efectivo,EMP-07,,1
DD-003496,2023-07-28,C-047,Gus,Baño,280.0,Efectivo,EMP-05,,1
DD-003898,2023-07-28,C-256,Chato,Guardería,160.0,Transferencia,EMP-06,cliente frecuente,0
DD-003518,2023-07-28,C-057,Bella,Hotel,390.0,Efectivo,EMP-01,,1
DD-003676,2023-07-28,C-148,Lola,Guardería,180.0,Tarjeta,EMP-07,,0
DD-003615,2023-07-28,C-113,Lola,Baño,300.0,Efectivo,EMP-08,,0
DD-003423,2023-07-28,C-015,Panda,Baño,230.0,Efectivo,EMP-06,requiere cita previa,1
DD-003912,2023-07-28,C-264,Sultan,Baño,380.0,Efectivo,EMP-06,perro agresivo,0
DD-003564,2023-07-28,C-085,Beto,Adiestramiento,670.0,Efectivo,EMP-03,,0
DD-003940,2023-07-28,C-280,Nena,Corte,280.0,Transferencia,EMP-06,,0
DD-003603,2023-07-28,C-108,Sasha,Baño,380.0,Tarjeta,EMP-08,,0
DD-003782,2023-07-28,C-205,Pepa,Guardería,160.0,Tarjeta,EMP-08,descuento aplicado,0
DD-003992,2023-07-29,C-308,Nina,Adiestramiento,700.0,Efectivo,EMP-01,,0
DD-003755,2023-07-29,C-191,Sammy,Guardería,240.0,Efectivo,EMP-02,cliente VIP,0
DD-003493,2023-07-29,C-046,Chato,Corte,310.0,Tarjeta,EMP-08,,1
DD-003981,2023-07-29,C-301,Gus,Hotel,540.0,Tarjeta,EMP-01,cliente frecuente,0
DD-003745,2023-07-29,C-185,Toby,Corte,290.0,Transferencia,EMP-03,requiere cita previa,0
DD-003754,2023-07-29,C-191,Sammy,Guardería,220.0,Efectivo,EMP-05,,0
DD-003652,2023-07-29,C-134,Luna,Guardería,180.0,Efectivo,EMP-05,cliente frecuente,0
DD-003930,2023-07-29,C-273,Nena,Guardería,150.0,Efectivo,EMP-02,descuento aplicado,0
DD-003881,2023-07-29,C-250,Pepa,Guardería,190.0,Efectivo,EMP-04,,0
DD-003927,2023-07-29,C-272,Boby,Baño,230.0,Efectivo,EMP-02,,0
DD-003402,2023-07-29,C-005,Canela,Guardería,180.0,Tarjeta,EMP-07,,1
DD-003441,2023-07-29,C-023,Tito,Baño,420.0,Tarjeta,EMP-06,pago pendiente,1
DD-003819,2023-07-29,C-218,Mia,Guardería,190.0,Transferencia,EMP-02,requiere cita previa,0
DD-003900,2023-07-29,C-256,Chato,Hotel,430.0,Tarjeta,EMP-03,propina incluida,0
DD-003842,2023-07-29,C-231,Fifi,Baño,420.0,Tarjeta,EMP-02,,0
DD-003610,2023-07-30,C-112,Princesa,Hotel,350.0,Tarjeta,EMP-08,alérgico a champú,0
DD-003956,2023-07-30,C-286,Estrella,Hotel,530.0,Tarjeta,EMP-07,,0
DD-003546,2023-07-30,C-073,Max,Guardería,190.0,Tarjeta,EMP-04,,1
DD-003905,2023-07-30,C-260,Bonita,Guardería,160.0,Efectivo,EMP-02,pago pendiente,0
DD-003899,2023-07-30,C-256,Chato,Guardería,210.0,Tarjeta,EMP-07,traer vacunas,0
DD-003675,2023-07-30,C-148,Lola,Baño,290.0,Tarjeta,EMP-01,,0
DD-003884,2023-07-30,C-251,Blanca,Hotel,440.0,Efectivo,EMP-06,cliente frecuente,0
DD-003601,2023-07-30,C-106,Charlie,Baño,350.0,Efectivo,EMP-07,,0
DD-003778,2023-07-30,C-203,Princesa,Guardería,170.0,Efectivo,EMP-06,primera visita,0
DD-003984,2023-07-30,C-305,Paloma,Guardería,170.0,Efectivo,EMP-08,,0
DD-003725,2023-07-30,C-176,Estrella,Guardería,180.0,Efectivo,EMP-02,requiere cita previa,0
DD-003828,2023-07-30,C-223,Sasha,Baño,260.0,Efectivo,EMP-07,primera visita,0
DD-003474,2023-07-30,C-038,Buddy,Guardería,250.0,Tarjeta,EMP-02,descuento aplicado,1
DD-003811,2023-07-30,C-216,Bonita,Guardería,220.0,Efectivo,EMP-04,,0
DD-003968,2023-07-30,C-295,Chico,Guardería,170.0,Tarjeta,EMP-05,,0
DD-003677,2023-07-30,C-148,Lola,Guardería,220.0,Tarjeta,EMP-02,requiere cita previa,0
DD-003464,2023-07-30,C-033,Max,Guardería,190.0,Tarjeta,EMP-05,cliente frecuente,1
DD-003442,2023-07-31,C-023,Tito,Corte,320.0,Efectivo,EMP-07,requiere cita previa,1
DD-003458,2023-07-31,C-031,Ringo,Guardería,220.0,Efectivo,EMP-07,traer vacunas,1
DD-003488,2023-07-31,C-044,Tigrillo,Guardería,210.0,Efectivo,EMP-04,cliente frecuente,1
DD-003598,2023-07-31,C-104,Rosa,Guardería,230.0,Transferencia,EMP-02,,0
DD-003924,2023-07-31,C-271,Pancho,Guardería,150.0,Transferencia,EMP-02,,0
DD-003911,2023-07-31,C-264,Sultan,Baño,330.0,Efectivo,EMP-01,requiere cita previa,0
DD-003873,2023-07-31,C-248,Thor,Guardería,200.0,Tarjeta,EMP-05,cliente VIP,0
DD-003798,2023-07-31,C-209,Manchas,Guardería,160.0,Efectivo,EMP-06,propina incluida,0
DD-003791,2023-07-31,C-208,Coco,Guardería,170.0,Tarjeta,EMP-07,pago pendiente,0
DD-003784,2023-07-31,C-205,Pepa,Baño,450.0,Tarjeta,EMP-08,requiere cita previa,0
DD-003758,2023-07-31,C-193,Zeus,Corte,430.0,Tarjeta,EMP-07,,0
DD-003920,2023-07-31,C-268,Nala,Guardería,160.0,Transferencia,EMP-07,propina incluida,0
DD-003578,2023-07-31,C-089,Panda,Guardería,200.0,Efectivo,EMP-08,alérgico a champú,0
DD-003982,2023-07-31,C-303,Toby,Corte,430.0,Efectivo,EMP-04,,0
DD-003711,2023-07-31,C-170,Frida,Guardería,210.0,Tarjeta,EMP-02,propina incluida,0
DD-003690,2023-07-31,C-155,Nala,Adiestramiento,780.0,Efectivo,EMP-07,perro agresivo,0
DD-003666,2023-07-31,C-143,Rex,Baño,380.0,Efectivo,EMP-01,alérgico a champú,0
DD-003645,2023-07-31,C-129,Tigrillo,Guardería,180.0,Efectivo,EMP-03,,0
DD-003729,2023-07-31,C-178,Coco,Guardería,190.0,Transferencia,EMP-05,requiere cita previa,0
DD-003605,2023-07-31,C-109,Lobo,Guardería,160.0,Efectivo,EMP-02,,0
DD-004144,2023-08-01,C-063,Estrella,Guardería,190.0,Tarjeta,EMP-03,,1
DD-004249,2023-08-01,C-130,Gordo,Guardería,220.0,Efectivo,EMP-04,descuento aplicado,0
DD-004137,2023-08-01,C-061,Toby,Guardería,190.0,Efectivo,EMP-07,propina incluida,1
DD-004132,2023-08-01,C-057,Bella,Corte,340.0,Efectivo,EMP-03,alérgico a champú,1
DD-004469,2023-08-01,C-259,Paloma,Guardería,240.0,Tarjeta,EMP-01,alérgico a champú,0
DD-004501,2023-08-01,C-277,Panda,Adiestramiento,760.0,Efectivo,EMP-08,,0
DD-004054,2023-08-01,C-020,Fifi,Baño,200.0,Tarjeta,EMP-05,cliente VIP,1
DD-004347,2023-08-01,C-188,Chico,Hotel,500.0,Efectivo,EMP-06,primera visita,0
DD-004101,2023-08-01,C-041,Tigrillo,Guardería,170.0,Tarjeta,EMP-06,propina incluida,1
DD-004392,2023-08-01,C-215,Daisy,Baño,310.0,Efectivo,EMP-07,pago pendiente,0
DD-004323,2023-08-01,C-174,Chispa,Baño,360.0,Tarjeta,EMP-01,,0
DD-004456,2023-08-01,C-253,Luna,Baño,390.0,Tarjeta,EMP-05,,0
DD-004477,2023-08-01,C-262,Charlie,Baño,450.0,Tarjeta,EMP-05,cliente VIP,0
DD-004292,2023-08-01,C-155,Nala,Baño,420.0,Transferencia,EMP-01,cliente VIP,0
DD-004172,2023-08-01,C-083,Duke,Hotel,520.0,Efectivo,EMP-08,,0
DD-004573,2023-08-01,C-316,Nina,Guardería,230.0,Efectivo,EMP-03,cliente VIP,0
DD-004177,2023-08-01,C-085,Beto,Baño,200.0,Tarjeta,EMP-08,primera visita,0
DD-004074,2023-08-01,C-030,Bear,Guardería,220.0,Tarjeta,EMP-06,primera visita,1
DD-004575,2023-08-01,C-317,Beto,Hotel,400.0,Efectivo,EMP-06,traer vacunas,0
DD-004563,2023-08-01,C-311,Nala,Baño,360.0,Efectivo,EMP-04,,0
DD-004183,2023-08-01,C-087,Sasha,Guardería,240.0,Tarjeta,EMP-05,,0
DD-004425,2023-08-01,C-236,Frida,Guardería,210.0,Transferencia,EMP-02,pago pendiente,0
DD-004374,2023-08-01,C-204,Nala,Baño,310.0,Tarjeta,EMP-05,perro agresivo,0
DD-004427,2023-08-01,C-238,Max,Guardería,190.0,Tarjeta,EMP-08,cliente VIP,0
DD-004096,2023-08-02,C-039,Tigrillo,Hotel,390.0,Tarjeta,EMP-04,,1
DD-004489,2023-08-02,C-268,Nala,Hotel,360.0,Efectivo,EMP-08,,0
DD-004319,2023-08-02,C-170,Frida,Hotel,520.0,Tarjeta,EMP-03,,0
DD-004417,2023-08-02,C-230,Chico,Guardería,180.0,Efectivo,EMP-08,,0
DD-004258,2023-08-02,C-134,Luna,Baño,250.0,Efectivo,EMP-02,propina incluida,0
DD-004436,2023-08-02,C-243,Maya,Guardería,220.0,Efectivo,EMP-06,alérgico a champú,0
DD-004451,2023-08-02,C-251,Blanca,Guardería,240.0,Transferencia,EMP-02,primera visita,0
DD-004442,2023-08-02,C-246,Luna,Baño,410.0,Efectivo,EMP-04,,0
DD-004455,2023-08-02,C-253,Luna,Corte,360.0,Transferencia,EMP-04,primera visita,0
DD-004231,2023-08-02,C-119,Canela,Guardería,200.0,Tarjeta,EMP-03,alérgico a champú,0
DD-004329,2023-08-02,C-179,Nina,Adiestramiento,540.0,Transferencia,EMP-06,,0
DD-004041,2023-08-02,C-013,Coco,Guardería,180.0,Efectivo,EMP-08,cliente VIP,1
DD-004111,2023-08-03,C-045,Thor,Guardería,230.0,Efectivo,EMP-02,alérgico a champú,1
DD-004458,2023-08-03,C-254,Fifi,Baño,220.0,Efectivo,EMP-04,requiere cita previa,0
DD-004198,2023-08-03,C-097,Bella,Guardería,160.0,Efectivo,EMP-03,perro agresivo,0
DD-004361,2023-08-03,C-195,Rocky,Guardería,200.0,Transferencia,EMP-02,,0
DD-004384,2023-08-03,C-211,Lobo,Baño,350.0,Tarjeta,EMP-02,traer vacunas,0
DD-004344,2023-08-03,C-186,Frida,Guardería,160.0,Transferencia,EMP-05,propina incluida,0
DD-004160,2023-08-03,C-073,Max,Guardería,150.0,Efectivo,EMP-08,,1
DD-004443,2023-08-03,C-247,Rosa,Guardería,170.0,Efectivo,EMP-02,,0
DD-004095,2023-08-03,C-038,Buddy,Guardería,160.0,Efectivo,EMP-02,cliente VIP,1
DD-004401,2023-08-03,C-220,Sammy,Guardería,230.0,Tarjeta,EMP-01,descuento aplicado,0
DD-004210,2023-08-03,C-107,Lobo,Baño,430.0,Efectivo,EMP-01,primera visita,0
DD-004471,2023-08-03,C-260,Bonita,Baño,440.0,Efectivo,EMP-06,,0
DD-004115,2023-08-03,C-047,Gus,Corte,410.0,Tarjeta,EMP-02,propina incluida,1
DD-004223,2023-08-03,C-115,Charlie,Guardería,230.0,Efectivo,EMP-02,propina incluida,0
DD-004331,2023-08-03,C-179,Nina,Guardería,220.0,Tarjeta,EMP-08,propina incluida,0
DD-004529,2023-08-03,C-295,Chico,Guardería,190.0,Efectivo,EMP-03,,0
DD-004522,2023-08-03,C-290,Lola,Guardería,170.0,Efectivo,EMP-08,,0
DD-004432,2023-08-04,C-241,Canela,Baño,290.0,Efectivo,EMP-01,,0
DD-004357,2023-08-04,C-193,Zeus,Guardería,170.0,Efectivo,EMP-05,,0
DD-004314,2023-08-04,C-167,Coco,Baño,330.0,Efectivo,EMP-02,,0
DD-004450,2023-08-04,C-251,Blanca,Guardería,240.0,Transferencia,EMP-06,perro agresivo,0
DD-004104,2023-08-04,C-042,Nena,Guardería,180.0,Efectivo,EMP-03,,1
DD-004103,2023-08-04,C-042,Nena,Adiestramiento,740.0,Tarjeta,EMP-08,requiere cita previa,1
DD-004438,2023-08-04,C-244,Coco,Guardería,240.0,Efectivo,EMP-05,cliente frecuente,0
DD-004233,2023-08-04,C-121,Duke,Hotel,470.0,Efectivo,EMP-07,,0
DD-004476,2023-08-04,C-262,Charlie,Guardería,200.0,Transferencia,EMP-08,,0
DD-004182,2023-08-04,C-086,Gordo,Baño,380.0,Efectivo,EMP-04,descuento aplicado,0
DD-004090,2023-08-04,C-036,Rex,Guardería,210.0,Tarjeta,EMP-08,traer vacunas,1
DD-004343,2023-08-04,C-185,Toby,Guardería,250.0,Efectivo,EMP-01,traer vacunas,0
DD-004342,2023-08-04,C-185,Toby,Guardería,210.0,Tarjeta,EMP-07,alérgico a champú,0
DD-004337,2023-08-04,C-183,Sammy,Guardería,160.0,Tarjeta,EMP-02,,0
DD-004118,2023-08-04,C-049,Max,Corte,450.0,Efectivo,EMP-02,traer vacunas,1
DD-004275,2023-08-04,C-147,Rex,Guardería,210.0,Efectivo,EMP-08,traer vacunas,0
DD-004279,2023-08-04,C-149,Toby,Guardería,190.0,Transferencia,EMP-02,,0
DD-004388,2023-08-04,C-214,Gordo,Guardería,220.0,Efectivo,EMP-06,,0
DD-004481,2023-08-05,C-263,Nena,Baño,290.0,Tarjeta,EMP-01,,0
DD-004546,2023-08-05,C-305,Paloma,Corte,320.0,Efectivo,EMP-01,perro agresivo,0
DD-004466,2023-08-05,C-259,Paloma,Guardería,160.0,Tarjeta,EMP-06,perro agresivo,0
DD-004108,2023-08-05,C-043,Luna,Baño,300.0,Efectivo,EMP-03,alérgico a champú,1
DD-004301,2023-08-05,C-159,Sultan,Baño,360.0,Tarjeta,EMP-05,cliente frecuente,0
DD-004390,2023-08-05,C-214,Gordo,Guardería,160.0,Efectivo,EMP-07,,0
DD-004184,2023-08-05,C-088,Simba,Guardería,200.0,Tarjeta,EMP-01,,0
DD-004236,2023-08-05,C-122,Pepa,Baño,210.0,Efectivo,EMP-01,,0
DD-004515,2023-08-05,C-286,Estrella,Guardería,200.0,Efectivo,EMP-07,descuento aplicado,0
DD-004571,2023-08-05,C-316,Nina,Baño,370.0,Efectivo,EMP-02,perro agresivo,0
DD-004565,2023-08-05,C-314,Blanca,Corte,350.0,Transferencia,EMP-04,descuento aplicado,0
DD-004031,2023-08-05,C-010,Maya,Hotel,400.0,Efectivo,EMP-03,,1
DD-004304,2023-08-05,C-161,Chispa,Guardería,160.0,Efectivo,EMP-08,cliente VIP,0
DD-004570,2023-08-05,C-315,Zeus,Baño,400.0,Tarjeta,EMP-08,traer vacunas,0
DD-004386,2023-08-06,C-213,Pancho,Baño,260.0,Tarjeta,EMP-08,propina incluida,0
DD-004542,2023-08-06,C-303,Toby,Corte,330.0,Efectivo,EMP-02,traer vacunas,0
DD-004395,2023-08-06,C-217,Sultan,Guardería,150.0,Tarjeta,EMP-06,,0
DD-004400,2023-08-06,C-220,Sammy,Guardería,250.0,Efectivo,EMP-08,pago pendiente,0
DD-004360,2023-08-06,C-195,Rocky,Guardería,180.0,Efectivo,EMP-06,propina incluida,0
DD-004377,2023-08-06,C-208,Coco,Guardería,220.0,Efectivo,EMP-06,cliente frecuente,0
DD-004181,2023-08-06,C-086,Gordo,Corte,310.0,Tarjeta,EMP-08,cliente VIP,0
DD-004302,2023-08-06,C-160,Boby,Baño,390.0,Tarjeta,EMP-06,,0
DD-004226,2023-08-06,C-116,Bonita,Guardería,190.0,Efectivo,EMP-03,propina incluida,0
DD-004219,2023-08-06,C-112,Princesa,Hotel,500.0,Transferencia,EMP-04,,0
DD-004037,2023-08-06,C-011,Daisy,Baño,360.0,Tarjeta,EMP-08,requiere cita previa,1
DD-004232,2023-08-06,C-120,Duke,Baño,420.0,Efectivo,EMP-04,,0
DD-004561,2023-08-06,C-310,Paloma,Hotel,500.0,Tarjeta,EMP-02,perro agresivo,0
DD-004188,2023-08-06,C-089,Panda,Guardería,220.0,Efectivo,EMP-01,cliente frecuente,0
DD-004164,2023-08-06,C-077,Kira,Baño,340.0,Tarjeta,EMP-06,alérgico a champú,1
DD-004465,2023-08-06,C-259,Paloma,Guardería,220.0,Tarjeta,EMP-06,pago pendiente,0
DD-004112,2023-08-06,C-046,Chato,Baño,230.0,Efectivo,EMP-04,,1
DD-004532,2023-08-06,C-297,Sasha,Hotel,540.0,Tarjeta,EMP-05,,0
DD-004495,2023-08-06,C-274,Nena,Adiestramiento,480.0,Transferencia,EMP-06,descuento aplicado,0
DD-004510,2023-08-06,C-283,Princesa,Hotel,550.0,Efectivo,EMP-07,,0
DD-004062,2023-08-06,C-026,Mia,Guardería,200.0,Efectivo,EMP-07,alérgico a champú,1
DD-004528,2023-08-06,C-294,Rex,Baño,380.0,Tarjeta,EMP-05,,0
DD-004491,2023-08-06,C-272,Boby,Baño,220.0,Transferencia,EMP-04,,0
DD-004486,2023-08-06,C-267,Daisy,Guardería,160.0,Efectivo,EMP-03,pago pendiente,0
DD-004541,2023-08-06,C-302,Fifi,Hotel,360.0,Tarjeta,EMP-01,,0
DD-004099,2023-08-06,C-040,Manchas,Baño,420.0,Tarjeta,EMP-04,,1
DD-004364,2023-08-07,C-197,Mia,Baño,450.0,Tarjeta,EMP-05,,0
DD-004562,2023-08-07,C-311,Nala,Corte,490.0,Transferencia,EMP-07,,0
DD-004265,2023-08-07,C-140,Chispa,Hotel,360.0,Tarjeta,EMP-06,perro agresivo,0
DD-004077,2023-08-07,C-032,Tito,Corte,470.0,Tarjeta,EMP-05,traer vacunas,1
DD-004235,2023-08-07,C-121,Duke,Adiestramiento,690.0,Tarjeta,EMP-06,cliente frecuente,0
DD-004447,2023-08-07,C-249,Kira,Guardería,250.0,Efectivo,EMP-04,,0
DD-004506,2023-08-07,C-281,Bear,Guardería,180.0,Tarjeta,EMP-07,,0
DD-004283,2023-08-07,C-150,Duke,Guardería,150.0,Efectivo,EMP-01,perro agresivo,0
DD-004045,2023-08-07,C-018,Toby,Baño,320.0,Efectivo,EMP-04,,1
DD-004568,2023-08-07,C-315,Zeus,Corte,290.0,Transferencia,EMP-08,,0
DD-004404,2023-08-07,C-223,Sasha,Baño,360.0,Efectivo,EMP-08,alérgico a champú,0
DD-004318,2023-08-07,C-170,Frida,Guardería,210.0,Efectivo,EMP-05,descuento aplicado,0
DD-004208,2023-08-07,C-106,Charlie,Guardería,190.0,Tarjeta,EMP-05,requiere cita previa,0
DD-004185,2023-08-07,C-088,Simba,Corte,260.0,Efectivo,EMP-01,propina incluida,0
DD-004514,2023-08-07,C-286,Estrella,Guardería,150.0,Tarjeta,EMP-08,,0
DD-004257,2023-08-07,C-134,Luna,Guardería,210.0,Efectivo,EMP-02,traer vacunas,0
DD-004487,2023-08-07,C-268,Nala,Guardería,240.0,Tarjeta,EMP-05,alérgico a champú,0
DD-004430,2023-08-07,C-239,Pancho,Guardería,160.0,Tarjeta,EMP-02,perro agresivo,0
DD-004509,2023-08-07,C-282,Rosa,Corte,420.0,Efectivo,EMP-06,cliente VIP,0
DD-004373,2023-08-07,C-204,Nala,Guardería,160.0,Efectivo,EMP-07,primera visita,0
DD-004371,2023-08-08,C-204,Nala,Corte,410.0,Tarjeta,EMP-01,,0
DD-004243,2023-08-08,C-126,Manchas,Guardería,200.0,Efectivo,EMP-08,,0
DD-004381,2023-08-08,C-210,Max,Baño,430.0,Tarjeta,EMP-08,requiere cita previa,0
DD-004278,2023-08-08,C-148,Lola,Guardería,220.0,Tarjeta,EMP-05,,0
DD-004326,2023-08-08,C-176,Estrella,Hotel,540.0,Efectivo,EMP-01,,0
DD-004439,2023-08-08,C-244,Coco,Baño,360.0,Efectivo,EMP-08,,0
DD-004098,2023-08-08,C-040,Manchas,Hotel,380.0,Tarjeta,EMP-02,,1
DD-004313,2023-08-08,C-165,Frida,Guardería,180.0,Efectivo,EMP-08,perro agresivo,0
DD-004333,2023-08-08,C-180,Buddy,Corte,330.0,Efectivo,EMP-03,descuento aplicado,0
DD-004288,2023-08-08,C-153,Chato,Guardería,210.0,Tarjeta,EMP-04,requiere cita previa,0
DD-004102,2023-08-08,C-041,Tigrillo,Corte,250.0,Efectivo,EMP-02,traer vacunas,1
DD-004338,2023-08-08,C-184,Mia,Corte,360.0,Tarjeta,EMP-01,,0
DD-004422,2023-08-08,C-234,Toby,Corte,480.0,Transferencia,EMP-03,cliente VIP,0
DD-004120,2023-08-08,C-051,Simba,Guardería,210.0,Transferencia,EMP-05,descuento aplicado,1
DD-004354,2023-08-08,C-191,Sammy,Baño,350.0,Efectivo,EMP-05,alérgico a champú,0
DD-004351,2023-08-08,C-190,Beto,Guardería,150.0,Efectivo,EMP-08,,0
DD-004399,2023-08-08,C-219,Nina,Guardería,210.0,Tarjeta,EMP-01,alérgico a champú,0
DD-004018,2023-08-08,C-002,Mia,Baño,320.0,Transferencia,EMP-01,,1
DD-004134,2023-08-08,C-058,Gordo,Guardería,170.0,Efectivo,EMP-07,descuento aplicado,1
DD-004136,2023-08-08,C-060,Lobo,Baño,360.0,Tarjeta,EMP-06,traer vacunas,1
DD-004044,2023-08-08,C-016,Max,Baño,260.0,Tarjeta,EMP-03,,1
DD-004159,2023-08-08,C-073,Max,Hotel,420.0,Tarjeta,EMP-06,,1
DD-004141,2023-08-08,C-063,Estrella,Baño,420.0,Tarjeta,EMP-06,descuento aplicado,1
DD-004327,2023-08-08,C-176,Estrella,Guardería,190.0,Efectivo,EMP-08,,0
DD-004459,2023-08-08,C-256,Chato,Guardería,200.0,Efectivo,EMP-06,,0
DD-004042,2023-08-08,C-014,Nena,Guardería,170.0,Tarjeta,EMP-08,,1
DD-004413,2023-08-08,C-227,Maya,Corte,260.0,Tarjeta,EMP-05,perro agresivo,0
DD-004021,2023-08-08,C-004,Paloma,Baño,210.0,Efectivo,EMP-02,,1
DD-004076,2023-08-08,C-031,Ringo,Guardería,170.0,Efectivo,EMP-01,,1
DD-004152,2023-08-08,C-071,Daisy,Guardería,240.0,Efectivo,EMP-03,requiere cita previa,1
DD-004454,2023-08-08,C-253,Luna,Baño,220.0,Efectivo,EMP-08,requiere cita previa,0
DD-004193,2023-08-08,C-094,Bear,Guardería,170.0,Transferencia,EMP-06,pago pendiente,0
DD-004043,2023-08-08,C-014,Nena,Guardería,200.0,Efectivo,EMP-06,alérgico a champú,1
DD-004393,2023-08-09,C-216,Bonita,Guardería,220.0,Transferencia,EMP-04,cliente frecuente,0
DD-004558,2023-08-09,C-309,Boby,Corte,460.0,Efectivo,EMP-04,propina incluida,0
DD-004391,2023-08-09,C-214,Gordo,Baño,260.0,Efectivo,EMP-08,,0
DD-004033,2023-08-09,C-010,Maya,Guardería,150.0,Efectivo,EMP-05,primera visita,1
DD-004170,2023-08-09,C-081,Luna,Adiestramiento,680.0,Efectivo,EMP-01,,0
DD-004051,2023-08-09,C-020,Fifi,Guardería,190.0,Efectivo,EMP-04,descuento aplicado,1
DD-004472,2023-08-09,C-260,Bonita,Hotel,390.0,Efectivo,EMP-01,propina incluida,0
DD-004369,2023-08-09,C-201,Rosa,Guardería,200.0,Efectivo,EMP-06,cliente VIP,0
DD-004368,2023-08-09,C-201,Rosa,Hotel,460.0,Tarjeta,EMP-01,requiere cita previa,0
DD-004138,2023-08-09,C-062,Zeus,Guardería,240.0,Transferencia,EMP-02,requiere cita previa,1
DD-004127,2023-08-09,C-055,Bear,Guardería,180.0,Tarjeta,EMP-03,cliente VIP,1
DD-004555,2023-08-09,C-308,Nina,Baño,240.0,Tarjeta,EMP-01,,0
DD-004253,2023-08-09,C-133,Gus,Guardería,240.0,Tarjeta,EMP-08,cliente VIP,0
DD-004131,2023-08-09,C-057,Bella,Guardería,150.0,Transferencia,EMP-08,traer vacunas,1
DD-004261,2023-08-09,C-138,Bear,Baño,390.0,Efectivo,EMP-08,,0
DD-004492,2023-08-10,C-274,Nena,Baño,400.0,Efectivo,EMP-01,,0
DD-004250,2023-08-10,C-131,Sultan,Corte,320.0,Tarjeta,EMP-08,,0
DD-004396,2023-08-10,C-218,Mia,Guardería,230.0,Efectivo,EMP-02,,0
DD-004050,2023-08-10,C-019,Canela,Guardería,220.0,Efectivo,EMP-04,primera visita,1
DD-004578,2023-08-10,C-320,Negro,Baño,310.0,Tarjeta,EMP-08,,0
DD-004460,2023-08-10,C-257,Canela,Baño,440.0,Efectivo,EMP-07,,0
DD-004312,2023-08-10,C-165,Frida,Corte,320.0,Efectivo,EMP-01,pago pendiente,0
DD-004201,2023-08-10,C-100,Rosa,Guardería,190.0,Tarjeta,EMP-07,,0
DD-004092,2023-08-10,C-037,Toby,Baño,420.0,Efectivo,EMP-08,descuento aplicado,1
DD-004557,2023-08-10,C-308,Nina,Baño,280.0,Efectivo,EMP-04,alérgico a champú,0
DD-004382,2023-08-10,C-211,Lobo,Hotel,550.0,Transferencia,EMP-03,,0
DD-004305,2023-08-10,C-161,Chispa,Baño,350.0,Tarjeta,EMP-05,,0
DD-004367,2023-08-10,C-201,Rosa,Guardería,230.0,Tarjeta,EMP-07,,0
DD-004151,2023-08-10,C-071,Daisy,Adiestramiento,520.0,Tarjeta,EMP-08,,1
DD-004453,2023-08-10,C-252,Kira,Baño,430.0,Tarjeta,EMP-03,primera visita,0
DD-004290,2023-08-10,C-154,Nena,Guardería,150.0,Efectivo,EMP-05,cliente frecuente,0
DD-004277,2023-08-10,C-148,Lola,Corte,450.0,Efectivo,EMP-05,,0
DD-004330,2023-08-10,C-179,Nina,Baño,350.0,Efectivo,EMP-04,alérgico a champú,0
DD-004119,2023-08-10,C-049,Max,Corte,470.0,Transferencia,EMP-01,cliente frecuente,1
DD-004284,2023-08-11,C-151,Rocky,Guardería,250.0,Efectivo,EMP-07,,0
DD-004308,2023-08-11,C-163,Rocky,Baño,330.0,Efectivo,EMP-01,perro agresivo,0
DD-004174,2023-08-11,C-083,Duke,Baño,440.0,Transferencia,EMP-07,descuento aplicado,0
DD-004066,2023-08-11,C-027,Zeus,Adiestramiento,740.0,Tarjeta,EMP-06,cliente VIP,1
DD-004517,2023-08-11,C-287,Maya,Guardería,150.0,Tarjeta,EMP-04,,0
DD-004519,2023-08-11,C-288,Boby,Guardería,240.0,Transferencia,EMP-03,descuento aplicado,0
DD-004530,2023-08-11,C-295,Chico,Baño,330.0,Tarjeta,EMP-03,,0
DD-004139,2023-08-11,C-062,Zeus,Guardería,230.0,Efectivo,EMP-01,,1
DD-004055,2023-08-11,C-022,Sammy,Guardería,190.0,Tarjeta,EMP-01,pago pendiente,1
DD-004461,2023-08-12,C-257,Canela,Guardería,170.0,Efectivo,EMP-07,cliente frecuente,0
DD-004150,2023-08-12,C-069,Paloma,Baño,450.0,Tarjeta,EMP-02,,1
DD-004117,2023-08-12,C-049,Max,Corte,490.0,Efectivo,EMP-01,traer vacunas,1
DD-004262,2023-08-12,C-139,Panda,Adiestramiento,610.0,Tarjeta,EMP-01,cliente VIP,0
DD-004446,2023-08-12,C-248,Thor,Guardería,160.0,Efectivo,EMP-04,alérgico a champú,0
DD-004085,2023-08-12,C-035,Pancho,Corte,400.0,Tarjeta,EMP-01,pago pendiente,1
DD-004291,2023-08-12,C-155,Nala,Guardería,190.0,Efectivo,EMP-03,,0
DD-004079,2023-08-12,C-033,Max,Guardería,200.0,Tarjeta,EMP-05,,1
DD-004234,2023-08-12,C-121,Duke,Baño,360.0,Tarjeta,EMP-05,perro agresivo,0
DD-004080,2023-08-12,C-033,Max,Hotel,540.0,Tarjeta,EMP-04,,1
DD-004176,2023-08-12,C-084,Pancho,Guardería,210.0,Transferencia,EMP-06,requiere cita previa,0
DD-004075,2023-08-12,C-031,Ringo,Baño,370.0,Tarjeta,EMP-07,,1
DD-004512,2023-08-12,C-286,Estrella,Guardería,200.0,Efectivo,EMP-01,propina incluida,0
DD-004229,2023-08-12,C-118,Bonita,Guardería,190.0,Tarjeta,EMP-03,,0
DD-004539,2023-08-12,C-302,Fifi,Corte,260.0,Transferencia,EMP-07,,0
DD-004248,2023-08-12,C-130,Gordo,Baño,310.0,Efectivo,EMP-05,primera visita,0
DD-004089,2023-08-13,C-036,Rex,Hotel,430.0,Transferencia,EMP-01,,1
DD-004106,2023-08-13,C-042,Nena,Corte,320.0,Transferencia,EMP-07,requiere cita previa,1
DD-004483,2023-08-13,C-264,Sultan,Guardería,170.0,Efectivo,EMP-08,,0
DD-004024,2023-08-13,C-006,Thor,Guardería,220.0,Efectivo,EMP-01,pago pendiente,1
DD-004479,2023-08-13,C-262,Charlie,Hotel,410.0,Efectivo,EMP-02,,0
DD-004297,2023-08-13,C-156,Beto,Guardería,240.0,Tarjeta,EMP-02,requiere cita previa,0
DD-004320,2023-08-13,C-170,Frida,Hotel,430.0,Efectivo,EMP-06,,0
DD-004251,2023-08-13,C-131,Sultan,Corte,370.0,Efectivo,EMP-01,pago pendiente,0
DD-004406,2023-08-13,C-223,Sasha,Hotel,470.0,Tarjeta,EMP-01,,0
DD-004129,2023-08-13,C-056,Bonita,Baño,380.0,Efectivo,EMP-01,perro agresivo,1
DD-004441,2023-08-13,C-246,Luna,Baño,280.0,Efectivo,EMP-04,alérgico a champú,0
DD-004186,2023-08-13,C-088,Simba,Guardería,250.0,Transferencia,EMP-08,requiere cita previa,0
DD-004421,2023-08-13,C-234,Toby,Corte,250.0,Efectivo,EMP-05,traer vacunas,0
DD-004420,2023-08-13,C-233,Manchas,Baño,270.0,Efectivo,EMP-01,pago pendiente,0
DD-004240,2023-08-13,C-125,Tigrillo,Baño,370.0,Efectivo,EMP-05,pago pendiente,0
DD-004409,2023-08-13,C-225,Simba,Guardería,220.0,Tarjeta,EMP-01,pago pendiente,0
DD-004161,2023-08-13,C-074,Fifi,Corte,340.0,Tarjeta,EMP-07,propina incluida,1
DD-004378,2023-08-13,C-208,Coco,Corte,280.0,Tarjeta,EMP-07,,0
DD-004157,2023-08-13,C-073,Max,Guardería,250.0,Tarjeta,EMP-01,,1
DD-004473,2023-08-14,C-260,Bonita,Corte,470.0,Tarjeta,EMP-05,,0
DD-004068,2023-08-14,C-028,Princesa,Guardería,220.0,Tarjeta,EMP-05,,1
DD-004577,2023-08-14,C-319,Princesa,Guardería,210.0,Efectivo,EMP-04,primera visita,0
DD-004179,2023-08-14,C-085,Beto,Guardería,240.0,Tarjeta,EMP-01,alérgico a champú,0
DD-004280,2023-08-14,C-149,Toby,Guardería,190.0,Efectivo,EMP-02,cliente VIP,0
DD-004133,2023-08-14,C-058,Gordo,Guardería,220.0,Efectivo,EMP-01,,1
DD-004502,2023-08-14,C-278,Estrella,Guardería,170.0,Transferencia,EMP-07,,0
DD-004300,2023-08-14,C-159,Sultan,Guardería,200.0,Efectivo,EMP-08,alérgico a champú,0
DD-004237,2023-08-14,C-122,Pepa,Guardería,180.0,Efectivo,EMP-04,cliente VIP,0
DD-004499,2023-08-14,C-276,Charlie,Baño,360.0,Efectivo,EMP-03,primera visita,0
DD-004334,2023-08-14,C-180,Buddy,Baño,400.0,Tarjeta,EMP-03,,0
DD-004293,2023-08-14,C-155,Nala,Adiestramiento,460.0,Tarjeta,EMP-07,primera visita,0
DD-004426,2023-08-14,C-237,Tito,Baño,220.0,Transferencia,EMP-02,,0
DD-004345,2023-08-14,C-186,Frida,Baño,230.0,Efectivo,EMP-04,descuento aplicado,0
DD-004239,2023-08-14,C-124,Manchas,Corte,480.0,Efectivo,EMP-04,pago pendiente,0
DD-004358,2023-08-14,C-194,Nina,Guardería,240.0,Efectivo,EMP-05,traer vacunas,0
DD-004411,2023-08-14,C-226,Chispa,Corte,470.0,Tarjeta,EMP-07,,0
DD-004162,2023-08-14,C-075,Chato,Hotel,450.0,Tarjeta,EMP-06,perro agresivo,1
DD-004470,2023-08-14,C-260,Bonita,Baño,310.0,Efectivo,EMP-08,,0
DD-004114,2023-08-14,C-046,Chato,Baño,370.0,Efectivo,EMP-08,,1
DD-004498,2023-08-14,C-276,Charlie,Hotel,600.0,Efectivo,EMP-06,,0
DD-004165,2023-08-14,C-078,Kira,Hotel,460.0,Transferencia,EMP-07,,1
DD-004531,2023-08-15,C-296,Duke,Guardería,180.0,Efectivo,EMP-05,,0
DD-004295,2023-08-15,C-155,Nala,Baño,440.0,Tarjeta,EMP-03,,0
DD-004038,2023-08-15,C-012,Chispa,Corte,360.0,Transferencia,EMP-01,,1
DD-004380,2023-08-15,C-209,Manchas,Guardería,250.0,Tarjeta,EMP-06,,0
DD-004059,2023-08-15,C-023,Tito,Guardería,240.0,Efectivo,EMP-07,descuento aplicado,1
DD-004140,2023-08-15,C-062,Zeus,Guardería,160.0,Efectivo,EMP-06,,1
DD-004516,2023-08-15,C-287,Maya,Baño,210.0,Tarjeta,EMP-02,,0
DD-004444,2023-08-15,C-247,Rosa,Guardería,200.0,Efectivo,EMP-02,,0
DD-004130,2023-08-15,C-056,Bonita,Baño,220.0,Tarjeta,EMP-07,primera visita,1
DD-004084,2023-08-15,C-035,Pancho,Baño,210.0,Transferencia,EMP-06,requiere cita previa,1
DD-004273,2023-08-15,C-147,Rex,Hotel,560.0,Efectivo,EMP-04,,0
DD-004100,2023-08-15,C-041,Tigrillo,Adiestramiento,680.0,Efectivo,EMP-08,,1
DD-004206,2023-08-15,C-104,Rosa,Guardería,210.0,Tarjeta,EMP-02,pago pendiente,0
DD-004482,2023-08-15,C-263,Nena,Baño,450.0,Efectivo,EMP-07,primera visita,0
DD-004429,2023-08-15,C-239,Pancho,Corte,440.0,Efectivo,EMP-06,,0
DD-004254,2023-08-15,C-133,Gus,Baño,430.0,Tarjeta,EMP-02,,0
DD-004310,2023-08-15,C-164,Gus,Guardería,170.0,Efectivo,EMP-02,,0
DD-004574,2023-08-16,C-317,Beto,Guardería,170.0,Efectivo,EMP-07,traer vacunas,0
DD-004407,2023-08-16,C-223,Sasha,Baño,410.0,Efectivo,EMP-01,traer vacunas,0
DD-004564,2023-08-16,C-314,Blanca,Hotel,410.0,Tarjeta,EMP-03,,0
DD-004317,2023-08-16,C-170,Frida,Corte,490.0,Transferencia,EMP-01,,0
DD-004545,2023-08-16,C-304,Buddy,Adiestramiento,730.0,Tarjeta,EMP-04,,0
DD-004415,2023-08-16,C-229,Bella,Adiestramiento,760.0,Efectivo,EMP-07,cliente VIP,0
DD-004496,2023-08-16,C-275,Lobo,Hotel,570.0,Efectivo,EMP-04,alérgico a champú,0
DD-004500,2023-08-16,C-277,Panda,Baño,280.0,Tarjeta,EMP-04,,0
DD-004547,2023-08-16,C-306,Pepa,Guardería,210.0,Efectivo,EMP-03,descuento aplicado,0
DD-004349,2023-08-16,C-190,Beto,Guardería,240.0,Efectivo,EMP-04,,0
DD-004572,2023-08-16,C-316,Nina,Baño,280.0,Efectivo,EMP-02,,0
DD-004194,2023-08-16,C-095,Nala,Guardería,230.0,Efectivo,EMP-08,traer vacunas,0
DD-004148,2023-08-16,C-068,Lola,Hotel,520.0,Tarjeta,EMP-07,,1
DD-004196,2023-08-16,C-096,Chato,Baño,420.0,Tarjeta,EMP-01,,0
DD-004230,2023-08-16,C-119,Canela,Baño,420.0,Tarjeta,EMP-01,descuento aplicado,0
DD-004216,2023-08-16,C-110,Pancho,Adiestramiento,440.0,Transferencia,EMP-07,alérgico a champú,0
DD-004036,2023-08-16,C-011,Daisy,Guardería,210.0,Tarjeta,EMP-06,descuento aplicado,1
DD-004168,2023-08-16,C-079,Charlie,Adiestramiento,560.0,Efectivo,EMP-04,,1
DD-004207,2023-08-16,C-105,Tito,Baño,300.0,Tarjeta,EMP-07,cliente frecuente,0
DD-004269,2023-08-16,C-144,Rex,Hotel,540.0,Efectivo,EMP-08,propina incluida,0
DD-004200,2023-08-16,C-099,Gordo,Baño,280.0,Efectivo,EMP-01,pago pendiente,0
DD-004143,2023-08-16,C-063,Estrella,Corte,400.0,Efectivo,EMP-07,pago pendiente,1
DD-004202,2023-08-17,C-100,Rosa,Baño,340.0,Efectivo,EMP-08,,0
DD-004372,2023-08-17,C-204,Nala,Baño,390.0,Tarjeta,EMP-03,cliente frecuente,0
DD-004552,2023-08-17,C-307,Daisy,Corte,300.0,Efectivo,EMP-06,,0
DD-004128,2023-08-17,C-055,Bear,Guardería,230.0,Efectivo,EMP-03,cliente VIP,1
DD-004566,2023-08-17,C-315,Zeus,Guardería,200.0,Tarjeta,EMP-02,,0
DD-004212,2023-08-17,C-109,Lobo,Baño,340.0,Transferencia,EMP-05,propina incluida,0
DD-004123,2023-08-17,C-053,Buddy,Baño,230.0,Efectivo,EMP-07,alérgico a champú,1
DD-004029,2023-08-17,C-009,Rosa,Guardería,200.0,Tarjeta,EMP-04,requiere cita previa,1
DD-004335,2023-08-17,C-180,Buddy,Corte,380.0,Transferencia,EMP-01,perro agresivo,0
DD-004263,2023-08-17,C-140,Chispa,Baño,440.0,Efectivo,EMP-06,,0
DD-004091,2023-08-17,C-036,Rex,Baño,270.0,Efectivo,EMP-03,,1
DD-004067,2023-08-17,C-027,Zeus,Corte,440.0,Tarjeta,EMP-08,,1
DD-004081,2023-08-17,C-033,Max,Guardería,190.0,Efectivo,EMP-02,,1
DD-004303,2023-08-17,C-160,Boby,Guardería,210.0,Tarjeta,EMP-05,,0
DD-004324,2023-08-17,C-175,Panda,Hotel,500.0,Efectivo,EMP-04,perro agresivo,0
DD-004508,2023-08-17,C-282,Rosa,Hotel,430.0,Efectivo,EMP-02,propina incluida,0
DD-004180,2023-08-17,C-085,Beto,Baño,410.0,Transferencia,EMP-05,cliente VIP,0
DD-004497,2023-08-17,C-276,Charlie,Hotel,440.0,Efectivo,EMP-01,,0
DD-004225,2023-08-18,C-115,Charlie,Guardería,220.0,Tarjeta,EMP-01,,0
DD-004579,2023-08-18,C-320,Negro,Corte,270.0,Tarjeta,EMP-01,,0
DD-004211,2023-08-18,C-109,Lobo,Hotel,470.0,Efectivo,EMP-06,,0
DD-004535,2023-08-18,C-300,Manchas,Guardería,150.0,Tarjeta,EMP-04,,0
DD-004299,2023-08-18,C-158,Negro,Baño,350.0,Tarjeta,EMP-05,,0
DD-004524,2023-08-18,C-290,Lola,Guardería,210.0,Efectivo,EMP-03,,0
DD-004220,2023-08-18,C-112,Princesa,Baño,280.0,Tarjeta,EMP-01,,0
DD-004204,2023-08-18,C-102,Chispa,Guardería,190.0,Efectivo,EMP-01,propina incluida,0
DD-004063,2023-08-18,C-026,Mia,Hotel,530.0,Tarjeta,EMP-04,primera visita,1
DD-004389,2023-08-18,C-214,Gordo,Baño,410.0,Efectivo,EMP-03,requiere cita previa,0
DD-004521,2023-08-18,C-290,Lola,Guardería,170.0,Tarjeta,EMP-01,,0
DD-004093,2023-08-18,C-037,Toby,Guardería,240.0,Transferencia,EMP-07,,1
DD-004285,2023-08-18,C-151,Rocky,Corte,270.0,Efectivo,EMP-01,cliente VIP,0
DD-004214,2023-08-18,C-109,Lobo,Guardería,210.0,Transferencia,EMP-05,traer vacunas,0
DD-004053,2023-08-18,C-020,Fifi,Corte,350.0,Efectivo,EMP-03,cliente frecuente,1
DD-004533,2023-08-18,C-297,Sasha,Baño,370.0,Efectivo,EMP-04,,0
DD-004398,2023-08-18,C-219,Nina,Guardería,210.0,Tarjeta,EMP-04,propina incluida,0
DD-004467,2023-08-19,C-259,Paloma,Corte,340.0,Tarjeta,EMP-03,requiere cita previa,0
DD-004222,2023-08-19,C-113,Lola,Hotel,440.0,Transferencia,EMP-06,,0
DD-004125,2023-08-19,C-054,Mia,Corte,270.0,Transferencia,EMP-05,,1
DD-004209,2023-08-19,C-107,Lobo,Corte,410.0,Tarjeta,EMP-05,,0
DD-004244,2023-08-19,C-127,Beto,Baño,360.0,Tarjeta,EMP-08,alérgico a champú,0
DD-004478,2023-08-19,C-262,Charlie,Corte,450.0,Tarjeta,EMP-08,,0
DD-004171,2023-08-19,C-081,Luna,Guardería,190.0,Efectivo,EMP-07,alérgico a champú,0
DD-004166,2023-08-19,C-078,Kira,Hotel,450.0,Transferencia,EMP-03,,1
DD-004052,2023-08-19,C-020,Fifi,Guardería,200.0,Tarjeta,EMP-05,,1
DD-004336,2023-08-19,C-182,Negro,Baño,340.0,Efectivo,EMP-02,primera visita,0
DD-004027,2023-08-19,C-007,Tito,Guardería,190.0,Efectivo,EMP-02,,1
DD-004267,2023-08-19,C-141,Maya,Hotel,450.0,Tarjeta,EMP-01,cliente VIP,0
DD-004247,2023-08-20,C-128,Chico,Corte,490.0,Tarjeta,EMP-03,,0
DD-004187,2023-08-20,C-089,Panda,Hotel,470.0,Tarjeta,EMP-07,,0
DD-004298,2023-08-20,C-157,Thor,Guardería,240.0,Transferencia,EMP-04,,0
DD-004094,2023-08-20,C-038,Buddy,Baño,270.0,Efectivo,EMP-08,,1
DD-004375,2023-08-20,C-207,Ringo,Guardería,190.0,Efectivo,EMP-06,traer vacunas,0
DD-004475,2023-08-20,C-261,Sultan,Guardería,220.0,Tarjeta,EMP-01,,0
DD-004340,2023-08-20,C-185,Toby,Baño,260.0,Tarjeta,EMP-03,perro agresivo,0
DD-004241,2023-08-20,C-125,Tigrillo,Corte,360.0,Tarjeta,EMP-07,,0
DD-004523,2023-08-20,C-290,Lola,Hotel,420.0,Tarjeta,EMP-03,cliente frecuente,0
DD-004480,2023-08-20,C-263,Nena,Hotel,460.0,Efectivo,EMP-04,primera visita,0
DD-004365,2023-08-20,C-200,Paloma,Guardería,240.0,Tarjeta,EMP-02,propina incluida,0
DD-004550,2023-08-20,C-306,Pepa,Corte,330.0,Efectivo,EMP-07,,0
DD-004032,2023-08-20,C-010,Maya,Baño,230.0,Tarjeta,EMP-02,propina incluida,1
DD-004147,2023-08-20,C-064,Bella,Guardería,240.0,Tarjeta,EMP-07,descuento aplicado,1
DD-004149,2023-08-21,C-068,Lola,Guardería,240.0,Transferencia,EMP-05,pago pendiente,1
DD-004397,2023-08-21,C-218,Mia,Guardería,150.0,Efectivo,EMP-05,,0
DD-004449,2023-08-21,C-250,Pepa,Corte,500.0,Efectivo,EMP-08,,0
DD-004412,2023-08-21,C-226,Chispa,Hotel,520.0,Efectivo,EMP-05,requiere cita previa,0
DD-004158,2023-08-21,C-073,Max,Adiestramiento,710.0,Tarjeta,EMP-02,,1
DD-004156,2023-08-21,C-073,Max,Baño,350.0,Tarjeta,EMP-05,primera visita,1
DD-004548,2023-08-21,C-306,Pepa,Guardería,250.0,Efectivo,EMP-05,,0
DD-004064,2023-08-21,C-027,Zeus,Hotel,440.0,Tarjeta,EMP-06,,1
DD-004484,2023-08-21,C-264,Sultan,Baño,400.0,Efectivo,EMP-02,descuento aplicado,0
DD-004520,2023-08-21,C-289,Kira,Guardería,190.0,Efectivo,EMP-02,primera visita,0
DD-004287,2023-08-21,C-153,Chato,Baño,230.0,Tarjeta,EMP-01,,0
DD-004503,2023-08-21,C-278,Estrella,Baño,400.0,Tarjeta,EMP-01,propina incluida,0
DD-004341,2023-08-21,C-185,Toby,Guardería,220.0,Efectivo,EMP-03,cliente VIP,0
DD-004146,2023-08-21,C-064,Bella,Baño,260.0,Transferencia,EMP-02,,1
DD-004061,2023-08-21,C-026,Mia,Baño,280.0,Tarjeta,EMP-08,primera visita,1
DD-004060,2023-08-21,C-025,Lola,Baño,420.0,Efectivo,EMP-05,cliente VIP,1
DD-004474,2023-08-21,C-261,Sultan,Corte,260.0,Tarjeta,EMP-01,descuento aplicado,0
DD-004189,2023-08-21,C-090,Coco,Guardería,180.0,Tarjeta,EMP-07,descuento aplicado,0
DD-004040,2023-08-21,C-012,Chispa,Adiestramiento,460.0,Efectivo,EMP-04,,1
DD-004142,2023-08-21,C-063,Estrella,Guardería,230.0,Tarjeta,EMP-05,alérgico a champú,1
DD-004468,2023-08-21,C-259,Paloma,Guardería,190.0,Efectivo,EMP-04,,0
DD-004556,2023-08-21,C-308,Nina,Baño,360.0,Tarjeta,EMP-02,perro agresivo,0
DD-004135,2023-08-21,C-059,Pepa,Corte,340.0,Tarjeta,EMP-07,,1
DD-004246,2023-08-22,C-127,Beto,Guardería,200.0,Efectivo,EMP-06,cliente frecuente,0
DD-004088,2023-08-22,C-036,Rex,Guardería,250.0,Efectivo,EMP-07,requiere cita previa,1
DD-004274,2023-08-22,C-147,Rex,Baño,390.0,Tarjeta,EMP-01,,0
DD-004537,2023-08-22,C-301,Gus,Guardería,200.0,Tarjeta,EMP-07,,0
DD-004203,2023-08-22,C-101,Fifi,Adiestramiento,690.0,Tarjeta,EMP-07,primera visita,0
DD-004260,2023-08-22,C-137,Sasha,Corte,270.0,Tarjeta,EMP-02,requiere cita previa,0
DD-004315,2023-08-22,C-168,Charlie,Corte,430.0,Tarjeta,EMP-05,requiere cita previa,0
DD-004197,2023-08-22,C-096,Chato,Baño,330.0,Tarjeta,EMP-01,,0
DD-004328,2023-08-22,C-178,Coco,Baño,300.0,Tarjeta,EMP-02,perro agresivo,0
DD-004289,2023-08-23,C-154,Nena,Corte,370.0,Tarjeta,EMP-03,cliente VIP,0
DD-004073,2023-08-23,C-029,Gus,Adiestramiento,750.0,Efectivo,EMP-02,,1
DD-004191,2023-08-23,C-093,Thor,Baño,340.0,Transferencia,EMP-06,requiere cita previa,0
DD-004190,2023-08-23,C-092,Rocky,Guardería,200.0,Efectivo,EMP-03,cliente VIP,0
DD-004028,2023-08-23,C-008,Boby,Guardería,230.0,Tarjeta,EMP-07,cliente frecuente,1
DD-004255,2023-08-23,C-133,Gus,Adiestramiento,490.0,Transferencia,EMP-03,descuento aplicado,0
DD-004082,2023-08-23,C-034,Gus,Baño,210.0,Efectivo,EMP-04,,1
DD-004551,2023-08-23,C-306,Pepa,Guardería,170.0,Tarjeta,EMP-07,pago pendiente,0
DD-004505,2023-08-24,C-281,Bear,Guardería,240.0,Efectivo,EMP-01,,0
DD-004464,2023-08-24,C-258,Lola,Baño,320.0,Tarjeta,EMP-01,cliente frecuente,0
DD-004507,2023-08-24,C-282,Rosa,Hotel,440.0,Transferencia,EMP-04,,0
DD-004105,2023-08-24,C-042,Nena,Guardería,170.0,Transferencia,EMP-08,propina incluida,1
DD-004462,2023-08-24,C-257,Canela,Guardería,160.0,Efectivo,EMP-01,cliente frecuente,0
DD-004154,2023-08-24,C-072,Chico,Baño,280.0,Efectivo,EMP-05,pago pendiente,1
DD-004110,2023-08-24,C-045,Thor,Baño,280.0,Efectivo,EMP-07,pago pendiente,1
DD-004268,2023-08-24,C-141,Maya,Hotel,450.0,Transferencia,EMP-01,primera visita,0
DD-004379,2023-08-24,C-208,Coco,Corte,320.0,Efectivo,EMP-05,,0
DD-004035,2023-08-24,C-010,Maya,Guardería,240.0,Efectivo,EMP-08,,1
DD-004403,2023-08-24,C-220,Sammy,Baño,410.0,Transferencia,EMP-02,primera visita,0
DD-004405,2023-08-24,C-223,Sasha,Baño,310.0,Efectivo,EMP-02,,0
DD-004270,2023-08-24,C-144,Rex,Hotel,420.0,Efectivo,EMP-08,,0
DD-004026,2023-08-24,C-007,Tito,Guardería,170.0,Efectivo,EMP-01,pago pendiente,1
DD-004023,2023-08-24,C-005,Canela,Guardería,240.0,Transferencia,EMP-05,,1
DD-004370,2023-08-24,C-202,Tigrillo,Adiestramiento,740.0,Transferencia,EMP-08,primera visita,0
DD-004394,2023-08-25,C-216,Bonita,Baño,280.0,Tarjeta,EMP-03,cliente VIP,0
DD-004423,2023-08-25,C-236,Frida,Guardería,170.0,Efectivo,EMP-07,pago pendiente,0
DD-004543,2023-08-25,C-303,Toby,Hotel,460.0,Tarjeta,EMP-01,,0
DD-004083,2023-08-25,C-034,Gus,Corte,280.0,Transferencia,EMP-07,,1
DD-004431,2023-08-25,C-240,Mia,Corte,360.0,Efectivo,EMP-06,alérgico a champú,0
DD-004332,2023-08-25,C-180,Buddy,Baño,270.0,Tarjeta,EMP-06,,0
DD-004434,2023-08-25,C-242,Sammy,Adiestramiento,600.0,Efectivo,EMP-06,alérgico a champú,0
DD-004218,2023-08-25,C-111,Thor,Corte,270.0,Efectivo,EMP-02,,0
DD-004383,2023-08-25,C-211,Lobo,Guardería,230.0,Tarjeta,EMP-01,pago pendiente,0
DD-004213,2023-08-25,C-109,Lobo,Baño,240.0,Tarjeta,EMP-07,alérgico a champú,0
DD-004227,2023-08-25,C-117,Daisy,Hotel,590.0,Tarjeta,EMP-03,primera visita,0
DD-004047,2023-08-25,C-018,Toby,Baño,310.0,Transferencia,EMP-02,,1
DD-004058,2023-08-25,C-023,Tito,Hotel,370.0,Tarjeta,EMP-03,,1
DD-004536,2023-08-25,C-301,Gus,Baño,280.0,Transferencia,EMP-03,pago pendiente,0
DD-004576,2023-08-25,C-319,Princesa,Guardería,250.0,Tarjeta,EMP-06,cliente VIP,0
DD-004282,2023-08-26,C-150,Duke,Baño,390.0,Tarjeta,EMP-03,alérgico a champú,0
DD-004124,2023-08-26,C-054,Mia,Hotel,360.0,Transferencia,EMP-02,,1
DD-004122,2023-08-26,C-052,Estrella,Guardería,170.0,Tarjeta,EMP-04,pago pendiente,1
DD-004428,2023-08-26,C-238,Max,Guardería,220.0,Efectivo,EMP-02,,0
DD-004113,2023-08-26,C-046,Chato,Guardería,150.0,Efectivo,EMP-07,cliente VIP,1
DD-004259,2023-08-26,C-136,Simba,Guardería,210.0,Efectivo,EMP-04,propina incluida,0
DD-004070,2023-08-26,C-028,Princesa,Guardería,240.0,Efectivo,EMP-07,cliente VIP,1
DD-004567,2023-08-26,C-315,Zeus,Adiestramiento,440.0,Efectivo,EMP-08,pago pendiente,0
DD-004097,2023-08-26,C-040,Manchas,Guardería,150.0,Tarjeta,EMP-07,alérgico a champú,1
DD-004490,2023-08-26,C-268,Nala,Guardería,160.0,Transferencia,EMP-05,,0
DD-004339,2023-08-26,C-184,Mia,Guardería,190.0,Tarjeta,EMP-03,alérgico a champú,0
DD-004276,2023-08-26,C-148,Lola,Hotel,560.0,Efectivo,EMP-07,,0
DD-004511,2023-08-26,C-285,Daisy,Corte,280.0,Transferencia,EMP-05,propina incluida,0
DD-004356,2023-08-26,C-193,Zeus,Adiestramiento,710.0,Tarjeta,EMP-08,propina incluida,0
DD-004424,2023-08-26,C-236,Frida,Guardería,240.0,Transferencia,EMP-07,propina incluida,0
DD-004252,2023-08-26,C-132,Blanca,Baño,410.0,Tarjeta,EMP-05,cliente VIP,0
DD-004414,2023-08-26,C-227,Maya,Baño,350.0,Tarjeta,EMP-03,,0
DD-004199,2023-08-26,C-099,Gordo,Hotel,440.0,Tarjeta,EMP-04,cliente frecuente,0
DD-004167,2023-08-26,C-079,Charlie,Baño,320.0,Tarjeta,EMP-05,perro agresivo,1
DD-004046,2023-08-26,C-018,Toby,Baño,420.0,Tarjeta,EMP-02,perro agresivo,1
DD-004549,2023-08-26,C-306,Pepa,Corte,320.0,Tarjeta,EMP-02,requiere cita previa,0
DD-004215,2023-08-26,C-110,Pancho,Baño,210.0,Tarjeta,EMP-05,,0
DD-004437,2023-08-26,C-243,Maya,Baño,320.0,Efectivo,EMP-07,,0
DD-004153,2023-08-26,C-072,Chico,Guardería,170.0,Efectivo,EMP-05,,1
DD-004221,2023-08-26,C-112,Princesa,Guardería,250.0,Efectivo,EMP-02,,0
DD-004048,2023-08-26,C-019,Canela,Hotel,490.0,Tarjeta,EMP-01,,1
DD-004145,2023-08-26,C-063,Estrella,Hotel,410.0,Efectivo,EMP-05,cliente VIP,1
DD-004321,2023-08-27,C-171,Bear,Corte,400.0,Efectivo,EMP-04,,0
DD-004224,2023-08-27,C-115,Charlie,Hotel,370.0,Efectivo,EMP-08,,0
DD-004173,2023-08-27,C-083,Duke,Guardería,230.0,Efectivo,EMP-01,,0
DD-004192,2023-08-27,C-094,Bear,Baño,270.0,Tarjeta,EMP-02,,0
DD-004086,2023-08-27,C-035,Pancho,Hotel,450.0,Efectivo,EMP-06,traer vacunas,1
DD-004087,2023-08-27,C-036,Rex,Guardería,150.0,Efectivo,EMP-08,,1
DD-004513,2023-08-27,C-286,Estrella,Baño,440.0,Efectivo,EMP-04,,0
DD-004433,2023-08-27,C-241,Canela,Guardería,210.0,Tarjeta,EMP-01,cliente frecuente,0
DD-004065,2023-08-27,C-027,Zeus,Adiestramiento,470.0,Transferencia,EMP-05,,1
DD-004272,2023-08-27,C-146,Ringo,Guardería,190.0,Tarjeta,EMP-03,cliente VIP,0
DD-004418,2023-08-27,C-231,Fifi,Corte,320.0,Tarjeta,EMP-05,,0
DD-004245,2023-08-27,C-127,Beto,Guardería,160.0,Tarjeta,EMP-08,requiere cita previa,0
DD-004569,2023-08-27,C-315,Zeus,Baño,290.0,Efectivo,EMP-08,alérgico a champú,0
DD-004363,2023-08-27,C-196,Nina,Adiestramiento,720.0,Efectivo,EMP-04,cliente VIP,0
DD-004416,2023-08-27,C-229,Bella,Guardería,170.0,Efectivo,EMP-08,alérgico a champú,0
DD-004419,2023-08-28,C-232,Thor,Guardería,160.0,Efectivo,EMP-06,,0
DD-004126,2023-08-28,C-054,Mia,Guardería,200.0,Tarjeta,EMP-06,primera visita,1
DD-004311,2023-08-28,C-164,Gus,Baño,350.0,Efectivo,EMP-05,pago pendiente,0
DD-004069,2023-08-28,C-028,Princesa,Guardería,180.0,Transferencia,EMP-03,propina incluida,1
DD-004034,2023-08-28,C-010,Maya,Baño,370.0,Tarjeta,EMP-08,perro agresivo,1
DD-004316,2023-08-28,C-169,Gordo,Baño,320.0,Transferencia,EMP-06,,0
DD-004072,2023-08-28,C-029,Gus,Guardería,190.0,Tarjeta,EMP-04,propina incluida,1
DD-004294,2023-08-28,C-155,Nala,Corte,450.0,Tarjeta,EMP-04,propina incluida,0
DD-004030,2023-08-28,C-010,Maya,Corte,440.0,Tarjeta,EMP-08,,1
DD-004022,2023-08-28,C-005,Canela,Corte,330.0,Efectivo,EMP-03,cliente VIP,1
DD-004385,2023-08-28,C-212,Negro,Baño,380.0,Efectivo,EMP-04,,0
DD-004286,2023-08-28,C-152,Rex,Adiestramiento,610.0,Tarjeta,EMP-06,perro agresivo,0
DD-004353,2023-08-28,C-191,Sammy,Guardería,160.0,Tarjeta,EMP-04,cliente VIP,0
DD-004352,2023-08-28,C-191,Sammy,Guardería,150.0,Tarjeta,EMP-03,requiere cita previa,0
DD-004049,2023-08-28,C-019,Canela,Guardería,160.0,Tarjeta,EMP-08,,1
DD-004408,2023-08-28,C-223,Sasha,Hotel,550.0,Tarjeta,EMP-01,,0
DD-004264,2023-08-28,C-140,Chispa,Baño,340.0,Efectivo,EMP-06,descuento aplicado,0
DD-004346,2023-08-28,C-187,Simba,Guardería,220.0,Efectivo,EMP-06,,0
DD-004488,2023-08-28,C-268,Nala,Guardería,230.0,Tarjeta,EMP-01,requiere cita previa,0
DD-004518,2023-08-28,C-288,Boby,Adiestramiento,480.0,Transferencia,EMP-07,,0
DD-004493,2023-08-28,C-274,Nena,Hotel,460.0,Efectivo,EMP-06,,0
DD-004504,2023-08-28,C-279,Coco,Baño,310.0,Tarjeta,EMP-07,cliente VIP,0
DD-004494,2023-08-28,C-274,Nena,Baño,350.0,Transferencia,EMP-01,,0
DD-004544,2023-08-29,C-303,Toby,Guardería,250.0,Efectivo,EMP-06,,0
DD-004056,2023-08-29,C-022,Sammy,Baño,320.0,Tarjeta,EMP-01,,1
DD-004307,2023-08-29,C-163,Rocky,Guardería,200.0,Efectivo,EMP-02,descuento aplicado,0
DD-004296,2023-08-29,C-156,Beto,Guardería,200.0,Tarjeta,EMP-06,propina incluida,0
DD-004169,2023-08-29,C-080,Luna,Adiestramiento,650.0,Efectivo,EMP-04,primera visita,1
DD-004440,2023-08-29,C-244,Coco,Baño,260.0,Efectivo,EMP-04,cliente frecuente,0
DD-004178,2023-08-29,C-085,Beto,Baño,370.0,Efectivo,EMP-02,,0
DD-004355,2023-08-29,C-192,Sammy,Guardería,230.0,Transferencia,EMP-05,perro agresivo,0
DD-004457,2023-08-29,C-254,Fifi,Corte,330.0,Efectivo,EMP-04,requiere cita previa,0
DD-004322,2023-08-29,C-172,Tito,Guardería,230.0,Tarjeta,EMP-06,primera visita,0
DD-004217,2023-08-29,C-111,Thor,Guardería,160.0,Tarjeta,EMP-04,traer vacunas,0
DD-004163,2023-08-29,C-075,Chato,Baño,300.0,Efectivo,EMP-03,propina incluida,1
DD-004445,2023-08-29,C-247,Rosa,Hotel,350.0,Efectivo,EMP-04,cliente VIP,0
DD-004387,2023-08-29,C-213,Pancho,Adiestramiento,620.0,Efectivo,EMP-07,propina incluida,0
DD-004242,2023-08-29,C-126,Manchas,Hotel,530.0,Transferencia,EMP-06,,0
DD-004238,2023-08-29,C-123,Ringo,Guardería,150.0,Transferencia,EMP-03,,0
DD-004116,2023-08-29,C-048,Buddy,Guardería,230.0,Efectivo,EMP-03,cliente VIP,1
DD-004256,2023-08-30,C-133,Gus,Baño,420.0,Transferencia,EMP-05,,0
DD-004359,2023-08-30,C-195,Rocky,Guardería,170.0,Efectivo,EMP-02,,0
DD-004362,2023-08-30,C-196,Nina,Guardería,220.0,Tarjeta,EMP-05,,0
DD-004366,2023-08-30,C-200,Paloma,Guardería,210.0,Efectivo,EMP-01,cliente frecuente,0
DD-004435,2023-08-30,C-242,Sammy,Guardería,160.0,Tarjeta,EMP-05,,0
DD-004039,2023-08-30,C-012,Chispa,Guardería,170.0,Efectivo,EMP-04,,1
DD-004560,2023-08-30,C-310,Paloma,Baño,430.0,Efectivo,EMP-07,primera visita,0
DD-004025,2023-08-30,C-007,Tito,Guardería,220.0,Tarjeta,EMP-02,,1
DD-004325,2023-08-30,C-176,Estrella,Corte,470.0,Tarjeta,EMP-02,,0
DD-004107,2023-08-30,C-043,Luna,Hotel,460.0,Tarjeta,EMP-02,,1
DD-004155,2023-08-30,C-072,Chico,Guardería,160.0,Efectivo,EMP-07,perro agresivo,1
DD-004452,2023-08-30,C-252,Kira,Adiestramiento,480.0,Transferencia,EMP-01,primera visita,0
DD-004485,2023-08-30,C-264,Sultan,Corte,490.0,Efectivo,EMP-02,traer vacunas,0
DD-004071,2023-08-30,C-028,Princesa,Hotel,380.0,Tarjeta,EMP-07,descuento aplicado,1
DD-004534,2023-08-30,C-299,Negro,Guardería,220.0,Tarjeta,EMP-01,propina incluida,0
DD-004559,2023-08-30,C-310,Paloma,Guardería,160.0,Tarjeta,EMP-06,traer vacunas,0
DD-004019,2023-08-30,C-003,Bella,Guardería,240.0,Tarjeta,EMP-06,cliente frecuente,1
DD-004527,2023-08-30,C-294,Rex,Baño,380.0,Tarjeta,EMP-07,perro agresivo,0
DD-004306,2023-08-30,C-161,Chispa,Corte,380.0,Tarjeta,EMP-06,cliente frecuente,0
DD-004309,2023-08-31,C-163,Rocky,Guardería,230.0,Efectivo,EMP-07,pago pendiente,0
DD-004020,2023-08-31,C-003,Bella,Guardería,240.0,Efectivo,EMP-06,,1
DD-004348,2023-08-31,C-189,Zeus,Guardería,180.0,Tarjeta,EMP-02,,0
DD-004266,2023-08-31,C-140,Chispa,Baño,410.0,Transferencia,EMP-03,,0
DD-004271,2023-08-31,C-145,Lola,Baño,420.0,Tarjeta,EMP-07,,0
DD-004350,2023-08-31,C-190,Beto,Guardería,220.0,Efectivo,EMP-04,,0
DD-004281,2023-08-31,C-150,Duke,Guardería,160.0,Transferencia,EMP-05,,0
DD-004078,2023-08-31,C-033,Max,Baño,350.0,Transferencia,EMP-01,perro agresivo,1
DD-004376,2023-08-31,C-207,Ringo,Hotel,530.0,Tarjeta,EMP-03,,0
DD-004109,2023-08-31,C-044,Tigrillo,Guardería,220.0,Transferencia,EMP-08,,1
DD-004525,2023-08-31,C-292,Chico,Corte,360.0,Efectivo,EMP-01,cliente frecuente,0
DD-004526,2023-08-31,C-294,Rex,Hotel,550.0,Efectivo,EMP-08,pago pendiente,0
DD-004121,2023-08-31,C-052,Estrella,Baño,380.0,Tarjeta,EMP-06,,1
DD-004057,2023-08-31,C-023,Tito,Corte,280.0,Tarjeta,EMP-05,alérgico a champú,1
DD-004463,2023-08-31,C-258,Lola,Guardería,190.0,Efectivo,EMP-05,primera visita,0
DD-004538,2023-08-31,C-301,Gus,Corte,340.0,Tarjeta,EMP-08,,0
DD-004540,2023-08-31,C-302,Fifi,Hotel,450.0,Tarjeta,EMP-05,,0
DD-004448,2023-08-31,C-249,Kira,Hotel,580.0,Tarjeta,EMP-05,,0
DD-004195,2023-08-31,C-095,Nala,Baño,240.0,Tarjeta,EMP-03,pago pendiente,0
DD-004410,2023-08-31,C-225,Simba,Guardería,240.0,Efectivo,EMP-03,,0
DD-004205,2023-08-31,C-103,Panda,Guardería,200.0,Tarjeta,EMP-06,descuento aplicado,0
DD-004402,2023-08-31,C-220,Sammy,Baño,420.0,Efectivo,EMP-05,,0
DD-004553,2023-08-31,C-308,Nina,Guardería,170.0,Efectivo,EMP-05,,0
DD-004554,2023-08-31,C-308,Nina,Baño,450.0,Efectivo,EMP-05,perro agresivo,0
DD-004228,2023-08-31,C-117,Daisy,Guardería,170.0,Tarjeta,EMP-01,,0
DD-004175,2023-08-31,C-083,Duke,Guardería,190.0,Efectivo,EMP-06,cliente VIP,0
DD-004619,2023-09-01,C-025,Lola,Hotel,520.0,Efectivo,EMP-02,,1
DD-004929,2023-09-01,C-204,Nala,Corte,440.0,Tarjeta,EMP-06,,0
DD-004920,2023-09-01,C-198,Chato,Guardería,150.0,Efectivo,EMP-07,alérgico a champú,0
DD-004907,2023-09-01,C-191,Sammy,Adiestramiento,720.0,Efectivo,EMP-06,,0
DD-004612,2023-09-01,C-021,Rocky,Baño,260.0,Tarjeta,EMP-05,,1
DD-004857,2023-09-01,C-160,Boby,Guardería,190.0,Tarjeta,EMP-07,,0
DD-004685,2023-09-01,C-059,Pepa,Guardería,160.0,Tarjeta,EMP-07,alérgico a champú,1
DD-004824,2023-09-01,C-143,Rex,Hotel,570.0,Tarjeta,EMP-03,,0
DD-004813,2023-09-01,C-134,Luna,Guardería,190.0,Efectivo,EMP-01,propina incluida,0
DD-004734,2023-09-01,C-088,Simba,Guardería,200.0,Transferencia,EMP-08,primera visita,0
DD-004695,2023-09-01,C-063,Estrella,Baño,430.0,Tarjeta,EMP-08,perro agresivo,1
DD-004984,2023-09-01,C-236,Frida,Guardería,220.0,Efectivo,EMP-02,cliente frecuente,0
DD-004682,2023-09-01,C-058,Gordo,Hotel,410.0,Efectivo,EMP-07,pago pendiente,1
DD-004853,2023-09-01,C-156,Beto,Baño,380.0,Tarjeta,EMP-06,requiere cita previa,0
DD-004986,2023-09-01,C-237,Tito,Corte,460.0,Efectivo,EMP-08,primera visita,0
DD-005040,2023-09-01,C-271,Pancho,Guardería,230.0,Tarjeta,EMP-04,,0
DD-005103,2023-09-01,C-315,Zeus,Guardería,200.0,Efectivo,EMP-03,propina incluida,0
DD-005073,2023-09-01,C-292,Chico,Baño,300.0,Tarjeta,EMP-03,cliente VIP,0
DD-005065,2023-09-01,C-287,Maya,Corte,460.0,Efectivo,EMP-05,traer vacunas,0
DD-004591,2023-09-01,C-007,Tito,Baño,230.0,Tarjeta,EMP-06,,1
DD-004672,2023-09-01,C-052,Estrella,Guardería,150.0,Tarjeta,EMP-04,,1
DD-005101,2023-09-01,C-314,Blanca,Hotel,450.0,Efectivo,EMP-01,,0
DD-004590,2023-09-01,C-006,Thor,Baño,270.0,Tarjeta,EMP-01,propina incluida,1
DD-004627,2023-09-02,C-029,Gus,Baño,350.0,Transferencia,EMP-01,descuento aplicado,1
DD-004817,2023-09-02,C-136,Simba,Corte,370.0,Efectivo,EMP-03,,0
DD-004879,2023-09-02,C-171,Bear,Guardería,210.0,Tarjeta,EMP-08,traer vacunas,0
DD-004881,2023-09-02,C-171,Bear,Adiestramiento,460.0,Tarjeta,EMP-02,,0
DD-004812,2023-09-02,C-133,Gus,Baño,430.0,Tarjeta,EMP-07,requiere cita previa,0
DD-004633,2023-09-02,C-034,Gus,Baño,380.0,Tarjeta,EMP-04,propina incluida,1
DD-004889,2023-09-02,C-177,Princesa,Corte,400.0,Efectivo,EMP-01,perro agresivo,0
DD-004854,2023-09-02,C-156,Beto,Guardería,220.0,Tarjeta,EMP-01,,0
DD-004798,2023-09-02,C-128,Chico,Baño,200.0,Transferencia,EMP-04,cliente VIP,0
DD-004912,2023-09-02,C-195,Rocky,Guardería,200.0,Tarjeta,EMP-05,traer vacunas,0
DD-005023,2023-09-02,C-262,Charlie,Corte,390.0,Tarjeta,EMP-02,,0
DD-004959,2023-09-02,C-219,Nina,Baño,280.0,Tarjeta,EMP-02,perro agresivo,0
DD-004796,2023-09-02,C-128,Chico,Guardería,150.0,Efectivo,EMP-07,cliente frecuente,0
DD-004766,2023-09-02,C-113,Lola,Guardería,200.0,Tarjeta,EMP-02,,0
DD-004753,2023-09-02,C-105,Tito,Guardería,170.0,Tarjeta,EMP-03,,0
DD-004985,2023-09-02,C-237,Tito,Guardería,180.0,Efectivo,EMP-02,pago pendiente,0
DD-005050,2023-09-02,C-280,Nena,Guardería,180.0,Tarjeta,EMP-02,,0
DD-004746,2023-09-03,C-099,Gordo,Corte,280.0,Efectivo,EMP-06,,0
DD-004634,2023-09-03,C-034,Gus,Baño,290.0,Transferencia,EMP-02,cliente frecuente,1
DD-004792,2023-09-03,C-127,Beto,Guardería,180.0,Efectivo,EMP-05,propina incluida,0
DD-004641,2023-09-03,C-038,Buddy,Adiestramiento,560.0,Transferencia,EMP-02,requiere cita previa,1
DD-004625,2023-09-03,C-027,Zeus,Guardería,240.0,Tarjeta,EMP-04,,1
DD-004587,2023-09-03,C-005,Canela,Corte,500.0,Efectivo,EMP-05,traer vacunas,1
DD-005041,2023-09-03,C-271,Pancho,Adiestramiento,710.0,Tarjeta,EMP-03,primera visita,0
DD-005021,2023-09-03,C-261,Sultan,Baño,310.0,Efectivo,EMP-07,,0
DD-004982,2023-09-03,C-235,Blanca,Baño,410.0,Tarjeta,EMP-02,,0
DD-004969,2023-09-03,C-228,Sasha,Guardería,210.0,Tarjeta,EMP-04,pago pendiente,0
DD-004966,2023-09-03,C-226,Chispa,Baño,420.0,Transferencia,EMP-08,,0
DD-004908,2023-09-03,C-192,Sammy,Hotel,520.0,Efectivo,EMP-01,,0
DD-004891,2023-09-03,C-178,Coco,Guardería,160.0,Tarjeta,EMP-03,propina incluida,0
DD-004728,2023-09-03,C-085,Beto,Hotel,520.0,Efectivo,EMP-07,,0
DD-005032,2023-09-03,C-265,Duke,Hotel,460.0,Tarjeta,EMP-06,,0
DD-004709,2023-09-03,C-073,Max,Corte,450.0,Efectivo,EMP-08,descuento aplicado,1
DD-004617,2023-09-03,C-025,Lola,Corte,360.0,Tarjeta,EMP-06,,1
DD-004877,2023-09-03,C-168,Charlie,Corte,380.0,Tarjeta,EMP-05,,0
DD-004886,2023-09-03,C-175,Panda,Guardería,250.0,Efectivo,EMP-07,cliente VIP,0
DD-004750,2023-09-03,C-103,Panda,Guardería,220.0,Efectivo,EMP-02,traer vacunas,0
DD-005081,2023-09-04,C-297,Sasha,Baño,210.0,Efectivo,EMP-01,,0
DD-004733,2023-09-04,C-088,Simba,Guardería,160.0,Efectivo,EMP-04,alérgico a champú,0
DD-004720,2023-09-04,C-079,Charlie,Hotel,510.0,Tarjeta,EMP-03,pago pendiente,1
DD-004679,2023-09-04,C-057,Bella,Guardería,190.0,Efectivo,EMP-02,perro agresivo,1
DD-004995,2023-09-04,C-241,Canela,Baño,200.0,Efectivo,EMP-02,traer vacunas,0
DD-005055,2023-09-04,C-281,Bear,Guardería,220.0,Tarjeta,EMP-04,,0
DD-004852,2023-09-04,C-155,Nala,Guardería,200.0,Tarjeta,EMP-06,,0
DD-004996,2023-09-04,C-242,Sammy,Adiestramiento,760.0,Tarjeta,EMP-06,,0
DD-004876,2023-09-04,C-168,Charlie,Guardería,180.0,Efectivo,EMP-08,perro agresivo,0
DD-004882,2023-09-04,C-171,Bear,Baño,340.0,Transferencia,EMP-01,,0
DD-004887,2023-09-04,C-176,Estrella,Baño,250.0,Efectivo,EMP-03,,0
DD-004903,2023-09-04,C-187,Simba,Guardería,180.0,Tarjeta,EMP-03,descuento aplicado,0
DD-004915,2023-09-04,C-196,Nina,Guardería,220.0,Efectivo,EMP-03,,0
DD-004997,2023-09-04,C-242,Sammy,Baño,230.0,Tarjeta,EMP-06,requiere cita previa,0
DD-004810,2023-09-04,C-133,Gus,Guardería,240.0,Tarjeta,EMP-03,requiere cita previa,0
DD-004671,2023-09-04,C-052,Estrella,Adiestramiento,470.0,Tarjeta,EMP-08,cliente VIP,1
DD-004752,2023-09-04,C-104,Rosa,Guardería,180.0,Tarjeta,EMP-03,,0
DD-004586,2023-09-04,C-004,Paloma,Guardería,150.0,Tarjeta,EMP-03,,1
DD-004926,2023-09-05,C-200,Paloma,Guardería,160.0,Tarjeta,EMP-03,,0
DD-004849,2023-09-05,C-154,Nena,Baño,350.0,Efectivo,EMP-02,alérgico a champú,0
DD-004848,2023-09-05,C-153,Chato,Guardería,160.0,Tarjeta,EMP-05,,0
DD-004838,2023-09-05,C-149,Toby,Guardería,240.0,Efectivo,EMP-01,perro agresivo,0
DD-004834,2023-09-05,C-147,Rex,Baño,290.0,Tarjeta,EMP-03,,0
DD-004621,2023-09-05,C-026,Mia,Baño,420.0,Efectivo,EMP-04,,1
DD-005027,2023-09-05,C-265,Duke,Adiestramiento,480.0,Efectivo,EMP-08,,0
DD-004858,2023-09-05,C-160,Boby,Guardería,220.0,Transferencia,EMP-01,,0
DD-005037,2023-09-05,C-270,Luna,Baño,370.0,Efectivo,EMP-01,,0
DD-005039,2023-09-05,C-271,Pancho,Guardería,220.0,Tarjeta,EMP-02,perro agresivo,0
DD-004674,2023-09-05,C-054,Mia,Guardería,200.0,Transferencia,EMP-08,requiere cita previa,1
DD-004787,2023-09-05,C-123,Ringo,Guardería,170.0,Tarjeta,EMP-04,pago pendiente,0
DD-004585,2023-09-05,C-002,Mia,Guardería,210.0,Tarjeta,EMP-07,,1
DD-005056,2023-09-05,C-282,Rosa,Hotel,520.0,Tarjeta,EMP-02,,0
DD-004659,2023-09-05,C-047,Gus,Hotel,440.0,Tarjeta,EMP-01,alérgico a champú,1
DD-005064,2023-09-05,C-287,Maya,Baño,430.0,Efectivo,EMP-06,pago pendiente,0
DD-004923,2023-09-06,C-199,Pepa,Guardería,200.0,Efectivo,EMP-07,,0
DD-004628,2023-09-06,C-029,Gus,Guardería,180.0,Efectivo,EMP-01,,1
DD-004851,2023-09-06,C-154,Nena,Baño,360.0,Tarjeta,EMP-03,,0
DD-004692,2023-09-06,C-063,Estrella,Hotel,460.0,Efectivo,EMP-07,,1
DD-004994,2023-09-06,C-239,Pancho,Guardería,230.0,Tarjeta,EMP-01,traer vacunas,0
DD-004594,2023-09-06,C-009,Rosa,Guardería,250.0,Transferencia,EMP-05,,1
DD-004708,2023-09-06,C-072,Chico,Adiestramiento,450.0,Efectivo,EMP-05,,1
DD-005088,2023-09-06,C-304,Buddy,Corte,390.0,Efectivo,EMP-02,,0
DD-004656,2023-09-06,C-044,Tigrillo,Adiestramiento,580.0,Tarjeta,EMP-06,,1
DD-004610,2023-09-06,C-021,Rocky,Guardería,170.0,Transferencia,EMP-03,requiere cita previa,1
DD-005093,2023-09-06,C-306,Pepa,Baño,320.0,Tarjeta,EMP-02,,0
DD-004647,2023-09-06,C-041,Tigrillo,Guardería,210.0,Tarjeta,EMP-02,alérgico a champú,1
DD-004776,2023-09-06,C-117,Daisy,Guardería,160.0,Efectivo,EMP-07,primera visita,0
DD-005035,2023-09-06,C-267,Daisy,Guardería,220.0,Efectivo,EMP-08,requiere cita previa,0
DD-005047,2023-09-06,C-276,Charlie,Guardería,220.0,Efectivo,EMP-07,traer vacunas,0
DD-004730,2023-09-06,C-087,Sasha,Guardería,190.0,Efectivo,EMP-04,propina incluida,0
DD-004867,2023-09-06,C-164,Gus,Corte,480.0,Tarjeta,EMP-07,,0
DD-004620,2023-09-07,C-025,Lola,Baño,250.0,Efectivo,EMP-08,,1
DD-004819,2023-09-07,C-137,Sasha,Adiestramiento,770.0,Efectivo,EMP-02,,0
DD-004830,2023-09-07,C-145,Lola,Baño,330.0,Efectivo,EMP-02,traer vacunas,0
DD-004829,2023-09-07,C-144,Rex,Guardería,170.0,Efectivo,EMP-06,,0
DD-004632,2023-09-07,C-034,Gus,Adiestramiento,580.0,Efectivo,EMP-04,,1
DD-004775,2023-09-07,C-117,Daisy,Hotel,540.0,Tarjeta,EMP-08,alérgico a champú,0
DD-004770,2023-09-07,C-114,Rocky,Corte,280.0,Efectivo,EMP-03,alérgico a champú,0
DD-004740,2023-09-07,C-094,Bear,Corte,390.0,Efectivo,EMP-04,alérgico a champú,0
DD-004841,2023-09-07,C-150,Duke,Guardería,200.0,Efectivo,EMP-04,,0
DD-004704,2023-09-07,C-070,Buddy,Baño,200.0,Efectivo,EMP-05,primera visita,1
DD-004699,2023-09-07,C-068,Lola,Guardería,220.0,Efectivo,EMP-05,primera visita,1
DD-004754,2023-09-07,C-106,Charlie,Guardería,200.0,Transferencia,EMP-02,primera visita,0
DD-004964,2023-09-07,C-224,Zeus,Baño,230.0,Tarjeta,EMP-01,cliente VIP,0
DD-005004,2023-09-07,C-244,Coco,Guardería,240.0,Tarjeta,EMP-05,perro agresivo,0
DD-005005,2023-09-07,C-244,Coco,Corte,500.0,Tarjeta,EMP-03,propina incluida,0
DD-005012,2023-09-07,C-251,Blanca,Adiestramiento,660.0,Tarjeta,EMP-01,,0
DD-005042,2023-09-07,C-271,Pancho,Adiestramiento,490.0,Tarjeta,EMP-03,,0
DD-005058,2023-09-07,C-283,Princesa,Baño,370.0,Tarjeta,EMP-01,perro agresivo,0
DD-004698,2023-09-07,C-068,Lola,Guardería,220.0,Efectivo,EMP-05,,1
DD-004811,2023-09-08,C-133,Gus,Adiestramiento,400.0,Tarjeta,EMP-02,primera visita,0
DD-005043,2023-09-08,C-272,Boby,Baño,360.0,Tarjeta,EMP-08,descuento aplicado,0
DD-004917,2023-09-08,C-196,Nina,Guardería,210.0,Tarjeta,EMP-01,traer vacunas,0
DD-005025,2023-09-08,C-264,Sultan,Baño,230.0,Tarjeta,EMP-05,pago pendiente,0
DD-004631,2023-09-08,C-033,Max,Guardería,190.0,Tarjeta,EMP-06,cliente VIP,1
DD-005045,2023-09-08,C-273,Nena,Baño,310.0,Efectivo,EMP-05,propina incluida,0
DD-005060,2023-09-08,C-284,Duke,Hotel,580.0,Tarjeta,EMP-02,propina incluida,0
DD-004765,2023-09-08,C-112,Princesa,Adiestramiento,750.0,Tarjeta,EMP-02,,0
DD-004652,2023-09-08,C-043,Luna,Adiestramiento,420.0,Transferencia,EMP-06,,1
DD-004581,2023-09-08,C-001,Lobo,Baño,300.0,Transferencia,EMP-07,,1
DD-004978,2023-09-08,C-233,Manchas,Corte,270.0,Tarjeta,EMP-01,,0
DD-004970,2023-09-08,C-228,Sasha,Guardería,200.0,Tarjeta,EMP-02,cliente VIP,0
DD-004963,2023-09-08,C-221,Beto,Guardería,250.0,Efectivo,EMP-04,descuento aplicado,0
DD-004860,2023-09-08,C-162,Kira,Hotel,430.0,Transferencia,EMP-07,,0
DD-004957,2023-09-08,C-219,Nina,Guardería,170.0,Efectivo,EMP-01,alérgico a champú,0
DD-004703,2023-09-08,C-070,Buddy,Hotel,540.0,Transferencia,EMP-02,,1
DD-004700,2023-09-08,C-069,Paloma,Guardería,210.0,Transferencia,EMP-02,cliente VIP,1
DD-004931,2023-09-08,C-204,Nala,Hotel,550.0,Efectivo,EMP-04,pago pendiente,0
DD-004598,2023-09-08,C-013,Coco,Baño,270.0,Efectivo,EMP-01,,1
DD-004756,2023-09-08,C-108,Sasha,Hotel,540.0,Transferencia,EMP-02,,0
DD-004990,2023-09-09,C-238,Max,Guardería,150.0,Transferencia,EMP-06,,0
DD-005069,2023-09-09,C-290,Lola,Corte,440.0,Tarjeta,EMP-03,,0
DD-005068,2023-09-09,C-290,Lola,Guardería,190.0,Tarjeta,EMP-05,pago pendiente,0
DD-004608,2023-09-09,C-018,Toby,Baño,410.0,Tarjeta,EMP-02,,1
DD-004918,2023-09-09,C-197,Mia,Corte,490.0,Tarjeta,EMP-07,propina incluida,0
DD-004800,2023-09-09,C-129,Tigrillo,Baño,410.0,Efectivo,EMP-03,cliente VIP,0
DD-004635,2023-09-09,C-035,Pancho,Guardería,220.0,Tarjeta,EMP-05,cliente VIP,1
DD-004622,2023-09-09,C-026,Mia,Hotel,490.0,Tarjeta,EMP-06,alérgico a champú,1
DD-004873,2023-09-09,C-166,Boby,Guardería,230.0,Efectivo,EMP-02,perro agresivo,0
DD-005090,2023-09-09,C-305,Paloma,Corte,280.0,Tarjeta,EMP-05,,0
DD-004593,2023-09-09,C-008,Boby,Baño,240.0,Tarjeta,EMP-04,,1
DD-004790,2023-09-09,C-126,Manchas,Baño,320.0,Tarjeta,EMP-03,,0
DD-004910,2023-09-09,C-193,Zeus,Guardería,180.0,Tarjeta,EMP-01,,0
DD-004868,2023-09-09,C-165,Frida,Baño,290.0,Transferencia,EMP-06,,0
DD-004655,2023-09-09,C-043,Luna,Baño,410.0,Efectivo,EMP-05,,1
DD-004731,2023-09-09,C-087,Sasha,Guardería,240.0,Efectivo,EMP-07,descuento aplicado,0
DD-004667,2023-09-09,C-050,Max,Baño,380.0,Efectivo,EMP-07,requiere cita previa,1
DD-005102,2023-09-09,C-315,Zeus,Hotel,400.0,Transferencia,EMP-01,pago pendiente,0
DD-004661,2023-09-09,C-048,Buddy,Baño,280.0,Efectivo,EMP-04,traer vacunas,1
DD-004968,2023-09-10,C-228,Sasha,Guardería,230.0,Efectivo,EMP-01,,0
DD-004693,2023-09-10,C-063,Estrella,Hotel,560.0,Transferencia,EMP-01,primera visita,1
DD-004836,2023-09-10,C-148,Lola,Guardería,180.0,Transferencia,EMP-06,requiere cita previa,0
DD-004660,2023-09-10,C-047,Gus,Guardería,200.0,Tarjeta,EMP-01,,1
DD-004921,2023-09-10,C-198,Chato,Guardería,160.0,Transferencia,EMP-05,,0
DD-004919,2023-09-10,C-198,Chato,Guardería,160.0,Transferencia,EMP-06,pago pendiente,0
DD-004683,2023-09-10,C-059,Pepa,Hotel,360.0,Efectivo,EMP-02,,1
DD-004697,2023-09-10,C-066,Rocky,Guardería,230.0,Tarjeta,EMP-07,cliente VIP,1
DD-004600,2023-09-10,C-014,Nena,Corte,450.0,Tarjeta,EMP-05,cliente VIP,1
DD-005033,2023-09-10,C-265,Duke,Guardería,220.0,Efectivo,EMP-01,,0
DD-005016,2023-09-10,C-253,Luna,Baño,440.0,Tarjeta,EMP-04,,0
DD-004807,2023-09-10,C-132,Blanca,Guardería,200.0,Efectivo,EMP-08,,0
DD-004676,2023-09-10,C-055,Bear,Corte,280.0,Tarjeta,EMP-06,cliente frecuente,1
DD-004906,2023-09-10,C-190,Beto,Guardería,240.0,Tarjeta,EMP-03,,0
DD-004592,2023-09-10,C-007,Tito,Guardería,210.0,Transferencia,EMP-03,descuento aplicado,1
DD-005086,2023-09-10,C-301,Gus,Baño,380.0,Efectivo,EMP-05,cliente VIP,0
DD-004684,2023-09-10,C-059,Pepa,Baño,380.0,Transferencia,EMP-07,cliente frecuente,1
DD-005031,2023-09-10,C-265,Duke,Guardería,160.0,Efectivo,EMP-08,,0
DD-004623,2023-09-10,C-027,Zeus,Corte,450.0,Efectivo,EMP-01,requiere cita previa,1
DD-005009,2023-09-10,C-249,Kira,Guardería,190.0,Tarjeta,EMP-02,,0
DD-004643,2023-09-10,C-039,Tigrillo,Baño,300.0,Tarjeta,EMP-08,propina incluida,1
DD-005074,2023-09-10,C-292,Chico,Hotel,500.0,Efectivo,EMP-06,,0
DD-005008,2023-09-10,C-248,Thor,Guardería,200.0,Transferencia,EMP-01,descuento aplicado,0
DD-004847,2023-09-10,C-152,Rex,Corte,320.0,Efectivo,EMP-08,,0
DD-004772,2023-09-11,C-115,Charlie,Guardería,160.0,Tarjeta,EMP-03,,0
DD-004916,2023-09-11,C-196,Nina,Hotel,530.0,Efectivo,EMP-01,,0
DD-004645,2023-09-11,C-039,Tigrillo,Guardería,200.0,Efectivo,EMP-01,descuento aplicado,1
DD-004629,2023-09-11,C-029,Gus,Baño,320.0,Efectivo,EMP-02,primera visita,1
DD-004956,2023-09-11,C-219,Nina,Adiestramiento,620.0,Efectivo,EMP-04,cliente frecuente,0
DD-004899,2023-09-11,C-187,Simba,Hotel,400.0,Efectivo,EMP-05,,0
DD-004833,2023-09-11,C-147,Rex,Baño,310.0,Tarjeta,EMP-01,propina incluida,0
DD-004666,2023-09-11,C-050,Max,Baño,450.0,Efectivo,EMP-05,,1
DD-005072,2023-09-11,C-291,Blanca,Guardería,190.0,Tarjeta,EMP-07,,0
DD-004718,2023-09-11,C-077,Kira,Baño,440.0,Tarjeta,EMP-04,cliente frecuente,1
DD-004604,2023-09-11,C-015,Panda,Guardería,170.0,Tarjeta,EMP-07,descuento aplicado,1
DD-005036,2023-09-11,C-268,Nala,Guardería,190.0,Efectivo,EMP-07,,0
DD-004839,2023-09-11,C-150,Duke,Guardería,200.0,Tarjeta,EMP-08,,0
DD-005002,2023-09-11,C-244,Coco,Guardería,180.0,Tarjeta,EMP-05,traer vacunas,0
DD-004930,2023-09-11,C-204,Nala,Adiestramiento,490.0,Tarjeta,EMP-02,descuento aplicado,0
DD-004993,2023-09-11,C-239,Pancho,Guardería,160.0,Tarjeta,EMP-08,,0
DD-004616,2023-09-11,C-024,Sultan,Baño,400.0,Transferencia,EMP-07,,1
DD-004855,2023-09-12,C-158,Negro,Hotel,400.0,Tarjeta,EMP-02,cliente frecuente,0
DD-004893,2023-09-12,C-179,Nina,Guardería,200.0,Tarjeta,EMP-01,,0
DD-004977,2023-09-12,C-232,Thor,Hotel,490.0,Tarjeta,EMP-05,traer vacunas,0
DD-005010,2023-09-12,C-249,Kira,Guardería,170.0,Efectivo,EMP-06,,0
DD-004816,2023-09-12,C-136,Simba,Guardería,220.0,Transferencia,EMP-04,primera visita,0
DD-004640,2023-09-12,C-038,Buddy,Baño,410.0,Efectivo,EMP-06,cliente VIP,1
DD-004771,2023-09-12,C-115,Charlie,Guardería,180.0,Efectivo,EMP-02,,0
DD-004975,2023-09-12,C-230,Chico,Guardería,200.0,Efectivo,EMP-03,,0
DD-005015,2023-09-12,C-252,Kira,Guardería,160.0,Efectivo,EMP-02,,0
DD-004875,2023-09-12,C-167,Coco,Corte,480.0,Transferencia,EMP-02,cliente VIP,0
DD-004793,2023-09-12,C-127,Beto,Baño,240.0,Tarjeta,EMP-02,,0
DD-005110,2023-09-12,C-319,Princesa,Guardería,180.0,Tarjeta,EMP-01,primera visita,0
DD-005017,2023-09-12,C-255,Frida,Hotel,530.0,Tarjeta,EMP-07,perro agresivo,0
DD-004941,2023-09-12,C-211,Lobo,Guardería,150.0,Efectivo,EMP-01,descuento aplicado,0
DD-004711,2023-09-12,C-074,Fifi,Baño,320.0,Transferencia,EMP-06,,1
DD-004712,2023-09-12,C-075,Chato,Corte,440.0,Efectivo,EMP-01,alérgico a champú,1
DD-004953,2023-09-12,C-218,Mia,Guardería,200.0,Efectivo,EMP-07,requiere cita previa,0
DD-004981,2023-09-12,C-234,Toby,Corte,490.0,Tarjeta,EMP-02,,0
DD-004778,2023-09-12,C-118,Bonita,Hotel,510.0,Efectivo,EMP-04,,0
DD-004815,2023-09-13,C-135,Bella,Guardería,200.0,Efectivo,EMP-01,primera visita,0
DD-005020,2023-09-13,C-261,Sultan,Corte,280.0,Tarjeta,EMP-05,pago pendiente,0
DD-005028,2023-09-13,C-265,Duke,Adiestramiento,420.0,Transferencia,EMP-05,,0
DD-005046,2023-09-13,C-275,Lobo,Hotel,600.0,Tarjeta,EMP-05,,0
DD-004821,2023-09-13,C-138,Bear,Guardería,240.0,Efectivo,EMP-08,,0
DD-004845,2023-09-13,C-152,Rex,Guardería,170.0,Efectivo,EMP-07,,0
DD-004706,2023-09-13,C-070,Buddy,Guardería,200.0,Efectivo,EMP-02,,1
DD-004745,2023-09-13,C-099,Gordo,Guardería,170.0,Tarjeta,EMP-06,perro agresivo,0
DD-004942,2023-09-13,C-211,Lobo,Baño,450.0,Efectivo,EMP-01,,0
DD-005075,2023-09-13,C-292,Chico,Baño,260.0,Efectivo,EMP-05,perro agresivo,0
DD-004759,2023-09-13,C-109,Lobo,Guardería,200.0,Tarjeta,EMP-06,,0
DD-004932,2023-09-13,C-205,Pepa,Baño,210.0,Tarjeta,EMP-06,cliente VIP,0
DD-004769,2023-09-13,C-114,Rocky,Guardería,220.0,Efectivo,EMP-02,requiere cita previa,0
DD-005097,2023-09-13,C-307,Daisy,Baño,280.0,Tarjeta,EMP-07,alérgico a champú,0
DD-005084,2023-09-13,C-298,Ringo,Corte,280.0,Tarjeta,EMP-06,,0
DD-005104,2023-09-13,C-315,Zeus,Corte,340.0,Efectivo,EMP-03,propina incluida,0
DD-005091,2023-09-13,C-306,Pepa,Corte,440.0,Tarjeta,EMP-08,,0
DD-005107,2023-09-14,C-318,Negro,Baño,380.0,Tarjeta,EMP-06,primera visita,0
DD-004965,2023-09-14,C-225,Simba,Guardería,210.0,Efectivo,EMP-08,propina incluida,0
DD-004768,2023-09-14,C-114,Rocky,Guardería,220.0,Tarjeta,EMP-03,,0
DD-004802,2023-09-14,C-130,Gordo,Baño,300.0,Efectivo,EMP-02,,0
DD-004738,2023-09-14,C-091,Kira,Hotel,510.0,Efectivo,EMP-05,,0
DD-004582,2023-09-14,C-001,Lobo,Adiestramiento,670.0,Tarjeta,EMP-06,,1
DD-004721,2023-09-14,C-079,Charlie,Baño,430.0,Tarjeta,EMP-04,requiere cita previa,1
DD-004871,2023-09-14,C-166,Boby,Corte,300.0,Efectivo,EMP-07,,0
DD-004630,2023-09-14,C-030,Bear,Guardería,230.0,Efectivo,EMP-01,,1
DD-005007,2023-09-14,C-247,Rosa,Corte,250.0,Tarjeta,EMP-02,perro agresivo,0
DD-004925,2023-09-14,C-200,Paloma,Guardería,180.0,Tarjeta,EMP-05,traer vacunas,0
DD-004859,2023-09-14,C-160,Boby,Corte,370.0,Tarjeta,EMP-03,,0
DD-004890,2023-09-14,C-178,Coco,Guardería,240.0,Tarjeta,EMP-07,requiere cita previa,0
DD-004799,2023-09-14,C-128,Chico,Corte,420.0,Efectivo,EMP-07,requiere cita previa,0
DD-005066,2023-09-14,C-288,Boby,Baño,410.0,Efectivo,EMP-03,,0
DD-004747,2023-09-14,C-100,Rosa,Corte,330.0,Tarjeta,EMP-04,pago pendiente,0
DD-004649,2023-09-14,C-042,Nena,Guardería,180.0,Tarjeta,EMP-06,,1
DD-005006,2023-09-15,C-246,Luna,Guardería,230.0,Efectivo,EMP-02,primera visita,0
DD-005078,2023-09-15,C-294,Rex,Adiestramiento,640.0,Efectivo,EMP-04,requiere cita previa,0
DD-004714,2023-09-15,C-076,Bear,Guardería,220.0,Efectivo,EMP-03,,1
DD-004686,2023-09-15,C-060,Lobo,Corte,350.0,Tarjeta,EMP-04,,1
DD-005063,2023-09-15,C-287,Maya,Corte,480.0,Efectivo,EMP-05,propina incluida,0
DD-004646,2023-09-15,C-040,Manchas,Hotel,390.0,Efectivo,EMP-06,cliente frecuente,1
DD-004602,2023-09-15,C-015,Panda,Baño,410.0,Efectivo,EMP-05,descuento aplicado,1
DD-004613,2023-09-15,C-022,Sammy,Adiestramiento,750.0,Tarjeta,EMP-01,cliente VIP,1
DD-004832,2023-09-15,C-146,Ringo,Guardería,190.0,Efectivo,EMP-04,descuento aplicado,0
DD-005087,2023-09-15,C-303,Toby,Hotel,530.0,Transferencia,EMP-01,primera visita,0
DD-004636,2023-09-15,C-036,Rex,Corte,400.0,Efectivo,EMP-04,cliente frecuente,1
DD-004951,2023-09-15,C-217,Sultan,Adiestramiento,780.0,Tarjeta,EMP-08,,0
DD-004780,2023-09-15,C-119,Canela,Corte,360.0,Tarjeta,EMP-06,propina incluida,0
DD-004599,2023-09-15,C-013,Coco,Guardería,150.0,Efectivo,EMP-04,,1
DD-004603,2023-09-16,C-015,Panda,Corte,480.0,Efectivo,EMP-03,alérgico a champú,1
DD-004901,2023-09-16,C-187,Simba,Baño,270.0,Efectivo,EMP-01,cliente frecuente,0
DD-004874,2023-09-16,C-167,Coco,Hotel,600.0,Tarjeta,EMP-05,perro agresivo,0
DD-004678,2023-09-16,C-057,Bella,Hotel,360.0,Efectivo,EMP-01,requiere cita previa,1
DD-004940,2023-09-16,C-211,Lobo,Guardería,170.0,Efectivo,EMP-01,,0
DD-004713,2023-09-16,C-075,Chato,Guardería,220.0,Efectivo,EMP-03,cliente frecuente,1
DD-004962,2023-09-16,C-221,Beto,Corte,270.0,Transferencia,EMP-02,,0
DD-004948,2023-09-16,C-216,Bonita,Guardería,160.0,Efectivo,EMP-06,,0
DD-005013,2023-09-16,C-251,Blanca,Baño,440.0,Efectivo,EMP-07,,0
DD-004946,2023-09-16,C-214,Gordo,Guardería,200.0,Tarjeta,EMP-03,propina incluida,0
DD-004783,2023-09-16,C-122,Pepa,Baño,280.0,Tarjeta,EMP-05,,0
DD-004723,2023-09-16,C-081,Luna,Corte,480.0,Efectivo,EMP-01,,0
DD-005100,2023-09-16,C-311,Nala,Guardería,230.0,Tarjeta,EMP-04,primera visita,0
DD-005051,2023-09-16,C-280,Nena,Corte,430.0,Efectivo,EMP-05,,0
DD-004803,2023-09-16,C-130,Gordo,Baño,330.0,Tarjeta,EMP-03,cliente VIP,0
DD-004680,2023-09-16,C-058,Gordo,Guardería,150.0,Tarjeta,EMP-03,cliente VIP,1
DD-004814,2023-09-16,C-134,Luna,Baño,310.0,Efectivo,EMP-07,perro agresivo,0
DD-004806,2023-09-16,C-131,Sultan,Guardería,220.0,Tarjeta,EMP-06,,0
DD-004785,2023-09-16,C-122,Pepa,Baño,400.0,Efectivo,EMP-06,cliente frecuente,0
DD-004808,2023-09-17,C-132,Blanca,Guardería,150.0,Efectivo,EMP-02,traer vacunas,0
DD-005062,2023-09-17,C-285,Daisy,Hotel,440.0,Tarjeta,EMP-01,alérgico a champú,0
DD-004888,2023-09-17,C-176,Estrella,Guardería,250.0,Efectivo,EMP-04,descuento aplicado,0
DD-004797,2023-09-17,C-128,Chico,Guardería,230.0,Tarjeta,EMP-05,propina incluida,0
DD-004900,2023-09-17,C-187,Simba,Guardería,200.0,Tarjeta,EMP-05,descuento aplicado,0
DD-004820,2023-09-17,C-138,Bear,Guardería,240.0,Tarjeta,EMP-05,cliente VIP,0
DD-004823,2023-09-17,C-138,Bear,Guardería,170.0,Tarjeta,EMP-08,cliente frecuente,0
DD-004828,2023-09-17,C-144,Rex,Guardería,210.0,Efectivo,EMP-05,,0
DD-004998,2023-09-17,C-242,Sammy,Adiestramiento,450.0,Tarjeta,EMP-04,descuento aplicado,0
DD-004961,2023-09-17,C-221,Beto,Adiestramiento,720.0,Efectivo,EMP-07,cliente VIP,0
DD-004609,2023-09-17,C-021,Rocky,Baño,300.0,Efectivo,EMP-03,pago pendiente,1
DD-004651,2023-09-17,C-043,Luna,Guardería,210.0,Efectivo,EMP-08,perro agresivo,1
DD-004589,2023-09-17,C-006,Thor,Baño,330.0,Efectivo,EMP-01,perro agresivo,1
DD-004861,2023-09-17,C-162,Kira,Guardería,190.0,Efectivo,EMP-02,primera visita,0
DD-004648,2023-09-17,C-041,Tigrillo,Baño,220.0,Efectivo,EMP-06,descuento aplicado,1
DD-005030,2023-09-17,C-265,Duke,Guardería,160.0,Efectivo,EMP-02,descuento aplicado,0
DD-004675,2023-09-17,C-055,Bear,Adiestramiento,720.0,Tarjeta,EMP-02,pago pendiente,1
DD-004767,2023-09-17,C-113,Lola,Guardería,220.0,Transferencia,EMP-08,pago pendiente,0
DD-004658,2023-09-17,C-045,Thor,Guardería,180.0,Efectivo,EMP-06,descuento aplicado,1
DD-004615,2023-09-17,C-023,Tito,Baño,220.0,Efectivo,EMP-01,requiere cita previa,1
DD-004974,2023-09-17,C-230,Chico,Guardería,190.0,Efectivo,EMP-06,cliente frecuente,0
DD-004870,2023-09-17,C-165,Frida,Guardería,240.0,Efectivo,EMP-07,,0
DD-004757,2023-09-17,C-108,Sasha,Adiestramiento,650.0,Efectivo,EMP-05,requiere cita previa,0
DD-004937,2023-09-18,C-209,Manchas,Adiestramiento,620.0,Efectivo,EMP-02,cliente VIP,0
DD-004773,2023-09-18,C-115,Charlie,Guardería,160.0,Tarjeta,EMP-08,,0
DD-004596,2023-09-18,C-009,Rosa,Guardería,230.0,Transferencia,EMP-02,,1
DD-004737,2023-09-18,C-089,Panda,Baño,390.0,Tarjeta,EMP-07,alérgico a champú,0
DD-004760,2023-09-18,C-109,Lobo,Adiestramiento,420.0,Tarjeta,EMP-05,cliente VIP,0
DD-004924,2023-09-18,C-199,Pepa,Guardería,220.0,Efectivo,EMP-06,,0
DD-004662,2023-09-18,C-048,Buddy,Guardería,160.0,Efectivo,EMP-03,pago pendiente,1
DD-004971,2023-09-18,C-228,Sasha,Guardería,240.0,Tarjeta,EMP-02,,0
DD-004872,2023-09-18,C-166,Boby,Guardería,160.0,Efectivo,EMP-03,primera visita,0
DD-004844,2023-09-18,C-151,Rocky,Baño,350.0,Efectivo,EMP-02,,0
DD-004976,2023-09-18,C-231,Fifi,Adiestramiento,480.0,Efectivo,EMP-07,,0
DD-004896,2023-09-18,C-184,Mia,Adiestramiento,520.0,Tarjeta,EMP-04,,0
DD-004864,2023-09-19,C-164,Gus,Hotel,500.0,Efectivo,EMP-07,,0
DD-005109,2023-09-19,C-319,Princesa,Hotel,400.0,Efectivo,EMP-02,cliente VIP,0
DD-004761,2023-09-19,C-109,Lobo,Guardería,230.0,Tarjeta,EMP-08,,0
DD-004846,2023-09-19,C-152,Rex,Hotel,590.0,Tarjeta,EMP-01,cliente frecuente,0
DD-004883,2023-09-19,C-171,Bear,Adiestramiento,400.0,Efectivo,EMP-07,cliente frecuente,0
DD-004784,2023-09-19,C-122,Pepa,Guardería,180.0,Tarjeta,EMP-02,,0
DD-004922,2023-09-19,C-198,Chato,Hotel,550.0,Tarjeta,EMP-05,traer vacunas,0
DD-004862,2023-09-19,C-163,Rocky,Baño,300.0,Tarjeta,EMP-06,,0
DD-004705,2023-09-19,C-070,Buddy,Baño,430.0,Efectivo,EMP-08,,1
DD-005044,2023-09-19,C-272,Boby,Baño,260.0,Efectivo,EMP-01,pago pendiente,0
DD-004670,2023-09-19,C-051,Simba,Guardería,240.0,Transferencia,EMP-04,descuento aplicado,1
DD-004988,2023-09-19,C-237,Tito,Corte,490.0,Efectivo,EMP-02,,0
DD-004690,2023-09-19,C-062,Zeus,Guardería,150.0,Tarjeta,EMP-01,descuento aplicado,1
DD-004831,2023-09-20,C-145,Lola,Corte,260.0,Tarjeta,EMP-03,,0
DD-004904,2023-09-20,C-189,Zeus,Guardería,220.0,Efectivo,EMP-03,propina incluida,0
DD-005098,2023-09-20,C-308,Nina,Adiestramiento,660.0,Efectivo,EMP-02,requiere cita previa,0
DD-005019,2023-09-20,C-261,Sultan,Baño,300.0,Tarjeta,EMP-07,perro agresivo,0
DD-004597,2023-09-20,C-012,Chispa,Corte,410.0,Efectivo,EMP-01,cliente VIP,1
DD-004850,2023-09-20,C-154,Nena,Guardería,250.0,Transferencia,EMP-02,,0
DD-004710,2023-09-20,C-073,Max,Guardería,220.0,Efectivo,EMP-07,,1
DD-004764,2023-09-20,C-112,Princesa,Corte,420.0,Tarjeta,EMP-06,alérgico a champú,0
DD-004934,2023-09-20,C-207,Ringo,Baño,230.0,Tarjeta,EMP-04,,0
DD-005024,2023-09-20,C-262,Charlie,Adiestramiento,700.0,Efectivo,EMP-02,,0
DD-004583,2023-09-20,C-001,Lobo,Corte,300.0,Tarjeta,EMP-07,traer vacunas,1
DD-004779,2023-09-20,C-119,Canela,Baño,400.0,Tarjeta,EMP-07,cliente VIP,0
DD-005000,2023-09-20,C-243,Maya,Guardería,170.0,Tarjeta,EMP-01,requiere cita previa,0
DD-005034,2023-09-20,C-266,Rex,Adiestramiento,690.0,Transferencia,EMP-05,propina incluida,0
DD-004885,2023-09-20,C-174,Chispa,Hotel,380.0,Efectivo,EMP-02,traer vacunas,0
DD-004584,2023-09-20,C-002,Mia,Guardería,160.0,Efectivo,EMP-04,propina incluida,1
DD-005067,2023-09-20,C-289,Kira,Guardería,230.0,Efectivo,EMP-01,,0
DD-004958,2023-09-21,C-219,Nina,Guardería,220.0,Tarjeta,EMP-08,,0
DD-004979,2023-09-21,C-233,Manchas,Baño,310.0,Tarjeta,EMP-04,traer vacunas,0
DD-004991,2023-09-21,C-238,Max,Adiestramiento,560.0,Tarjeta,EMP-06,perro agresivo,0
DD-004955,2023-09-21,C-219,Nina,Guardería,160.0,Efectivo,EMP-02,propina incluida,0
DD-004689,2023-09-21,C-061,Toby,Guardería,180.0,Tarjeta,EMP-07,requiere cita previa,1
DD-005022,2023-09-21,C-262,Charlie,Guardería,180.0,Efectivo,EMP-02,,0
DD-004878,2023-09-21,C-170,Frida,Guardería,190.0,Efectivo,EMP-05,traer vacunas,0
DD-005059,2023-09-21,C-283,Princesa,Guardería,240.0,Efectivo,EMP-01,cliente VIP,0
DD-004842,2023-09-21,C-151,Rocky,Corte,470.0,Transferencia,EMP-05,cliente VIP,0
DD-004909,2023-09-21,C-193,Zeus,Guardería,240.0,Efectivo,EMP-06,,0
DD-004826,2023-09-21,C-143,Rex,Guardería,180.0,Efectivo,EMP-04,cliente frecuente,0
DD-005052,2023-09-21,C-281,Bear,Guardería,150.0,Tarjeta,EMP-03,primera visita,0
DD-004805,2023-09-21,C-131,Sultan,Corte,450.0,Tarjeta,EMP-06,,0
DD-004637,2023-09-21,C-037,Toby,Adiestramiento,470.0,Efectivo,EMP-03,,1
DD-004943,2023-09-21,C-212,Negro,Baño,210.0,Efectivo,EMP-06,,0
DD-004789,2023-09-21,C-124,Manchas,Guardería,220.0,Efectivo,EMP-03,pago pendiente,0
DD-004935,2023-09-21,C-207,Ringo,Guardería,240.0,Transferencia,EMP-03,descuento aplicado,0
DD-004736,2023-09-21,C-088,Simba,Corte,410.0,Efectivo,EMP-02,,0
DD-004938,2023-09-21,C-210,Max,Corte,330.0,Transferencia,EMP-08,cliente VIP,0
DD-005071,2023-09-21,C-291,Blanca,Corte,380.0,Transferencia,EMP-08,perro agresivo,0
DD-004644,2023-09-21,C-039,Tigrillo,Guardería,180.0,Tarjeta,EMP-03,requiere cita previa,1
DD-004884,2023-09-21,C-173,Charlie,Adiestramiento,470.0,Efectivo,EMP-05,pago pendiente,0
DD-004588,2023-09-21,C-006,Thor,Hotel,540.0,Transferencia,EMP-06,,1
DD-004843,2023-09-22,C-151,Rocky,Hotel,450.0,Tarjeta,EMP-04,,0
DD-004939,2023-09-22,C-210,Max,Guardería,230.0,Tarjeta,EMP-02,propina incluida,0
DD-004827,2023-09-22,C-143,Rex,Hotel,560.0,Transferencia,EMP-05,,0
DD-004788,2023-09-22,C-124,Manchas,Guardería,220.0,Tarjeta,EMP-01,requiere cita previa,0
DD-004999,2023-09-22,C-242,Sammy,Guardería,210.0,Efectivo,EMP-03,propina incluida,0
DD-004840,2023-09-22,C-150,Duke,Baño,290.0,Tarjeta,EMP-07,,0
DD-004717,2023-09-22,C-077,Kira,Hotel,440.0,Transferencia,EMP-02,,1
DD-004744,2023-09-22,C-098,Ringo,Guardería,180.0,Transferencia,EMP-05,,0
DD-004928,2023-09-22,C-202,Tigrillo,Corte,390.0,Efectivo,EMP-05,traer vacunas,0
DD-004914,2023-09-22,C-196,Nina,Baño,300.0,Efectivo,EMP-08,alérgico a champú,0
DD-005048,2023-09-22,C-276,Charlie,Hotel,420.0,Efectivo,EMP-05,,0
DD-005089,2023-09-22,C-305,Paloma,Guardería,210.0,Tarjeta,EMP-06,,0
DD-005085,2023-09-22,C-301,Gus,Adiestramiento,710.0,Efectivo,EMP-03,,0
DD-004898,2023-09-22,C-186,Frida,Adiestramiento,570.0,Efectivo,EMP-02,perro agresivo,0
DD-004696,2023-09-22,C-064,Bella,Guardería,240.0,Efectivo,EMP-05,descuento aplicado,1
DD-005082,2023-09-23,C-297,Sasha,Hotel,540.0,Efectivo,EMP-06,,0
DD-005105,2023-09-23,C-316,Nina,Baño,250.0,Transferencia,EMP-05,pago pendiente,0
DD-004732,2023-09-23,C-087,Sasha,Hotel,440.0,Tarjeta,EMP-08,,0
DD-004774,2023-09-23,C-116,Bonita,Hotel,350.0,Efectivo,EMP-01,descuento aplicado,0
DD-004607,2023-09-23,C-018,Toby,Guardería,230.0,Transferencia,EMP-06,descuento aplicado,1
DD-004987,2023-09-23,C-237,Tito,Hotel,540.0,Tarjeta,EMP-01,pago pendiente,0
DD-004763,2023-09-23,C-112,Princesa,Adiestramiento,740.0,Efectivo,EMP-04,,0
DD-004992,2023-09-23,C-238,Max,Hotel,460.0,Tarjeta,EMP-07,,0
DD-004825,2023-09-23,C-143,Rex,Guardería,240.0,Transferencia,EMP-03,alérgico a champú,0
DD-004702,2023-09-23,C-069,Paloma,Guardería,200.0,Efectivo,EMP-08,propina incluida,1
DD-004905,2023-09-23,C-189,Zeus,Guardería,200.0,Efectivo,EMP-06,cliente VIP,0
DD-004755,2023-09-23,C-107,Lobo,Guardería,240.0,Tarjeta,EMP-07,pago pendiente,0
DD-005106,2023-09-23,C-317,Beto,Hotel,560.0,Tarjeta,EMP-02,,0
DD-004742,2023-09-23,C-094,Bear,Baño,290.0,Tarjeta,EMP-08,,0
DD-005080,2023-09-23,C-295,Chico,Baño,420.0,Transferencia,EMP-02,alérgico a champú,0
DD-004707,2023-09-23,C-072,Chico,Corte,480.0,Efectivo,EMP-07,propina incluida,1
DD-005011,2023-09-23,C-250,Pepa,Adiestramiento,610.0,Efectivo,EMP-08,,0
DD-004777,2023-09-24,C-118,Bonita,Hotel,600.0,Efectivo,EMP-01,,0
DD-004782,2023-09-24,C-121,Duke,Corte,260.0,Efectivo,EMP-08,propina incluida,0
DD-004950,2023-09-24,C-217,Sultan,Guardería,170.0,Tarjeta,EMP-02,pago pendiente,0
DD-005014,2023-09-24,C-251,Blanca,Hotel,350.0,Efectivo,EMP-03,,0
DD-004856,2023-09-24,C-159,Sultan,Guardería,200.0,Efectivo,EMP-03,propina incluida,0
DD-004729,2023-09-24,C-087,Sasha,Guardería,220.0,Tarjeta,EMP-04,,0
DD-004989,2023-09-24,C-238,Max,Guardería,220.0,Efectivo,EMP-02,alérgico a champú,0
DD-004726,2023-09-24,C-083,Duke,Guardería,200.0,Efectivo,EMP-01,,0
DD-004725,2023-09-24,C-082,Zeus,Baño,260.0,Tarjeta,EMP-05,alérgico a champú,0
DD-004669,2023-09-24,C-051,Simba,Baño,210.0,Tarjeta,EMP-06,pago pendiente,1
DD-004618,2023-09-24,C-025,Lola,Corte,370.0,Efectivo,EMP-02,traer vacunas,1
DD-004880,2023-09-24,C-171,Bear,Corte,340.0,Transferencia,EMP-04,cliente frecuente,0
DD-004626,2023-09-24,C-027,Zeus,Guardería,210.0,Transferencia,EMP-01,primera visita,1
DD-004804,2023-09-24,C-130,Gordo,Guardería,170.0,Efectivo,EMP-04,alérgico a champú,0
DD-004835,2023-09-24,C-147,Rex,Guardería,170.0,Tarjeta,EMP-07,requiere cita previa,0
DD-005108,2023-09-25,C-319,Princesa,Guardería,160.0,Tarjeta,EMP-07,descuento aplicado,0
DD-004663,2023-09-25,C-049,Max,Baño,210.0,Tarjeta,EMP-03,,1
DD-005026,2023-09-25,C-265,Duke,Guardería,220.0,Tarjeta,EMP-02,,0
DD-005079,2023-09-25,C-295,Chico,Hotel,470.0,Tarjeta,EMP-03,,0
DD-005003,2023-09-25,C-244,Coco,Baño,410.0,Transferencia,EMP-07,traer vacunas,0
DD-004611,2023-09-25,C-021,Rocky,Hotel,400.0,Tarjeta,EMP-04,cliente VIP,1
DD-004894,2023-09-25,C-180,Buddy,Hotel,530.0,Efectivo,EMP-05,,0
DD-004606,2023-09-25,C-018,Toby,Guardería,170.0,Transferencia,EMP-03,,1
DD-004701,2023-09-25,C-069,Paloma,Baño,340.0,Tarjeta,EMP-05,,1
DD-004960,2023-09-25,C-220,Sammy,Baño,210.0,Tarjeta,EMP-03,perro agresivo,0
DD-004967,2023-09-25,C-228,Sasha,Guardería,250.0,Tarjeta,EMP-05,requiere cita previa,0
DD-004944,2023-09-25,C-213,Pancho,Corte,290.0,Tarjeta,EMP-01,propina incluida,0
DD-004980,2023-09-25,C-233,Manchas,Corte,280.0,Efectivo,EMP-02,perro agresivo,0
DD-004580,2023-09-26,C-001,Lobo,Corte,360.0,Tarjeta,EMP-01,cliente frecuente,1
DD-004983,2023-09-26,C-235,Blanca,Adiestramiento,550.0,Efectivo,EMP-05,,0
DD-004716,2023-09-26,C-077,Kira,Guardería,250.0,Tarjeta,EMP-07,,1
DD-004654,2023-09-26,C-043,Luna,Guardería,180.0,Tarjeta,EMP-06,cliente frecuente,1
DD-005099,2023-09-26,C-311,Nala,Corte,280.0,Tarjeta,EMP-07,descuento aplicado,0
DD-004642,2023-09-26,C-039,Tigrillo,Guardería,200.0,Tarjeta,EMP-08,descuento aplicado,1
DD-004694,2023-09-26,C-063,Estrella,Hotel,460.0,Transferencia,EMP-07,,1
DD-005077,2023-09-26,C-294,Rex,Corte,440.0,Tarjeta,EMP-03,pago pendiente,0
DD-005061,2023-09-26,C-284,Duke,Baño,260.0,Tarjeta,EMP-06,descuento aplicado,0
DD-004791,2023-09-26,C-127,Beto,Hotel,560.0,Transferencia,EMP-04,requiere cita previa,0
DD-004677,2023-09-26,C-056,Bonita,Guardería,230.0,Tarjeta,EMP-05,cliente frecuente,1
DD-004936,2023-09-26,C-208,Coco,Adiestramiento,800.0,Tarjeta,EMP-03,descuento aplicado,0
DD-004866,2023-09-26,C-164,Gus,Guardería,190.0,Efectivo,EMP-02,,0
DD-004715,2023-09-27,C-077,Kira,Baño,230.0,Tarjeta,EMP-02,,1
DD-004727,2023-09-27,C-083,Duke,Guardería,240.0,Efectivo,EMP-03,,0
DD-005070,2023-09-27,C-290,Lola,Baño,200.0,Tarjeta,EMP-01,,0
DD-005057,2023-09-27,C-282,Rosa,Hotel,510.0,Tarjeta,EMP-01,cliente VIP,0
DD-004794,2023-09-27,C-127,Beto,Baño,390.0,Efectivo,EMP-07,,0
DD-004837,2023-09-27,C-148,Lola,Guardería,220.0,Tarjeta,EMP-04,cliente frecuente,0
DD-005053,2023-09-27,C-281,Bear,Guardería,200.0,Efectivo,EMP-04,alérgico a champú,0
DD-005092,2023-09-27,C-306,Pepa,Corte,280.0,Tarjeta,EMP-08,traer vacunas,0
DD-004762,2023-09-27,C-110,Pancho,Adiestramiento,750.0,Transferencia,EMP-08,,0
DD-005049,2023-09-27,C-279,Coco,Adiestramiento,710.0,Efectivo,EMP-04,,0
DD-004911,2023-09-27,C-195,Rocky,Corte,450.0,Tarjeta,EMP-04,primera visita,0
DD-004913,2023-09-27,C-195,Rocky,Guardería,190.0,Tarjeta,EMP-06,,0
DD-004947,2023-09-27,C-215,Daisy,Baño,380.0,Tarjeta,EMP-02,,0
DD-004653,2023-09-27,C-043,Luna,Corte,260.0,Efectivo,EMP-08,cliente frecuente,1
DD-004688,2023-09-27,C-061,Toby,Guardería,230.0,Tarjeta,EMP-06,propina incluida,1
DD-004945,2023-09-27,C-213,Pancho,Corte,310.0,Tarjeta,EMP-06,,0
DD-004972,2023-09-27,C-229,Bella,Baño,370.0,Efectivo,EMP-05,descuento aplicado,0
DD-005038,2023-09-27,C-270,Luna,Guardería,190.0,Efectivo,EMP-06,alérgico a champú,0
DD-004601,2023-09-27,C-014,Nena,Guardería,190.0,Efectivo,EMP-08,,1
DD-004902,2023-09-27,C-187,Simba,Guardería,170.0,Tarjeta,EMP-01,cliente frecuente,0
DD-004897,2023-09-27,C-185,Toby,Baño,370.0,Tarjeta,EMP-03,alérgico a champú,0
DD-004895,2023-09-27,C-183,Sammy,Guardería,160.0,Transferencia,EMP-03,cliente frecuente,0
DD-005018,2023-09-27,C-260,Bonita,Baño,310.0,Efectivo,EMP-02,,0
DD-005083,2023-09-28,C-298,Ringo,Baño,310.0,Tarjeta,EMP-07,pago pendiente,0
DD-004639,2023-09-28,C-038,Buddy,Guardería,250.0,Tarjeta,EMP-02,,1
DD-004741,2023-09-28,C-094,Bear,Baño,300.0,Efectivo,EMP-03,descuento aplicado,0
DD-004758,2023-09-28,C-108,Sasha,Baño,270.0,Transferencia,EMP-01,propina incluida,0
DD-004749,2023-09-28,C-103,Panda,Baño,220.0,Efectivo,EMP-02,,0
DD-004751,2023-09-28,C-104,Rosa,Guardería,220.0,Tarjeta,EMP-04,propina incluida,0
DD-004614,2023-09-28,C-022,Sammy,Hotel,410.0,Tarjeta,EMP-04,,1
DD-005094,2023-09-28,C-307,Daisy,Baño,320.0,Tarjeta,EMP-03,,0
DD-005095,2023-09-28,C-307,Daisy,Guardería,180.0,Tarjeta,EMP-04,cliente frecuente,0
DD-004801,2023-09-28,C-129,Tigrillo,Guardería,170.0,Transferencia,EMP-06,propina incluida,0
DD-004809,2023-09-28,C-133,Gus,Baño,210.0,Tarjeta,EMP-04,,0
DD-005029,2023-09-28,C-265,Duke,Hotel,570.0,Efectivo,EMP-08,cliente frecuente,0
DD-004822,2023-09-28,C-138,Bear,Guardería,210.0,Efectivo,EMP-05,,0
DD-004724,2023-09-28,C-081,Luna,Guardería,180.0,Efectivo,EMP-03,,0
DD-005054,2023-09-28,C-281,Bear,Guardería,160.0,Tarjeta,EMP-08,propina incluida,0
DD-004719,2023-09-28,C-079,Charlie,Baño,400.0,Tarjeta,EMP-08,requiere cita previa,1
DD-004668,2023-09-28,C-051,Simba,Guardería,170.0,Tarjeta,EMP-03,,1
DD-004949,2023-09-28,C-216,Bonita,Guardería,160.0,Tarjeta,EMP-08,perro agresivo,0
DD-004863,2023-09-28,C-164,Gus,Baño,330.0,Efectivo,EMP-04,alérgico a champú,0
DD-005096,2023-09-29,C-307,Daisy,Baño,360.0,Transferencia,EMP-07,propina incluida,0
DD-004657,2023-09-29,C-044,Tigrillo,Hotel,400.0,Tarjeta,EMP-07,cliente frecuente,1
DD-004624,2023-09-29,C-027,Zeus,Hotel,500.0,Efectivo,EMP-02,cliente frecuente,1
DD-004739,2023-09-29,C-092,Rocky,Corte,270.0,Transferencia,EMP-08,,0
DD-004743,2023-09-29,C-097,Bella,Corte,500.0,Efectivo,EMP-07,alérgico a champú,0
DD-004748,2023-09-29,C-101,Fifi,Baño,300.0,Tarjeta,EMP-08,perro agresivo,0
DD-004781,2023-09-29,C-120,Duke,Guardería,200.0,Tarjeta,EMP-07,primera visita,0
DD-004681,2023-09-29,C-058,Gordo,Baño,400.0,Tarjeta,EMP-05,cliente VIP,1
DD-004673,2023-09-29,C-054,Mia,Hotel,480.0,Efectivo,EMP-02,,1
DD-004665,2023-09-29,C-050,Max,Corte,380.0,Transferencia,EMP-04,perro agresivo,1
DD-004818,2023-09-29,C-137,Sasha,Guardería,180.0,Tarjeta,EMP-08,primera visita,0
DD-004722,2023-09-29,C-080,Luna,Guardería,160.0,Tarjeta,EMP-05,requiere cita previa,1
DD-004691,2023-09-29,C-062,Zeus,Baño,310.0,Tarjeta,EMP-02,pago pendiente,1
DD-004869,2023-09-29,C-165,Frida,Adiestramiento,740.0,Efectivo,EMP-02,,0
DD-004892,2023-09-29,C-178,Coco,Guardería,190.0,Efectivo,EMP-07,,0
DD-004664,2023-09-29,C-049,Max,Guardería,240.0,Tarjeta,EMP-08,cliente VIP,1
DD-004927,2023-09-29,C-202,Tigrillo,Guardería,160.0,Efectivo,EMP-02,,0
DD-004933,2023-09-29,C-206,Simba,Baño,400.0,Tarjeta,EMP-08,perro agresivo,0
DD-004952,2023-09-29,C-218,Mia,Guardería,170.0,Efectivo,EMP-02,primera visita,0
DD-004954,2023-09-29,C-218,Mia,Guardería,200.0,Tarjeta,EMP-08,traer vacunas,0
DD-005076,2023-09-29,C-293,Blanca,Guardería,160.0,Efectivo,EMP-02,alérgico a champú,0
DD-004595,2023-09-29,C-009,Rosa,Guardería,150.0,Tarjeta,EMP-05,propina incluida,1
DD-004865,2023-09-29,C-164,Gus,Hotel,460.0,Transferencia,EMP-01,propina incluida,0
DD-004687,2023-09-30,C-060,Lobo,Corte,440.0,Tarjeta,EMP-07,,1
DD-005001,2023-09-30,C-244,Coco,Guardería,200.0,Efectivo,EMP-03,propina incluida,0
DD-004650,2023-09-30,C-042,Nena,Hotel,510.0,Transferencia,EMP-03,primera visita,1
DD-004735,2023-09-30,C-088,Simba,Corte,480.0,Transferencia,EMP-01,,0
DD-004786,2023-09-30,C-122,Pepa,Corte,340.0,Tarjeta,EMP-01,traer vacunas,0
DD-004638,2023-09-30,C-037,Toby,Baño,410.0,Transferencia,EMP-03,,1
DD-004795,2023-09-30,C-127,Beto,Baño,270.0,Tarjeta,EMP-01,,0
DD-004605,2023-09-30,C-016,Max,Hotel,400.0,Tarjeta,EMP-07,cliente frecuente,1
DD-004973,2023-09-30,C-229,Bella,Guardería,180.0,Efectivo,EMP-08,alérgico a champú,0
DD-005430,2023-10-01,C-172,Tito,Baño,380.0,Efectivo,EMP-08,pago pendiente,0
DD-005462,2023-10-01,C-188,Chico,Baño,280.0,Tarjeta,EMP-01,descuento aplicado,0
DD-005269,2023-10-01,C-086,Gordo,Corte,480.0,Transferencia,EMP-01,traer vacunas,0
DD-005262,2023-10-01,C-081,Luna,Guardería,210.0,Tarjeta,EMP-08,cliente frecuente,0
DD-005454,2023-10-01,C-185,Toby,Corte,300.0,Efectivo,EMP-03,,0
DD-005584,2023-10-01,C-247,Rosa,Baño,340.0,Efectivo,EMP-03,propina incluida,0
DD-005137,2023-10-01,C-015,Panda,Baño,300.0,Tarjeta,EMP-05,descuento aplicado,1
DD-005361,2023-10-01,C-134,Luna,Guardería,220.0,Transferencia,EMP-06,traer vacunas,0
DD-005467,2023-10-01,C-192,Sammy,Guardería,180.0,Tarjeta,EMP-06,pago pendiente,0
DD-005696,2023-10-01,C-305,Paloma,Guardería,160.0,Tarjeta,EMP-01,cliente VIP,0
DD-005220,2023-10-01,C-060,Lobo,Guardería,150.0,Efectivo,EMP-05,propina incluida,1
DD-005113,2023-10-01,C-003,Bella,Guardería,230.0,Efectivo,EMP-06,,1
DD-005532,2023-10-01,C-224,Zeus,Guardería,220.0,Efectivo,EMP-03,propina incluida,0
DD-005586,2023-10-02,C-248,Thor,Guardería,240.0,Tarjeta,EMP-05,primera visita,0
DD-005145,2023-10-02,C-018,Toby,Guardería,160.0,Tarjeta,EMP-05,cliente frecuente,1
DD-005510,2023-10-02,C-215,Daisy,Baño,440.0,Transferencia,EMP-07,,0
DD-005562,2023-10-02,C-237,Tito,Adiestramiento,740.0,Efectivo,EMP-07,,0
DD-005272,2023-10-02,C-087,Sasha,Guardería,240.0,Efectivo,EMP-05,,0
DD-005618,2023-10-02,C-263,Nena,Corte,250.0,Efectivo,EMP-06,,0
DD-005267,2023-10-02,C-084,Pancho,Guardería,250.0,Efectivo,EMP-02,descuento aplicado,0
DD-005643,2023-10-02,C-276,Charlie,Corte,480.0,Efectivo,EMP-07,propina incluida,0
DD-005397,2023-10-02,C-153,Chato,Guardería,190.0,Efectivo,EMP-08,descuento aplicado,0
DD-005666,2023-10-02,C-291,Blanca,Guardería,160.0,Tarjeta,EMP-04,,0
DD-005158,2023-10-02,C-023,Tito,Corte,280.0,Tarjeta,EMP-02,perro agresivo,1
DD-005674,2023-10-02,C-295,Chico,Adiestramiento,520.0,Transferencia,EMP-07,pago pendiente,0
DD-005425,2023-10-02,C-168,Charlie,Baño,260.0,Efectivo,EMP-05,,0
DD-005197,2023-10-02,C-047,Gus,Guardería,160.0,Tarjeta,EMP-05,,1
DD-005616,2023-10-02,C-261,Sultan,Baño,290.0,Efectivo,EMP-01,pago pendiente,0
DD-005463,2023-10-03,C-189,Zeus,Baño,230.0,Efectivo,EMP-04,,0
DD-005340,2023-10-03,C-127,Beto,Guardería,240.0,Tarjeta,EMP-07,cliente frecuente,0
DD-005476,2023-10-03,C-195,Rocky,Baño,320.0,Tarjeta,EMP-04,alérgico a champú,0
DD-005283,2023-10-03,C-094,Bear,Guardería,170.0,Tarjeta,EMP-02,,0
DD-005371,2023-10-03,C-140,Chispa,Guardería,210.0,Transferencia,EMP-08,alérgico a champú,0
DD-005427,2023-10-03,C-170,Frida,Baño,250.0,Efectivo,EMP-02,,0
DD-005263,2023-10-03,C-081,Luna,Guardería,180.0,Efectivo,EMP-06,pago pendiente,0
DD-005575,2023-10-03,C-242,Sammy,Guardería,230.0,Tarjeta,EMP-07,alérgico a champú,0
DD-005218,2023-10-03,C-059,Pepa,Hotel,440.0,Transferencia,EMP-05,,1
DD-005112,2023-10-03,C-001,Lobo,Hotel,380.0,Tarjeta,EMP-01,,1
DD-005237,2023-10-03,C-068,Lola,Baño,370.0,Efectivo,EMP-02,,1
DD-005677,2023-10-03,C-296,Duke,Baño,440.0,Transferencia,EMP-07,,0
DD-005261,2023-10-03,C-080,Luna,Baño,270.0,Transferencia,EMP-05,traer vacunas,1
DD-005665,2023-10-03,C-291,Blanca,Adiestramiento,560.0,Efectivo,EMP-06,requiere cita previa,0
DD-005637,2023-10-03,C-272,Boby,Baño,340.0,Tarjeta,EMP-08,cliente VIP,0
DD-005568,2023-10-03,C-240,Mia,Corte,450.0,Tarjeta,EMP-03,requiere cita previa,0
DD-005615,2023-10-03,C-260,Bonita,Hotel,400.0,Transferencia,EMP-07,traer vacunas,0
DD-005590,2023-10-03,C-250,Pepa,Hotel,530.0,Tarjeta,EMP-01,perro agresivo,0
DD-005134,2023-10-03,C-015,Panda,Baño,210.0,Efectivo,EMP-04,,1
DD-005136,2023-10-03,C-015,Panda,Baño,370.0,Tarjeta,EMP-01,,1
DD-005577,2023-10-03,C-243,Maya,Guardería,240.0,Tarjeta,EMP-03,cliente frecuente,0
DD-005333,2023-10-04,C-124,Manchas,Guardería,220.0,Tarjeta,EMP-06,,0
DD-005309,2023-10-04,C-106,Charlie,Adiestramiento,520.0,Tarjeta,EMP-04,,0
DD-005304,2023-10-04,C-104,Rosa,Guardería,220.0,Tarjeta,EMP-06,requiere cita previa,0
DD-005393,2023-10-04,C-152,Rex,Guardería,200.0,Efectivo,EMP-08,,0
DD-005184,2023-10-04,C-039,Tigrillo,Guardería,180.0,Efectivo,EMP-03,,1
DD-005167,2023-10-04,C-031,Ringo,Hotel,520.0,Efectivo,EMP-08,,1
DD-005578,2023-10-04,C-244,Coco,Guardería,220.0,Tarjeta,EMP-08,,0
DD-005474,2023-10-04,C-194,Nina,Guardería,230.0,Efectivo,EMP-08,alérgico a champú,0
DD-005416,2023-10-04,C-165,Frida,Guardería,240.0,Transferencia,EMP-05,cliente VIP,0
DD-005163,2023-10-04,C-029,Gus,Corte,260.0,Efectivo,EMP-05,perro agresivo,1
DD-005441,2023-10-04,C-176,Estrella,Hotel,560.0,Tarjeta,EMP-03,,0
DD-005525,2023-10-04,C-220,Sammy,Corte,360.0,Tarjeta,EMP-07,cliente frecuente,0
DD-005155,2023-10-04,C-022,Sammy,Guardería,230.0,Tarjeta,EMP-08,,1
DD-005701,2023-10-04,C-308,Nina,Hotel,390.0,Efectivo,EMP-06,requiere cita previa,0
DD-005406,2023-10-04,C-160,Boby,Corte,270.0,Efectivo,EMP-05,,0
DD-005652,2023-10-04,C-281,Bear,Guardería,170.0,Tarjeta,EMP-05,cliente VIP,0
DD-005486,2023-10-04,C-201,Rosa,Guardería,200.0,Efectivo,EMP-03,propina incluida,0
DD-005663,2023-10-05,C-290,Lola,Guardería,180.0,Efectivo,EMP-08,,0
DD-005667,2023-10-05,C-292,Chico,Corte,430.0,Efectivo,EMP-02,descuento aplicado,0
DD-005408,2023-10-05,C-162,Kira,Hotel,420.0,Transferencia,EMP-06,descuento aplicado,0
DD-005236,2023-10-05,C-067,Bonita,Guardería,240.0,Transferencia,EMP-02,propina incluida,1
DD-005698,2023-10-05,C-307,Daisy,Guardería,160.0,Efectivo,EMP-01,,0
DD-005207,2023-10-05,C-053,Buddy,Corte,410.0,Tarjeta,EMP-04,traer vacunas,1
DD-005684,2023-10-05,C-298,Ringo,Baño,340.0,Tarjeta,EMP-04,,0
DD-005632,2023-10-05,C-271,Pancho,Baño,380.0,Tarjeta,EMP-06,requiere cita previa,0
DD-005506,2023-10-05,C-214,Gordo,Adiestramiento,790.0,Transferencia,EMP-03,,0
DD-005587,2023-10-05,C-249,Kira,Guardería,190.0,Tarjeta,EMP-04,perro agresivo,0
DD-005292,2023-10-05,C-097,Bella,Baño,330.0,Efectivo,EMP-01,,0
DD-005491,2023-10-05,C-203,Princesa,Guardería,230.0,Efectivo,EMP-05,,0
DD-005315,2023-10-05,C-111,Thor,Guardería,220.0,Efectivo,EMP-06,,0
DD-005479,2023-10-05,C-196,Nina,Guardería,190.0,Tarjeta,EMP-05,,0
DD-005357,2023-10-05,C-132,Blanca,Guardería,200.0,Efectivo,EMP-03,cliente frecuente,0
DD-005358,2023-10-05,C-133,Gus,Guardería,210.0,Efectivo,EMP-08,pago pendiente,0
DD-005367,2023-10-05,C-137,Sasha,Baño,320.0,Tarjeta,EMP-04,traer vacunas,0
DD-005596,2023-10-05,C-252,Kira,Hotel,410.0,Tarjeta,EMP-04,,0
DD-005196,2023-10-05,C-046,Chato,Hotel,510.0,Tarjeta,EMP-05,primera visita,1
DD-005279,2023-10-05,C-090,Coco,Baño,240.0,Transferencia,EMP-08,descuento aplicado,0
DD-005118,2023-10-05,C-006,Thor,Baño,270.0,Tarjeta,EMP-02,cliente VIP,1
DD-005157,2023-10-05,C-023,Tito,Hotel,600.0,Efectivo,EMP-05,,1
DD-005464,2023-10-06,C-190,Beto,Adiestramiento,440.0,Efectivo,EMP-08,,0
DD-005717,2023-10-06,C-317,Beto,Guardería,190.0,Efectivo,EMP-07,propina incluida,0
DD-005241,2023-10-06,C-070,Buddy,Baño,250.0,Efectivo,EMP-03,cliente VIP,1
DD-005558,2023-10-06,C-236,Frida,Guardería,180.0,Efectivo,EMP-01,,0
DD-005219,2023-10-06,C-059,Pepa,Baño,400.0,Efectivo,EMP-04,,1
DD-005719,2023-10-06,C-319,Princesa,Baño,270.0,Efectivo,EMP-06,,0
DD-005565,2023-10-06,C-239,Pancho,Guardería,220.0,Transferencia,EMP-04,primera visita,0
DD-005437,2023-10-06,C-175,Panda,Guardería,160.0,Tarjeta,EMP-01,perro agresivo,0
DD-005497,2023-10-06,C-208,Coco,Guardería,180.0,Tarjeta,EMP-03,primera visita,0
DD-005646,2023-10-06,C-278,Estrella,Corte,450.0,Efectivo,EMP-01,,0
DD-005421,2023-10-06,C-168,Charlie,Corte,470.0,Efectivo,EMP-08,alérgico a champú,0
DD-005516,2023-10-06,C-216,Bonita,Baño,250.0,Efectivo,EMP-04,,0
DD-005132,2023-10-06,C-013,Coco,Guardería,240.0,Efectivo,EMP-01,,1
DD-005296,2023-10-06,C-098,Ringo,Baño,440.0,Tarjeta,EMP-08,,0
DD-005609,2023-10-06,C-258,Lola,Adiestramiento,500.0,Transferencia,EMP-05,,0
DD-005179,2023-10-06,C-035,Pancho,Guardería,210.0,Efectivo,EMP-06,,1
DD-005181,2023-10-06,C-036,Rex,Guardería,210.0,Efectivo,EMP-03,,1
DD-005394,2023-10-07,C-152,Rex,Baño,370.0,Tarjeta,EMP-03,,0
DD-005290,2023-10-07,C-096,Chato,Hotel,370.0,Tarjeta,EMP-05,cliente VIP,0
DD-005150,2023-10-07,C-020,Fifi,Guardería,220.0,Efectivo,EMP-07,requiere cita previa,1
DD-005478,2023-10-07,C-196,Nina,Adiestramiento,600.0,Efectivo,EMP-05,perro agresivo,0
DD-005469,2023-10-07,C-192,Sammy,Baño,360.0,Efectivo,EMP-08,propina incluida,0
DD-005347,2023-10-07,C-129,Tigrillo,Baño,270.0,Tarjeta,EMP-08,,0
DD-005291,2023-10-07,C-097,Bella,Hotel,560.0,Transferencia,EMP-02,perro agresivo,0
DD-005356,2023-10-07,C-132,Blanca,Guardería,240.0,Efectivo,EMP-08,cliente VIP,0
DD-005378,2023-10-07,C-144,Rex,Baño,310.0,Tarjeta,EMP-02,traer vacunas,0
DD-005446,2023-10-07,C-181,Nala,Guardería,230.0,Efectivo,EMP-07,cliente VIP,0
DD-005381,2023-10-07,C-147,Rex,Guardería,170.0,Tarjeta,EMP-03,perro agresivo,0
DD-005414,2023-10-07,C-164,Gus,Adiestramiento,480.0,Tarjeta,EMP-08,pago pendiente,0
DD-005251,2023-10-07,C-074,Fifi,Baño,310.0,Efectivo,EMP-01,alérgico a champú,1
DD-005648,2023-10-07,C-279,Coco,Guardería,160.0,Tarjeta,EMP-06,pago pendiente,0
DD-005635,2023-10-07,C-272,Boby,Adiestramiento,700.0,Transferencia,EMP-06,,0
DD-005563,2023-10-07,C-238,Max,Baño,390.0,Efectivo,EMP-05,,0
DD-005142,2023-10-07,C-017,Canela,Corte,390.0,Tarjeta,EMP-08,propina incluida,1
DD-005655,2023-10-07,C-286,Estrella,Adiestramiento,670.0,Tarjeta,EMP-06,descuento aplicado,0
DD-005117,2023-10-07,C-005,Canela,Adiestramiento,790.0,Tarjeta,EMP-02,cliente VIP,1
DD-005143,2023-10-07,C-018,Toby,Baño,270.0,Transferencia,EMP-04,cliente VIP,1
DD-005138,2023-10-07,C-016,Max,Corte,450.0,Efectivo,EMP-03,,1
DD-005581,2023-10-07,C-246,Luna,Baño,340.0,Efectivo,EMP-04,,0
DD-005160,2023-10-08,C-025,Lola,Baño,440.0,Efectivo,EMP-04,descuento aplicado,1
DD-005429,2023-10-08,C-171,Bear,Corte,440.0,Tarjeta,EMP-08,pago pendiente,0
DD-005420,2023-10-08,C-167,Coco,Guardería,220.0,Efectivo,EMP-06,descuento aplicado,0
DD-005294,2023-10-08,C-097,Bella,Guardería,200.0,Efectivo,EMP-04,primera visita,0
DD-005678,2023-10-08,C-296,Duke,Adiestramiento,630.0,Efectivo,EMP-05,cliente frecuente,0
DD-005186,2023-10-08,C-039,Tigrillo,Guardería,200.0,Efectivo,EMP-07,alérgico a champú,1
DD-005174,2023-10-08,C-034,Gus,Corte,360.0,Efectivo,EMP-03,pago pendiente,1
DD-005594,2023-10-08,C-252,Kira,Baño,340.0,Tarjeta,EMP-04,perro agresivo,0
DD-005599,2023-10-08,C-254,Fifi,Corte,400.0,Tarjeta,EMP-05,primera visita,0
DD-005140,2023-10-08,C-016,Max,Guardería,250.0,Efectivo,EMP-08,requiere cita previa,1
DD-005405,2023-10-08,C-159,Sultan,Guardería,230.0,Efectivo,EMP-01,cliente frecuente,0
DD-005633,2023-10-08,C-271,Pancho,Guardería,200.0,Transferencia,EMP-07,,0
DD-005445,2023-10-08,C-179,Nina,Baño,380.0,Tarjeta,EMP-06,requiere cita previa,0
DD-005141,2023-10-08,C-016,Max,Adiestramiento,640.0,Efectivo,EMP-04,cliente VIP,1
DD-005303,2023-10-08,C-103,Panda,Baño,380.0,Tarjeta,EMP-08,,0
DD-005694,2023-10-08,C-304,Buddy,Baño,290.0,Tarjeta,EMP-08,perro agresivo,0
DD-005499,2023-10-08,C-209,Manchas,Guardería,180.0,Transferencia,EMP-05,,0
DD-005528,2023-10-08,C-221,Beto,Baño,330.0,Tarjeta,EMP-02,propina incluida,0
DD-005550,2023-10-08,C-233,Manchas,Adiestramiento,470.0,Tarjeta,EMP-03,primera visita,0
DD-005493,2023-10-08,C-204,Nala,Guardería,220.0,Efectivo,EMP-06,pago pendiente,0
DD-005490,2023-10-08,C-202,Tigrillo,Baño,390.0,Tarjeta,EMP-06,,0
DD-005642,2023-10-08,C-274,Nena,Corte,360.0,Efectivo,EMP-05,pago pendiente,0
DD-005327,2023-10-09,C-120,Duke,Baño,360.0,Efectivo,EMP-07,,0
DD-005342,2023-10-09,C-128,Chico,Adiestramiento,460.0,Tarjeta,EMP-07,cliente VIP,0
DD-005345,2023-10-09,C-129,Tigrillo,Guardería,250.0,Tarjeta,EMP-01,,0
DD-005182,2023-10-09,C-037,Toby,Guardería,180.0,Tarjeta,EMP-06,propina incluida,1
DD-005199,2023-10-09,C-048,Buddy,Baño,350.0,Tarjeta,EMP-08,,1
DD-005302,2023-10-09,C-102,Chispa,Baño,410.0,Transferencia,EMP-01,propina incluida,0
DD-005332,2023-10-09,C-124,Manchas,Guardería,180.0,Efectivo,EMP-02,primera visita,0
DD-005295,2023-10-09,C-098,Ringo,Hotel,400.0,Efectivo,EMP-07,propina incluida,0
DD-005365,2023-10-09,C-136,Simba,Guardería,240.0,Tarjeta,EMP-02,,0
DD-005146,2023-10-09,C-019,Canela,Baño,200.0,Tarjeta,EMP-02,,1
DD-005436,2023-10-09,C-175,Panda,Guardería,170.0,Efectivo,EMP-05,,0
DD-005685,2023-10-09,C-298,Ringo,Baño,390.0,Efectivo,EMP-06,cliente frecuente,0
DD-005264,2023-10-09,C-083,Duke,Guardería,250.0,Tarjeta,EMP-05,pago pendiente,0
DD-005187,2023-10-09,C-039,Tigrillo,Baño,420.0,Transferencia,EMP-08,alérgico a champú,1
DD-005239,2023-10-09,C-068,Lola,Guardería,180.0,Efectivo,EMP-03,pago pendiente,1
DD-005670,2023-10-09,C-293,Blanca,Guardería,150.0,Efectivo,EMP-04,,0
DD-005585,2023-10-09,C-248,Thor,Guardería,240.0,Tarjeta,EMP-06,propina incluida,0
DD-005370,2023-10-09,C-139,Panda,Corte,440.0,Transferencia,EMP-06,requiere cita previa,0
DD-005573,2023-10-09,C-241,Canela,Baño,310.0,Efectivo,EMP-03,,0
DD-005673,2023-10-10,C-295,Chico,Guardería,200.0,Tarjeta,EMP-08,perro agresivo,0
DD-005297,2023-10-10,C-099,Gordo,Baño,200.0,Tarjeta,EMP-06,,0
DD-005465,2023-10-10,C-190,Beto,Corte,420.0,Efectivo,EMP-08,,0
DD-005444,2023-10-10,C-178,Coco,Baño,320.0,Efectivo,EMP-08,,0
DD-005172,2023-10-10,C-032,Tito,Guardería,250.0,Tarjeta,EMP-03,,1
DD-005579,2023-10-10,C-245,Frida,Baño,220.0,Tarjeta,EMP-03,traer vacunas,0
DD-005389,2023-10-10,C-150,Duke,Corte,340.0,Efectivo,EMP-01,,0
DD-005619,2023-10-10,C-263,Nena,Baño,430.0,Tarjeta,EMP-02,cliente frecuente,0
DD-005349,2023-10-10,C-130,Gordo,Adiestramiento,610.0,Tarjeta,EMP-07,,0
DD-005354,2023-10-10,C-131,Sultan,Corte,480.0,Efectivo,EMP-02,requiere cita previa,0
DD-005372,2023-10-10,C-140,Chispa,Corte,340.0,Efectivo,EMP-04,traer vacunas,0
DD-005359,2023-10-10,C-133,Gus,Guardería,200.0,Tarjeta,EMP-05,perro agresivo,0
DD-005707,2023-10-10,C-311,Nala,Guardería,180.0,Transferencia,EMP-08,,0
DD-005700,2023-10-10,C-308,Nina,Guardería,230.0,Efectivo,EMP-03,,0
DD-005422,2023-10-10,C-168,Charlie,Corte,280.0,Transferencia,EMP-05,propina incluida,0
DD-005201,2023-10-10,C-050,Max,Baño,230.0,Tarjeta,EMP-02,cliente frecuente,1
DD-005265,2023-10-10,C-084,Pancho,Guardería,180.0,Efectivo,EMP-02,propina incluida,0
DD-005231,2023-10-10,C-063,Estrella,Guardería,170.0,Efectivo,EMP-07,alérgico a champú,1
DD-005256,2023-10-10,C-077,Kira,Baño,380.0,Transferencia,EMP-01,cliente frecuente,1
DD-005274,2023-10-10,C-087,Sasha,Guardería,210.0,Tarjeta,EMP-03,perro agresivo,0
DD-005554,2023-10-11,C-236,Frida,Baño,350.0,Efectivo,EMP-06,,0
DD-005507,2023-10-11,C-214,Gordo,Adiestramiento,600.0,Tarjeta,EMP-07,,0
DD-005492,2023-10-11,C-203,Princesa,Baño,220.0,Efectivo,EMP-02,,0
DD-005213,2023-10-11,C-055,Bear,Guardería,240.0,Tarjeta,EMP-02,perro agresivo,1
DD-005375,2023-10-11,C-141,Maya,Corte,300.0,Efectivo,EMP-06,,0
DD-005582,2023-10-11,C-246,Luna,Baño,380.0,Efectivo,EMP-01,pago pendiente,0
DD-005593,2023-10-11,C-251,Blanca,Baño,280.0,Efectivo,EMP-08,traer vacunas,0
DD-005513,2023-10-11,C-215,Daisy,Baño,230.0,Efectivo,EMP-07,,0
DD-005413,2023-10-11,C-164,Gus,Baño,330.0,Tarjeta,EMP-08,alérgico a champú,0
DD-005407,2023-10-11,C-162,Kira,Baño,230.0,Efectivo,EMP-07,,0
DD-005602,2023-10-11,C-255,Frida,Hotel,390.0,Tarjeta,EMP-01,perro agresivo,0
DD-005170,2023-10-11,C-032,Tito,Guardería,190.0,Efectivo,EMP-07,,1
DD-005380,2023-10-11,C-145,Lola,Guardería,210.0,Efectivo,EMP-08,pago pendiente,0
DD-005133,2023-10-11,C-014,Nena,Guardería,210.0,Efectivo,EMP-06,,1
DD-005526,2023-10-11,C-220,Sammy,Baño,310.0,Efectivo,EMP-05,traer vacunas,0
DD-005238,2023-10-11,C-068,Lola,Guardería,190.0,Efectivo,EMP-05,cliente VIP,1
DD-005376,2023-10-11,C-143,Rex,Guardería,220.0,Efectivo,EMP-02,traer vacunas,0
DD-005560,2023-10-11,C-237,Tito,Baño,330.0,Transferencia,EMP-02,,0
DD-005301,2023-10-11,C-101,Fifi,Guardería,160.0,Efectivo,EMP-08,cliente frecuente,0
DD-005561,2023-10-11,C-237,Tito,Baño,320.0,Transferencia,EMP-07,perro agresivo,0
DD-005583,2023-10-12,C-247,Rosa,Guardería,230.0,Efectivo,EMP-04,,0
DD-005534,2023-10-12,C-225,Simba,Guardería,180.0,Efectivo,EMP-06,,0
DD-005580,2023-10-12,C-246,Luna,Baño,320.0,Efectivo,EMP-02,alérgico a champú,0
DD-005246,2023-10-12,C-073,Max,Guardería,210.0,Efectivo,EMP-04,,1
DD-005275,2023-10-12,C-089,Panda,Baño,260.0,Tarjeta,EMP-03,requiere cita previa,0
DD-005224,2023-10-12,C-061,Toby,Corte,340.0,Efectivo,EMP-07,,1
DD-005574,2023-10-12,C-241,Canela,Hotel,420.0,Tarjeta,EMP-07,requiere cita previa,0
DD-005164,2023-10-12,C-029,Gus,Guardería,210.0,Transferencia,EMP-07,,1
DD-005664,2023-10-12,C-291,Blanca,Baño,400.0,Tarjeta,EMP-04,,0
DD-005202,2023-10-12,C-050,Max,Baño,300.0,Transferencia,EMP-04,pago pendiente,1
DD-005449,2023-10-12,C-182,Negro,Guardería,180.0,Tarjeta,EMP-06,traer vacunas,0
DD-005396,2023-10-12,C-153,Chato,Adiestramiento,400.0,Efectivo,EMP-01,requiere cita previa,0
DD-005671,2023-10-12,C-294,Rex,Baño,260.0,Tarjeta,EMP-07,cliente VIP,0
DD-005669,2023-10-12,C-293,Blanca,Guardería,200.0,Efectivo,EMP-01,pago pendiente,0
DD-005546,2023-10-12,C-230,Chico,Guardería,230.0,Tarjeta,EMP-04,propina incluida,0
DD-005508,2023-10-12,C-214,Gordo,Guardería,160.0,Efectivo,EMP-02,,0
DD-005362,2023-10-12,C-135,Bella,Hotel,590.0,Tarjeta,EMP-07,traer vacunas,0
DD-005259,2023-10-12,C-078,Kira,Hotel,460.0,Tarjeta,EMP-07,requiere cita previa,1
DD-005710,2023-10-13,C-313,Nala,Adiestramiento,650.0,Efectivo,EMP-06,cliente frecuente,0
DD-005204,2023-10-13,C-051,Simba,Guardería,190.0,Efectivo,EMP-02,perro agresivo,1
DD-005299,2023-10-13,C-100,Rosa,Hotel,530.0,Tarjeta,EMP-05,,0
DD-005171,2023-10-13,C-032,Tito,Guardería,210.0,Efectivo,EMP-01,,1
DD-005286,2023-10-13,C-095,Nala,Baño,300.0,Transferencia,EMP-04,primera visita,0
DD-005366,2023-10-13,C-136,Simba,Guardería,220.0,Efectivo,EMP-08,perro agresivo,0
DD-005403,2023-10-13,C-158,Negro,Guardería,160.0,Efectivo,EMP-04,,0
DD-005541,2023-10-13,C-227,Maya,Guardería,190.0,Tarjeta,EMP-01,,0
DD-005641,2023-10-13,C-273,Nena,Guardería,190.0,Tarjeta,EMP-06,perro agresivo,0
DD-005144,2023-10-13,C-018,Toby,Baño,280.0,Transferencia,EMP-07,cliente VIP,1
DD-005343,2023-10-13,C-128,Chico,Adiestramiento,510.0,Efectivo,EMP-07,,0
DD-005520,2023-10-13,C-219,Nina,Guardería,200.0,Transferencia,EMP-01,,0
DD-005216,2023-10-13,C-057,Bella,Hotel,500.0,Transferencia,EMP-02,,1
DD-005230,2023-10-13,C-063,Estrella,Baño,420.0,Efectivo,EMP-06,alérgico a champú,1
DD-005570,2023-10-13,C-241,Canela,Adiestramiento,680.0,Tarjeta,EMP-07,,0
DD-005324,2023-10-13,C-119,Canela,Guardería,180.0,Transferencia,EMP-04,,0
DD-005225,2023-10-13,C-061,Toby,Guardería,170.0,Tarjeta,EMP-05,,1
DD-005281,2023-10-13,C-093,Thor,Guardería,220.0,Tarjeta,EMP-04,cliente frecuente,0
DD-005330,2023-10-13,C-123,Ringo,Hotel,510.0,Efectivo,EMP-01,,0
DD-005681,2023-10-13,C-297,Sasha,Guardería,240.0,Efectivo,EMP-02,cliente VIP,0
DD-005308,2023-10-13,C-106,Charlie,Guardería,240.0,Efectivo,EMP-06,,0
DD-005485,2023-10-13,C-201,Rosa,Guardería,180.0,Efectivo,EMP-01,,0
DD-005153,2023-10-13,C-022,Sammy,Adiestramiento,570.0,Tarjeta,EMP-07,traer vacunas,1
DD-005338,2023-10-13,C-126,Manchas,Guardería,160.0,Tarjeta,EMP-04,primera visita,0
DD-005307,2023-10-13,C-104,Rosa,Hotel,560.0,Efectivo,EMP-03,,0
DD-005549,2023-10-14,C-232,Thor,Corte,360.0,Tarjeta,EMP-05,,0
DD-005228,2023-10-14,C-062,Zeus,Baño,410.0,Efectivo,EMP-01,,1
DD-005383,2023-10-14,C-147,Rex,Corte,330.0,Transferencia,EMP-08,primera visita,0
DD-005248,2023-10-14,C-074,Fifi,Baño,220.0,Tarjeta,EMP-07,propina incluida,1
DD-005159,2023-10-14,C-025,Lola,Corte,340.0,Transferencia,EMP-06,,1
DD-005530,2023-10-14,C-222,Canela,Baño,330.0,Tarjeta,EMP-07,alérgico a champú,0
DD-005595,2023-10-14,C-252,Kira,Guardería,250.0,Tarjeta,EMP-05,,0
DD-005398,2023-10-14,C-155,Nala,Hotel,520.0,Tarjeta,EMP-06,cliente VIP,0
DD-005477,2023-10-14,C-195,Rocky,Corte,350.0,Efectivo,EMP-06,propina incluida,0
DD-005571,2023-10-14,C-241,Canela,Corte,410.0,Efectivo,EMP-07,,0
DD-005527,2023-10-14,C-221,Beto,Guardería,160.0,Efectivo,EMP-02,,0
DD-005559,2023-10-14,C-236,Frida,Guardería,220.0,Efectivo,EMP-06,,0
DD-005161,2023-10-14,C-028,Princesa,Hotel,500.0,Efectivo,EMP-04,cliente frecuente,1
DD-005293,2023-10-14,C-097,Bella,Corte,330.0,Efectivo,EMP-03,primera visita,0
DD-005451,2023-10-14,C-183,Sammy,Guardería,160.0,Efectivo,EMP-01,,0
DD-005423,2023-10-14,C-168,Charlie,Guardería,160.0,Tarjeta,EMP-04,,0
DD-005621,2023-10-14,C-263,Nena,Guardería,190.0,Transferencia,EMP-02,traer vacunas,0
DD-005319,2023-10-14,C-113,Lola,Guardería,230.0,Tarjeta,EMP-07,cliente VIP,0
DD-005625,2023-10-14,C-265,Duke,Adiestramiento,490.0,Efectivo,EMP-02,pago pendiente,0
DD-005624,2023-10-14,C-265,Duke,Guardería,220.0,Efectivo,EMP-08,propina incluida,0
DD-005123,2023-10-14,C-009,Rosa,Baño,370.0,Transferencia,EMP-03,requiere cita previa,1
DD-005369,2023-10-14,C-139,Panda,Hotel,410.0,Tarjeta,EMP-02,cliente VIP,0
DD-005622,2023-10-14,C-264,Sultan,Baño,430.0,Efectivo,EMP-01,traer vacunas,0
DD-005377,2023-10-14,C-144,Rex,Corte,420.0,Efectivo,EMP-05,,0
DD-005500,2023-10-15,C-212,Negro,Guardería,250.0,Efectivo,EMP-08,descuento aplicado,0
DD-005147,2023-10-15,C-019,Canela,Corte,320.0,Efectivo,EMP-05,cliente VIP,1
DD-005131,2023-10-15,C-012,Chispa,Baño,250.0,Efectivo,EMP-01,requiere cita previa,1
DD-005417,2023-10-15,C-167,Coco,Baño,280.0,Tarjeta,EMP-02,traer vacunas,0
DD-005151,2023-10-15,C-020,Fifi,Guardería,250.0,Tarjeta,EMP-03,propina incluida,1
DD-005321,2023-10-15,C-116,Bonita,Guardería,240.0,Efectivo,EMP-06,,0
DD-005511,2023-10-15,C-215,Daisy,Guardería,220.0,Efectivo,EMP-08,,0
DD-005518,2023-10-15,C-217,Sultan,Hotel,550.0,Efectivo,EMP-08,,0
DD-005328,2023-10-15,C-121,Duke,Baño,430.0,Efectivo,EMP-06,,0
DD-005341,2023-10-15,C-127,Beto,Guardería,160.0,Transferencia,EMP-02,,0
DD-005544,2023-10-15,C-229,Bella,Baño,430.0,Transferencia,EMP-03,pago pendiente,0
DD-005288,2023-10-15,C-096,Chato,Hotel,370.0,Tarjeta,EMP-05,alérgico a champú,0
DD-005545,2023-10-15,C-230,Chico,Guardería,210.0,Tarjeta,EMP-05,propina incluida,0
DD-005610,2023-10-15,C-258,Lola,Adiestramiento,730.0,Tarjeta,EMP-01,alérgico a champú,0
DD-005185,2023-10-15,C-039,Tigrillo,Baño,280.0,Tarjeta,EMP-05,alérgico a champú,1
DD-005336,2023-10-15,C-125,Tigrillo,Corte,440.0,Efectivo,EMP-07,descuento aplicado,0
DD-005557,2023-10-15,C-236,Frida,Baño,430.0,Efectivo,EMP-08,,0
DD-005360,2023-10-15,C-133,Gus,Baño,290.0,Tarjeta,EMP-04,,0
DD-005223,2023-10-15,C-061,Toby,Guardería,240.0,Tarjeta,EMP-05,,1
DD-005535,2023-10-15,C-225,Simba,Guardería,220.0,Transferencia,EMP-08,primera visita,0
DD-005640,2023-10-15,C-273,Nena,Guardería,160.0,Tarjeta,EMP-02,,0
DD-005644,2023-10-15,C-277,Panda,Corte,400.0,Tarjeta,EMP-01,,0
DD-005355,2023-10-16,C-132,Blanca,Baño,280.0,Efectivo,EMP-06,perro agresivo,0
DD-005699,2023-10-16,C-307,Daisy,Baño,330.0,Efectivo,EMP-08,traer vacunas,0
DD-005720,2023-10-16,C-319,Princesa,Hotel,490.0,Tarjeta,EMP-08,traer vacunas,0
DD-005703,2023-10-16,C-310,Paloma,Baño,410.0,Transferencia,EMP-08,,0
DD-005555,2023-10-16,C-236,Frida,Guardería,180.0,Tarjeta,EMP-06,propina incluida,0
DD-005266,2023-10-16,C-084,Pancho,Guardería,180.0,Efectivo,EMP-06,cliente frecuente,0
DD-005116,2023-10-16,C-004,Paloma,Guardería,220.0,Tarjeta,EMP-03,pago pendiente,1
DD-005614,2023-10-16,C-260,Bonita,Guardería,190.0,Efectivo,EMP-05,cliente VIP,0
DD-005300,2023-10-16,C-100,Rosa,Guardería,230.0,Efectivo,EMP-03,pago pendiente,0
DD-005659,2023-10-16,C-288,Boby,Guardería,180.0,Tarjeta,EMP-03,,0
DD-005651,2023-10-16,C-280,Nena,Guardería,210.0,Transferencia,EMP-08,pago pendiente,0
DD-005313,2023-10-16,C-109,Lobo,Corte,440.0,Transferencia,EMP-08,,0
DD-005148,2023-10-16,C-019,Canela,Guardería,240.0,Efectivo,EMP-07,primera visita,1
DD-005630,2023-10-16,C-270,Luna,Guardería,220.0,Tarjeta,EMP-02,propina incluida,0
DD-005498,2023-10-16,C-208,Coco,Hotel,410.0,Efectivo,EMP-08,,0
DD-005250,2023-10-16,C-074,Fifi,Baño,280.0,Efectivo,EMP-04,,1
DD-005322,2023-10-17,C-118,Bonita,Baño,420.0,Transferencia,EMP-01,cliente frecuente,0
DD-005125,2023-10-17,C-009,Rosa,Baño,380.0,Tarjeta,EMP-05,perro agresivo,1
DD-005695,2023-10-17,C-304,Buddy,Adiestramiento,760.0,Tarjeta,EMP-04,,0
DD-005524,2023-10-17,C-220,Sammy,Corte,420.0,Efectivo,EMP-06,,0
DD-005233,2023-10-17,C-065,Buddy,Baño,400.0,Transferencia,EMP-06,traer vacunas,1
DD-005455,2023-10-17,C-185,Toby,Baño,340.0,Transferencia,EMP-04,descuento aplicado,0
DD-005178,2023-10-17,C-035,Pancho,Baño,290.0,Efectivo,EMP-02,traer vacunas,1
DD-005452,2023-10-17,C-183,Sammy,Baño,270.0,Tarjeta,EMP-06,alérgico a champú,0
DD-005668,2023-10-17,C-293,Blanca,Guardería,170.0,Efectivo,EMP-07,perro agresivo,0
DD-005697,2023-10-17,C-305,Paloma,Baño,360.0,Tarjeta,EMP-05,requiere cita previa,0
DD-005649,2023-10-17,C-279,Coco,Guardería,170.0,Efectivo,EMP-07,,0
DD-005243,2023-10-17,C-071,Daisy,Adiestramiento,770.0,Efectivo,EMP-07,,1
DD-005415,2023-10-17,C-165,Frida,Baño,370.0,Efectivo,EMP-05,,0
DD-005409,2023-10-17,C-162,Kira,Baño,340.0,Efectivo,EMP-04,,0
DD-005390,2023-10-17,C-150,Duke,Guardería,150.0,Efectivo,EMP-06,,0
DD-005205,2023-10-17,C-052,Estrella,Baño,220.0,Efectivo,EMP-07,alérgico a champú,1
DD-005660,2023-10-17,C-288,Boby,Guardería,220.0,Transferencia,EMP-06,propina incluida,0
DD-005712,2023-10-17,C-314,Blanca,Baño,380.0,Transferencia,EMP-01,perro agresivo,0
DD-005128,2023-10-17,C-010,Maya,Guardería,200.0,Efectivo,EMP-08,alérgico a champú,1
DD-005188,2023-10-17,C-041,Tigrillo,Guardería,230.0,Transferencia,EMP-04,propina incluida,1
DD-005662,2023-10-17,C-289,Kira,Baño,250.0,Efectivo,EMP-06,,0
DD-005399,2023-10-17,C-155,Nala,Guardería,220.0,Tarjeta,EMP-04,propina incluida,0
DD-005183,2023-10-17,C-038,Buddy,Baño,290.0,Efectivo,EMP-07,,1
DD-005363,2023-10-17,C-135,Bella,Adiestramiento,700.0,Tarjeta,EMP-07,pago pendiente,0
DD-005620,2023-10-17,C-263,Nena,Guardería,160.0,Efectivo,EMP-04,,0
DD-005257,2023-10-17,C-078,Kira,Baño,220.0,Transferencia,EMP-06,,1
DD-005466,2023-10-18,C-192,Sammy,Baño,250.0,Efectivo,EMP-01,cliente VIP,0
DD-005392,2023-10-18,C-150,Duke,Guardería,240.0,Efectivo,EMP-01,traer vacunas,0
DD-005284,2023-10-18,C-095,Nala,Guardería,220.0,Efectivo,EMP-04,propina incluida,0
DD-005481,2023-10-18,C-197,Mia,Corte,340.0,Transferencia,EMP-07,descuento aplicado,0
DD-005320,2023-10-18,C-114,Rocky,Baño,440.0,Tarjeta,EMP-04,alérgico a champú,0
DD-005608,2023-10-18,C-258,Lola,Baño,250.0,Efectivo,EMP-06,cliente VIP,0
DD-005566,2023-10-18,C-239,Pancho,Hotel,510.0,Efectivo,EMP-01,perro agresivo,0
DD-005229,2023-10-18,C-063,Estrella,Baño,270.0,Tarjeta,EMP-01,propina incluida,1
DD-005222,2023-10-18,C-060,Lobo,Baño,340.0,Tarjeta,EMP-01,,1
DD-005623,2023-10-18,C-264,Sultan,Corte,290.0,Efectivo,EMP-01,cliente frecuente,0
DD-005656,2023-10-18,C-286,Estrella,Baño,360.0,Efectivo,EMP-06,,0
DD-005373,2023-10-18,C-140,Chispa,Hotel,360.0,Transferencia,EMP-07,requiere cita previa,0
DD-005326,2023-10-18,C-120,Duke,Corte,500.0,Efectivo,EMP-05,descuento aplicado,0
DD-005404,2023-10-18,C-158,Negro,Corte,380.0,Efectivo,EMP-05,perro agresivo,0
DD-005504,2023-10-19,C-213,Pancho,Corte,420.0,Tarjeta,EMP-05,alérgico a champú,0
DD-005638,2023-10-19,C-273,Nena,Guardería,240.0,Efectivo,EMP-05,primera visita,0
DD-005215,2023-10-19,C-056,Bonita,Guardería,190.0,Efectivo,EMP-02,pago pendiente,1
DD-005483,2023-10-19,C-199,Pepa,Hotel,530.0,Tarjeta,EMP-02,,0
DD-005410,2023-10-19,C-163,Rocky,Guardería,180.0,Tarjeta,EMP-06,,0
DD-005488,2023-10-19,C-201,Rosa,Baño,310.0,Transferencia,EMP-01,,0
DD-005591,2023-10-19,C-250,Pepa,Guardería,230.0,Tarjeta,EMP-08,,0
DD-005329,2023-10-19,C-121,Duke,Guardería,220.0,Transferencia,EMP-08,cliente VIP,0
DD-005312,2023-10-19,C-109,Lobo,Guardería,210.0,Transferencia,EMP-03,traer vacunas,0
DD-005536,2023-10-19,C-226,Chispa,Hotel,440.0,Tarjeta,EMP-02,alérgico a champú,0
DD-005431,2023-10-19,C-172,Tito,Corte,350.0,Efectivo,EMP-06,requiere cita previa,0
DD-005461,2023-10-19,C-188,Chico,Corte,400.0,Efectivo,EMP-08,,0
DD-005426,2023-10-19,C-170,Frida,Hotel,420.0,Efectivo,EMP-02,cliente VIP,0
DD-005310,2023-10-19,C-108,Sasha,Guardería,200.0,Tarjeta,EMP-04,perro agresivo,0
DD-005603,2023-10-19,C-255,Frida,Guardería,160.0,Transferencia,EMP-06,alérgico a champú,0
DD-005439,2023-10-19,C-175,Panda,Guardería,200.0,Efectivo,EMP-03,traer vacunas,0
DD-005471,2023-10-19,C-193,Zeus,Guardería,190.0,Transferencia,EMP-02,descuento aplicado,0
DD-005379,2023-10-19,C-144,Rex,Baño,310.0,Tarjeta,EMP-06,,0
DD-005126,2023-10-19,C-010,Maya,Guardería,220.0,Efectivo,EMP-03,,1
DD-005672,2023-10-20,C-295,Chico,Guardería,250.0,Transferencia,EMP-04,descuento aplicado,0
DD-005588,2023-10-20,C-249,Kira,Adiestramiento,790.0,Tarjeta,EMP-01,descuento aplicado,0
DD-005505,2023-10-20,C-213,Pancho,Baño,230.0,Tarjeta,EMP-07,alérgico a champú,0
DD-005214,2023-10-20,C-055,Bear,Baño,410.0,Efectivo,EMP-08,,1
DD-005252,2023-10-20,C-075,Chato,Corte,360.0,Tarjeta,EMP-07,,1
DD-005208,2023-10-20,C-053,Buddy,Guardería,210.0,Tarjeta,EMP-01,perro agresivo,1
DD-005353,2023-10-20,C-131,Sultan,Guardería,240.0,Tarjeta,EMP-01,,0
DD-005680,2023-10-20,C-297,Sasha,Guardería,150.0,Transferencia,EMP-05,alérgico a champú,0
DD-005119,2023-10-20,C-006,Thor,Corte,300.0,Efectivo,EMP-08,descuento aplicado,1
DD-005424,2023-10-20,C-168,Charlie,Hotel,360.0,Efectivo,EMP-02,,0
DD-005368,2023-10-20,C-139,Panda,Corte,330.0,Tarjeta,EMP-02,pago pendiente,0
DD-005337,2023-10-20,C-125,Tigrillo,Baño,360.0,Efectivo,EMP-08,traer vacunas,0
DD-005311,2023-10-20,C-108,Sasha,Adiestramiento,420.0,Efectivo,EMP-08,pago pendiente,0
DD-005165,2023-10-20,C-030,Bear,Baño,360.0,Efectivo,EMP-01,,1
DD-005156,2023-10-20,C-023,Tito,Guardería,240.0,Transferencia,EMP-01,propina incluida,1
DD-005523,2023-10-20,C-220,Sammy,Hotel,370.0,Tarjeta,EMP-02,,0
DD-005176,2023-10-20,C-034,Gus,Hotel,580.0,Efectivo,EMP-03,cliente frecuente,1
DD-005634,2023-10-20,C-272,Boby,Guardería,190.0,Efectivo,EMP-01,cliente VIP,0
DD-005115,2023-10-20,C-003,Bella,Adiestramiento,440.0,Tarjeta,EMP-06,,1
DD-005411,2023-10-20,C-163,Rocky,Guardería,200.0,Efectivo,EMP-04,pago pendiente,0
DD-005166,2023-10-20,C-030,Bear,Guardería,240.0,Efectivo,EMP-03,,1
DD-005548,2023-10-21,C-232,Thor,Baño,300.0,Efectivo,EMP-07,,0
DD-005512,2023-10-21,C-215,Daisy,Hotel,590.0,Tarjeta,EMP-08,descuento aplicado,0
DD-005305,2023-10-21,C-104,Rosa,Hotel,540.0,Efectivo,EMP-03,,0
DD-005538,2023-10-21,C-227,Maya,Hotel,560.0,Tarjeta,EMP-03,,0
DD-005177,2023-10-21,C-034,Gus,Corte,260.0,Tarjeta,EMP-03,,1
DD-005592,2023-10-21,C-250,Pepa,Guardería,220.0,Tarjeta,EMP-03,descuento aplicado,0
DD-005402,2023-10-21,C-157,Thor,Guardería,250.0,Tarjeta,EMP-06,primera visita,0
DD-005432,2023-10-21,C-172,Tito,Baño,240.0,Tarjeta,EMP-06,,0
DD-005350,2023-10-21,C-130,Gordo,Guardería,160.0,Tarjeta,EMP-08,traer vacunas,0
DD-005247,2023-10-21,C-073,Max,Guardería,230.0,Tarjeta,EMP-05,descuento aplicado,1
DD-005276,2023-10-21,C-089,Panda,Guardería,210.0,Efectivo,EMP-02,propina incluida,0
DD-005253,2023-10-21,C-075,Chato,Corte,260.0,Efectivo,EMP-02,,1
DD-005459,2023-10-21,C-186,Frida,Guardería,200.0,Tarjeta,EMP-01,,0
DD-005210,2023-10-21,C-054,Mia,Hotel,420.0,Tarjeta,EMP-04,traer vacunas,1
DD-005690,2023-10-21,C-300,Manchas,Guardería,190.0,Efectivo,EMP-06,,0
DD-005475,2023-10-21,C-195,Rocky,Hotel,390.0,Efectivo,EMP-05,perro agresivo,0
DD-005412,2023-10-21,C-163,Rocky,Guardería,170.0,Efectivo,EMP-07,,0
DD-005693,2023-10-21,C-304,Buddy,Baño,220.0,Efectivo,EMP-04,traer vacunas,0
DD-005234,2023-10-21,C-065,Buddy,Baño,340.0,Tarjeta,EMP-07,,1
DD-005495,2023-10-21,C-206,Simba,Adiestramiento,780.0,Efectivo,EMP-01,,0
DD-005235,2023-10-22,C-067,Bonita,Guardería,220.0,Tarjeta,EMP-01,primera visita,1
DD-005713,2023-10-22,C-315,Zeus,Baño,390.0,Tarjeta,EMP-06,descuento aplicado,0
DD-005438,2023-10-22,C-175,Panda,Corte,480.0,Efectivo,EMP-08,descuento aplicado,0
DD-005352,2023-10-22,C-130,Gordo,Baño,300.0,Tarjeta,EMP-01,primera visita,0
DD-005287,2023-10-22,C-095,Nala,Guardería,250.0,Tarjeta,EMP-05,descuento aplicado,0
DD-005400,2023-10-22,C-155,Nala,Corte,320.0,Tarjeta,EMP-07,perro agresivo,0
DD-005384,2023-10-22,C-148,Lola,Baño,430.0,Transferencia,EMP-08,,0
DD-005589,2023-10-22,C-249,Kira,Guardería,200.0,Transferencia,EMP-01,primera visita,0
DD-005502,2023-10-22,C-212,Negro,Guardería,210.0,Tarjeta,EMP-07,,0
DD-005386,2023-10-22,C-149,Toby,Baño,200.0,Tarjeta,EMP-03,cliente VIP,0
DD-005501,2023-10-22,C-212,Negro,Adiestramiento,600.0,Tarjeta,EMP-01,descuento aplicado,0
DD-005232,2023-10-22,C-065,Buddy,Corte,490.0,Transferencia,EMP-07,alérgico a champú,1
DD-005567,2023-10-22,C-239,Pancho,Baño,240.0,Tarjeta,EMP-08,,0
DD-005709,2023-10-22,C-312,Bella,Guardería,210.0,Transferencia,EMP-04,,0
DD-005209,2023-10-22,C-054,Mia,Adiestramiento,520.0,Tarjeta,EMP-01,,1
DD-005496,2023-10-22,C-207,Ringo,Adiestramiento,510.0,Tarjeta,EMP-02,propina incluida,0
DD-005460,2023-10-22,C-187,Simba,Guardería,150.0,Transferencia,EMP-05,perro agresivo,0
DD-005401,2023-10-22,C-156,Beto,Adiestramiento,430.0,Tarjeta,EMP-08,propina incluida,0
DD-005227,2023-10-22,C-062,Zeus,Guardería,230.0,Tarjeta,EMP-01,descuento aplicado,1
DD-005212,2023-10-22,C-054,Mia,Hotel,520.0,Tarjeta,EMP-06,cliente frecuente,1
DD-005282,2023-10-22,C-094,Bear,Baño,230.0,Efectivo,EMP-06,cliente VIP,0
DD-005280,2023-10-22,C-093,Thor,Guardería,180.0,Tarjeta,EMP-03,,0
DD-005716,2023-10-22,C-316,Nina,Baño,260.0,Efectivo,EMP-07,primera visita,0
DD-005334,2023-10-22,C-125,Tigrillo,Adiestramiento,780.0,Tarjeta,EMP-03,alérgico a champú,0
DD-005122,2023-10-23,C-008,Boby,Baño,220.0,Efectivo,EMP-05,cliente frecuente,1
DD-005597,2023-10-23,C-253,Luna,Baño,380.0,Tarjeta,EMP-08,,0
DD-005654,2023-10-23,C-286,Estrella,Hotel,510.0,Efectivo,EMP-08,,0
DD-005613,2023-10-23,C-260,Bonita,Baño,360.0,Efectivo,EMP-03,,0
DD-005628,2023-10-23,C-268,Nala,Guardería,220.0,Tarjeta,EMP-03,traer vacunas,0
DD-005194,2023-10-23,C-043,Luna,Baño,360.0,Tarjeta,EMP-07,requiere cita previa,1
DD-005447,2023-10-23,C-181,Nala,Guardería,160.0,Transferencia,EMP-07,cliente VIP,0
DD-005515,2023-10-23,C-216,Bonita,Guardería,230.0,Efectivo,EMP-03,,0
DD-005473,2023-10-23,C-194,Nina,Hotel,590.0,Tarjeta,EMP-04,,0
DD-005519,2023-10-23,C-219,Nina,Hotel,420.0,Tarjeta,EMP-08,cliente VIP,0
DD-005278,2023-10-23,C-090,Coco,Guardería,160.0,Efectivo,EMP-07,perro agresivo,0
DD-005331,2023-10-23,C-123,Ringo,Baño,290.0,Efectivo,EMP-07,cliente frecuente,0
DD-005168,2023-10-23,C-031,Ringo,Baño,430.0,Efectivo,EMP-08,alérgico a champú,1
DD-005221,2023-10-23,C-060,Lobo,Adiestramiento,700.0,Efectivo,EMP-08,,1
DD-005686,2023-10-23,C-299,Negro,Hotel,530.0,Efectivo,EMP-08,alérgico a champú,0
DD-005542,2023-10-23,C-228,Sasha,Guardería,250.0,Tarjeta,EMP-06,,0
DD-005388,2023-10-23,C-150,Duke,Guardería,180.0,Tarjeta,EMP-01,traer vacunas,0
DD-005387,2023-10-23,C-149,Toby,Guardería,250.0,Transferencia,EMP-05,cliente VIP,0
DD-005509,2023-10-23,C-215,Daisy,Guardería,220.0,Efectivo,EMP-05,descuento aplicado,0
DD-005456,2023-10-24,C-185,Toby,Guardería,170.0,Efectivo,EMP-07,,0
DD-005453,2023-10-24,C-184,Mia,Guardería,240.0,Efectivo,EMP-04,,0
DD-005650,2023-10-24,C-280,Nena,Baño,290.0,Tarjeta,EMP-06,,0
DD-005245,2023-10-24,C-071,Daisy,Corte,400.0,Efectivo,EMP-06,,1
DD-005114,2023-10-24,C-003,Bella,Guardería,170.0,Efectivo,EMP-02,,1
DD-005627,2023-10-24,C-268,Nala,Guardería,230.0,Tarjeta,EMP-06,,0
DD-005162,2023-10-24,C-029,Gus,Guardería,220.0,Tarjeta,EMP-02,perro agresivo,1
DD-005395,2023-10-24,C-152,Rex,Baño,220.0,Tarjeta,EMP-02,requiere cita previa,0
DD-005391,2023-10-24,C-150,Duke,Baño,260.0,Tarjeta,EMP-02,pago pendiente,0
DD-005605,2023-10-24,C-256,Chato,Guardería,160.0,Efectivo,EMP-01,,0
DD-005434,2023-10-24,C-173,Charlie,Baño,260.0,Efectivo,EMP-06,,0
DD-005714,2023-10-24,C-315,Zeus,Guardería,240.0,Tarjeta,EMP-05,alérgico a champú,0
DD-005127,2023-10-24,C-010,Maya,Corte,300.0,Efectivo,EMP-02,perro agresivo,1
DD-005679,2023-10-24,C-296,Duke,Hotel,540.0,Tarjeta,EMP-04,propina incluida,0
DD-005298,2023-10-24,C-099,Gordo,Baño,390.0,Efectivo,EMP-07,,0
DD-005317,2023-10-24,C-112,Princesa,Guardería,250.0,Efectivo,EMP-04,,0
DD-005316,2023-10-24,C-112,Princesa,Corte,330.0,Tarjeta,EMP-03,pago pendiente,0
DD-005718,2023-10-24,C-319,Princesa,Baño,360.0,Tarjeta,EMP-06,perro agresivo,0
DD-005242,2023-10-24,C-070,Buddy,Guardería,200.0,Efectivo,EMP-01,descuento aplicado,1
DD-005639,2023-10-24,C-273,Nena,Baño,410.0,Efectivo,EMP-02,,0
DD-005537,2023-10-24,C-226,Chispa,Corte,400.0,Efectivo,EMP-05,primera visita,0
DD-005192,2023-10-25,C-043,Luna,Baño,440.0,Tarjeta,EMP-05,,1
DD-005676,2023-10-25,C-296,Duke,Guardería,180.0,Tarjeta,EMP-08,alérgico a champú,0
DD-005661,2023-10-25,C-289,Kira,Adiestramiento,550.0,Efectivo,EMP-02,alérgico a champú,0
DD-005374,2023-10-25,C-140,Chispa,Guardería,250.0,Transferencia,EMP-05,,0
DD-005191,2023-10-25,C-042,Nena,Hotel,380.0,Tarjeta,EMP-07,,1
DD-005348,2023-10-25,C-130,Gordo,Baño,390.0,Transferencia,EMP-01,traer vacunas,0
DD-005260,2023-10-25,C-079,Charlie,Baño,420.0,Efectivo,EMP-05,,1
DD-005175,2023-10-25,C-034,Gus,Baño,240.0,Efectivo,EMP-06,pago pendiente,1
DD-005169,2023-10-25,C-032,Tito,Hotel,480.0,Efectivo,EMP-04,,1
DD-005517,2023-10-25,C-217,Sultan,Guardería,190.0,Efectivo,EMP-04,,0
DD-005206,2023-10-25,C-053,Buddy,Guardería,220.0,Efectivo,EMP-04,cliente frecuente,1
DD-005514,2023-10-25,C-215,Daisy,Corte,440.0,Tarjeta,EMP-07,cliente frecuente,0
DD-005435,2023-10-25,C-174,Chispa,Hotel,500.0,Efectivo,EMP-04,,0
DD-005494,2023-10-25,C-205,Pepa,Guardería,200.0,Efectivo,EMP-04,cliente frecuente,0
DD-005683,2023-10-25,C-297,Sasha,Guardería,240.0,Transferencia,EMP-04,requiere cita previa,0
DD-005325,2023-10-25,C-120,Duke,Guardería,220.0,Tarjeta,EMP-05,,0
DD-005270,2023-10-25,C-086,Gordo,Baño,280.0,Tarjeta,EMP-05,propina incluida,0
DD-005149,2023-10-25,C-019,Canela,Baño,440.0,Tarjeta,EMP-02,,1
DD-005364,2023-10-25,C-136,Simba,Guardería,160.0,Tarjeta,EMP-03,perro agresivo,0
DD-005611,2023-10-25,C-258,Lola,Guardería,230.0,Efectivo,EMP-07,traer vacunas,0
DD-005173,2023-10-26,C-034,Gus,Guardería,230.0,Tarjeta,EMP-03,requiere cita previa,1
DD-005711,2023-10-26,C-313,Nala,Guardería,190.0,Tarjeta,EMP-01,traer vacunas,0
DD-005273,2023-10-26,C-087,Sasha,Guardería,240.0,Efectivo,EMP-02,primera visita,0
DD-005636,2023-10-26,C-272,Boby,Baño,420.0,Tarjeta,EMP-06,,0
DD-005289,2023-10-26,C-096,Chato,Hotel,580.0,Tarjeta,EMP-07,,0
DD-005285,2023-10-26,C-095,Nala,Hotel,580.0,Transferencia,EMP-04,alérgico a champú,0
DD-005323,2023-10-26,C-118,Bonita,Adiestramiento,520.0,Efectivo,EMP-06,,0
DD-005706,2023-10-26,C-311,Nala,Baño,450.0,Efectivo,EMP-03,traer vacunas,0
DD-005200,2023-10-26,C-050,Max,Guardería,220.0,Efectivo,EMP-04,alérgico a champú,1
DD-005351,2023-10-26,C-130,Gordo,Guardería,180.0,Tarjeta,EMP-07,descuento aplicado,0
DD-005702,2023-10-26,C-309,Boby,Corte,400.0,Tarjeta,EMP-03,,0
DD-005552,2023-10-26,C-234,Toby,Adiestramiento,580.0,Tarjeta,EMP-01,cliente frecuente,0
DD-005193,2023-10-26,C-043,Luna,Guardería,170.0,Efectivo,EMP-01,,1
DD-005450,2023-10-26,C-182,Negro,Adiestramiento,690.0,Tarjeta,EMP-03,,0
DD-005457,2023-10-26,C-186,Frida,Guardería,150.0,Efectivo,EMP-05,traer vacunas,0
DD-005433,2023-10-26,C-172,Tito,Corte,400.0,Tarjeta,EMP-02,pago pendiente,0
DD-005255,2023-10-26,C-075,Chato,Baño,380.0,Transferencia,EMP-01,alérgico a champú,1
DD-005240,2023-10-26,C-069,Paloma,Corte,490.0,Efectivo,EMP-01,,1
DD-005258,2023-10-26,C-078,Kira,Baño,280.0,Tarjeta,EMP-07,cliente frecuente,1
DD-005657,2023-10-26,C-287,Maya,Guardería,220.0,Efectivo,EMP-01,requiere cita previa,0
DD-005111,2023-10-26,C-001,Lobo,Guardería,160.0,Efectivo,EMP-03,,1
DD-005612,2023-10-26,C-258,Lola,Guardería,160.0,Efectivo,EMP-08,primera visita,0
DD-005419,2023-10-26,C-167,Coco,Baño,390.0,Transferencia,EMP-06,propina incluida,0
DD-005556,2023-10-27,C-236,Frida,Guardería,190.0,Transferencia,EMP-07,pago pendiente,0
DD-005124,2023-10-27,C-009,Rosa,Corte,370.0,Efectivo,EMP-02,cliente frecuente,1
DD-005540,2023-10-27,C-227,Maya,Guardería,240.0,Efectivo,EMP-02,primera visita,0
DD-005569,2023-10-27,C-241,Canela,Baño,200.0,Efectivo,EMP-02,alérgico a champú,0
DD-005482,2023-10-27,C-198,Chato,Guardería,180.0,Efectivo,EMP-05,,0
DD-005551,2023-10-27,C-233,Manchas,Baño,430.0,Tarjeta,EMP-06,,0
DD-005268,2023-10-27,C-086,Gordo,Baño,200.0,Efectivo,EMP-03,,0
DD-005203,2023-10-27,C-050,Max,Guardería,230.0,Tarjeta,EMP-08,,1
DD-005443,2023-10-27,C-177,Princesa,Hotel,360.0,Tarjeta,EMP-05,,0
DD-005442,2023-10-27,C-177,Princesa,Corte,250.0,Efectivo,EMP-07,requiere cita previa,0
DD-005440,2023-10-27,C-176,Estrella,Guardería,200.0,Tarjeta,EMP-05,,0
DD-005335,2023-10-27,C-125,Tigrillo,Baño,240.0,Efectivo,EMP-01,,0
DD-005339,2023-10-27,C-126,Manchas,Baño,430.0,Efectivo,EMP-01,primera visita,0
DD-005576,2023-10-27,C-242,Sammy,Baño,380.0,Efectivo,EMP-08,cliente frecuente,0
DD-005180,2023-10-27,C-035,Pancho,Adiestramiento,520.0,Efectivo,EMP-06,primera visita,1
DD-005708,2023-10-28,C-312,Bella,Guardería,170.0,Efectivo,EMP-03,,0
DD-005721,2023-10-28,C-320,Negro,Baño,400.0,Efectivo,EMP-06,requiere cita previa,0
DD-005539,2023-10-28,C-227,Maya,Guardería,210.0,Tarjeta,EMP-05,alérgico a champú,0
DD-005543,2023-10-28,C-229,Bella,Baño,360.0,Efectivo,EMP-07,,0
DD-005487,2023-10-28,C-201,Rosa,Guardería,190.0,Efectivo,EMP-03,,0
DD-005484,2023-10-28,C-199,Pepa,Guardería,190.0,Tarjeta,EMP-06,primera visita,0
DD-005547,2023-10-28,C-230,Chico,Adiestramiento,440.0,Efectivo,EMP-01,primera visita,0
DD-005553,2023-10-28,C-234,Toby,Guardería,190.0,Tarjeta,EMP-01,propina incluida,0
DD-005344,2023-10-28,C-129,Tigrillo,Baño,200.0,Efectivo,EMP-03,,0
DD-005572,2023-10-28,C-241,Canela,Guardería,160.0,Efectivo,EMP-08,cliente VIP,0
DD-005254,2023-10-28,C-075,Chato,Baño,210.0,Transferencia,EMP-08,cliente VIP,1
DD-005249,2023-10-28,C-074,Fifi,Baño,260.0,Tarjeta,EMP-05,pago pendiente,1
DD-005244,2023-10-28,C-071,Daisy,Guardería,150.0,Efectivo,EMP-01,,1
DD-005600,2023-10-28,C-254,Fifi,Guardería,200.0,Tarjeta,EMP-02,perro agresivo,0
DD-005130,2023-10-28,C-012,Chispa,Hotel,410.0,Efectivo,EMP-07,,1
DD-005617,2023-10-28,C-262,Charlie,Guardería,240.0,Tarjeta,EMP-02,propina incluida,0
DD-005211,2023-10-28,C-054,Mia,Guardería,210.0,Efectivo,EMP-02,,1
DD-005217,2023-10-28,C-057,Bella,Guardería,240.0,Efectivo,EMP-05,,1
DD-005607,2023-10-28,C-257,Canela,Baño,260.0,Transferencia,EMP-05,perro agresivo,0
DD-005306,2023-10-28,C-104,Rosa,Hotel,500.0,Tarjeta,EMP-06,,0
DD-005190,2023-10-28,C-042,Nena,Adiestramiento,510.0,Tarjeta,EMP-06,,1
DD-005606,2023-10-28,C-256,Chato,Guardería,240.0,Tarjeta,EMP-01,cliente VIP,0
DD-005687,2023-10-29,C-299,Negro,Guardería,230.0,Transferencia,EMP-03,cliente frecuente,0
DD-005418,2023-10-29,C-167,Coco,Guardería,180.0,Efectivo,EMP-03,perro agresivo,0
DD-005385,2023-10-29,C-149,Toby,Baño,240.0,Efectivo,EMP-02,,0
DD-005470,2023-10-29,C-192,Sammy,Hotel,410.0,Efectivo,EMP-04,alérgico a champú,0
DD-005521,2023-10-29,C-219,Nina,Guardería,240.0,Tarjeta,EMP-04,pago pendiente,0
DD-005689,2023-10-29,C-299,Negro,Baño,300.0,Efectivo,EMP-08,,0
DD-005428,2023-10-29,C-170,Frida,Baño,270.0,Efectivo,EMP-08,requiere cita previa,0
DD-005682,2023-10-29,C-297,Sasha,Baño,310.0,Efectivo,EMP-06,primera visita,0
DD-005489,2023-10-29,C-202,Tigrillo,Baño,380.0,Efectivo,EMP-03,,0
DD-005691,2023-10-29,C-302,Fifi,Hotel,480.0,Tarjeta,EMP-05,cliente frecuente,0
DD-005645,2023-10-29,C-278,Estrella,Adiestramiento,640.0,Efectivo,EMP-03,primera visita,0
DD-005531,2023-10-29,C-223,Sasha,Hotel,550.0,Tarjeta,EMP-01,traer vacunas,0
DD-005198,2023-10-29,C-048,Buddy,Adiestramiento,710.0,Tarjeta,EMP-03,,1
DD-005653,2023-10-29,C-282,Rosa,Guardería,230.0,Transferencia,EMP-08,propina incluida,0
DD-005129,2023-10-29,C-011,Daisy,Guardería,190.0,Efectivo,EMP-07,alérgico a champú,1
DD-005604,2023-10-29,C-255,Frida,Adiestramiento,750.0,Transferencia,EMP-01,,0
DD-005529,2023-10-29,C-221,Beto,Baño,280.0,Efectivo,EMP-05,descuento aplicado,0
DD-005271,2023-10-29,C-086,Gordo,Guardería,170.0,Efectivo,EMP-08,cliente VIP,0
DD-005139,2023-10-29,C-016,Max,Corte,320.0,Efectivo,EMP-01,,1
DD-005277,2023-10-29,C-089,Panda,Guardería,180.0,Efectivo,EMP-04,propina incluida,0
DD-005533,2023-10-29,C-224,Zeus,Baño,290.0,Efectivo,EMP-03,primera visita,0
DD-005675,2023-10-29,C-295,Chico,Baño,250.0,Transferencia,EMP-07,,0
DD-005458,2023-10-29,C-186,Frida,Guardería,160.0,Efectivo,EMP-06,alérgico a champú,0
DD-005448,2023-10-30,C-181,Nala,Corte,480.0,Tarjeta,EMP-02,perro agresivo,0
DD-005346,2023-10-30,C-129,Tigrillo,Guardería,220.0,Tarjeta,EMP-01,,0
DD-005715,2023-10-30,C-315,Zeus,Corte,290.0,Efectivo,EMP-02,,0
DD-005189,2023-10-30,C-041,Tigrillo,Guardería,160.0,Tarjeta,EMP-02,requiere cita previa,1
DD-005314,2023-10-30,C-110,Pancho,Hotel,580.0,Efectivo,EMP-08,cliente frecuente,0
DD-005318,2023-10-30,C-113,Lola,Corte,370.0,Tarjeta,EMP-06,,0
DD-005705,2023-10-30,C-310,Paloma,Baño,210.0,Tarjeta,EMP-04,traer vacunas,0
DD-005468,2023-10-30,C-192,Sammy,Guardería,170.0,Tarjeta,EMP-02,,0
DD-005692,2023-10-30,C-303,Toby,Corte,340.0,Tarjeta,EMP-08,,0
DD-005154,2023-10-30,C-022,Sammy,Guardería,250.0,Tarjeta,EMP-04,requiere cita previa,1
DD-005688,2023-10-30,C-299,Negro,Guardería,160.0,Tarjeta,EMP-05,alérgico a champú,0
DD-005629,2023-10-30,C-269,Maya,Hotel,430.0,Efectivo,EMP-05,cliente VIP,0
DD-005626,2023-10-30,C-265,Duke,Guardería,220.0,Tarjeta,EMP-07,,0
DD-005480,2023-10-30,C-196,Nina,Guardería,230.0,Efectivo,EMP-04,descuento aplicado,0
DD-005522,2023-10-30,C-219,Nina,Hotel,460.0,Tarjeta,EMP-01,traer vacunas,0
DD-005601,2023-10-30,C-254,Fifi,Baño,420.0,Tarjeta,EMP-04,descuento aplicado,0
DD-005135,2023-10-30,C-015,Panda,Guardería,160.0,Efectivo,EMP-04,,1
DD-005121,2023-10-30,C-008,Boby,Baño,290.0,Tarjeta,EMP-02,descuento aplicado,1
DD-005631,2023-10-31,C-270,Luna,Hotel,360.0,Efectivo,EMP-01,,0
DD-005226,2023-10-31,C-061,Toby,Baño,400.0,Efectivo,EMP-07,primera visita,1
DD-005658,2023-10-31,C-287,Maya,Guardería,180.0,Tarjeta,EMP-03,,0
DD-005598,2023-10-31,C-253,Luna,Baño,420.0,Transferencia,EMP-06,primera visita,0
DD-005647,2023-10-31,C-279,Coco,Guardería,180.0,Efectivo,EMP-08,,0
DD-005564,2023-10-31,C-239,Pancho,Guardería,160.0,Efectivo,EMP-05,,0
DD-005472,2023-10-31,C-194,Nina,Guardería,190.0,Tarjeta,EMP-01,traer vacunas,0
DD-005382,2023-10-31,C-147,Rex,Corte,480.0,Tarjeta,EMP-06,alérgico a champú,0
DD-005152,2023-10-31,C-021,Rocky,Adiestramiento,650.0,Transferencia,EMP-08,,1
DD-005704,2023-10-31,C-310,Paloma,Hotel,530.0,Transferencia,EMP-03,,0
DD-005120,2023-10-31,C-007,Tito,Baño,280.0,Efectivo,EMP-02,,1
DD-005503,2023-10-31,C-213,Pancho,Corte,270.0,Efectivo,EMP-02,,0
DD-005195,2023-10-31,C-045,Thor,Guardería,240.0,Efectivo,EMP-05,perro agresivo,1
DD-005807,2023-11-01,C-043,Luna,Corte,260.0,Tarjeta,EMP-05,,1
DD-006127,2023-11-01,C-208,Coco,Guardería,170.0,Tarjeta,EMP-08,pago pendiente,0
DD-005744,2023-11-01,C-012,Chispa,Baño,400.0,Efectivo,EMP-08,cliente VIP,1
DD-005745,2023-11-01,C-013,Coco,Guardería,220.0,Tarjeta,EMP-08,,1
DD-006152,2023-11-01,C-221,Beto,Adiestramiento,800.0,Tarjeta,EMP-08,primera visita,0
DD-006269,2023-11-01,C-278,Estrella,Guardería,200.0,Efectivo,EMP-08,descuento aplicado,0
DD-005759,2023-11-01,C-017,Canela,Adiestramiento,440.0,Transferencia,EMP-04,,1
DD-006268,2023-11-01,C-277,Panda,Guardería,220.0,Tarjeta,EMP-08,,0
DD-006183,2023-11-01,C-235,Blanca,Guardería,250.0,Tarjeta,EMP-02,,0
DD-006184,2023-11-01,C-237,Tito,Adiestramiento,480.0,Efectivo,EMP-03,cliente VIP,0
DD-006097,2023-11-01,C-191,Sammy,Guardería,160.0,Tarjeta,EMP-01,pago pendiente,0
DD-005784,2023-11-01,C-029,Gus,Guardería,150.0,Efectivo,EMP-07,descuento aplicado,1
DD-006194,2023-11-01,C-245,Frida,Hotel,500.0,Efectivo,EMP-01,,0
DD-005776,2023-11-01,C-025,Lola,Guardería,230.0,Efectivo,EMP-01,,1
DD-006212,2023-11-01,C-251,Blanca,Guardería,160.0,Efectivo,EMP-04,,0
DD-005753,2023-11-01,C-015,Panda,Baño,390.0,Transferencia,EMP-08,cliente frecuente,1
DD-006302,2023-11-01,C-293,Blanca,Corte,440.0,Efectivo,EMP-08,cliente VIP,0
DD-005826,2023-11-01,C-049,Max,Baño,440.0,Tarjeta,EMP-07,,1
DD-005926,2023-11-01,C-102,Chispa,Guardería,200.0,Tarjeta,EMP-08,,0
DD-005870,2023-11-01,C-073,Max,Corte,380.0,Tarjeta,EMP-03,cliente VIP,1
DD-005938,2023-11-01,C-107,Lobo,Guardería,220.0,Efectivo,EMP-01,,0
DD-005962,2023-11-01,C-124,Manchas,Hotel,550.0,Efectivo,EMP-06,,0
DD-005979,2023-11-01,C-137,Sasha,Baño,430.0,Transferencia,EMP-01,descuento aplicado,0
DD-005963,2023-11-01,C-125,Tigrillo,Adiestramiento,460.0,Efectivo,EMP-04,,0
DD-006036,2023-11-01,C-163,Rocky,Guardería,190.0,Tarjeta,EMP-08,pago pendiente,0
DD-006005,2023-11-01,C-146,Ringo,Guardería,210.0,Tarjeta,EMP-04,cliente frecuente,0
DD-005977,2023-11-01,C-136,Simba,Baño,330.0,Transferencia,EMP-06,traer vacunas,0
DD-005850,2023-11-02,C-064,Bella,Guardería,180.0,Tarjeta,EMP-03,,1
DD-006155,2023-11-02,C-222,Canela,Guardería,210.0,Efectivo,EMP-07,,0
DD-005790,2023-11-02,C-031,Ringo,Baño,220.0,Efectivo,EMP-04,,1
DD-005833,2023-11-02,C-054,Mia,Guardería,150.0,Efectivo,EMP-01,propina incluida,1
DD-006075,2023-11-02,C-182,Negro,Adiestramiento,600.0,Tarjeta,EMP-06,perro agresivo,0
DD-006024,2023-11-02,C-155,Nala,Corte,340.0,Tarjeta,EMP-08,,0
DD-005865,2023-11-02,C-071,Daisy,Hotel,540.0,Efectivo,EMP-01,cliente VIP,1
DD-005943,2023-11-02,C-108,Sasha,Corte,490.0,Tarjeta,EMP-08,cliente VIP,0
DD-006102,2023-11-02,C-194,Nina,Guardería,170.0,Tarjeta,EMP-01,,0
DD-006099,2023-11-02,C-193,Zeus,Baño,230.0,Transferencia,EMP-08,,0
DD-006241,2023-11-02,C-267,Daisy,Guardería,220.0,Efectivo,EMP-08,pago pendiente,0
DD-006236,2023-11-02,C-264,Sultan,Corte,470.0,Efectivo,EMP-03,traer vacunas,0
DD-005897,2023-11-02,C-089,Panda,Guardería,210.0,Tarjeta,EMP-05,propina incluida,0
DD-006247,2023-11-02,C-270,Luna,Baño,380.0,Transferencia,EMP-05,perro agresivo,0
DD-005751,2023-11-02,C-014,Nena,Guardería,220.0,Efectivo,EMP-01,,1
DD-006318,2023-11-02,C-304,Buddy,Baño,230.0,Efectivo,EMP-07,perro agresivo,0
DD-006335,2023-11-02,C-311,Nala,Guardería,230.0,Efectivo,EMP-01,,0
DD-006331,2023-11-02,C-310,Paloma,Baño,280.0,Efectivo,EMP-03,primera visita,0
DD-005739,2023-11-02,C-009,Rosa,Guardería,170.0,Efectivo,EMP-02,pago pendiente,1
DD-005758,2023-11-03,C-016,Max,Adiestramiento,750.0,Efectivo,EMP-01,cliente VIP,1
DD-006107,2023-11-03,C-195,Rocky,Corte,400.0,Efectivo,EMP-02,propina incluida,0
DD-006108,2023-11-03,C-195,Rocky,Hotel,550.0,Efectivo,EMP-01,alérgico a champú,0
DD-005801,2023-11-03,C-038,Buddy,Guardería,230.0,Tarjeta,EMP-05,cliente VIP,1
DD-006056,2023-11-03,C-172,Tito,Guardería,220.0,Efectivo,EMP-04,pago pendiente,0
DD-005722,2023-11-03,C-001,Lobo,Guardería,240.0,Tarjeta,EMP-04,,1
DD-005923,2023-11-03,C-100,Rosa,Hotel,460.0,Efectivo,EMP-06,,0
DD-006044,2023-11-03,C-169,Gordo,Baño,400.0,Tarjeta,EMP-01,cliente VIP,0
DD-005987,2023-11-03,C-139,Panda,Guardería,200.0,Transferencia,EMP-07,cliente VIP,0
DD-005916,2023-11-03,C-096,Chato,Hotel,480.0,Efectivo,EMP-05,,0
DD-006255,2023-11-03,C-273,Nena,Baño,360.0,Tarjeta,EMP-03,,0
DD-006173,2023-11-03,C-229,Bella,Guardería,190.0,Tarjeta,EMP-06,propina incluida,0
DD-006267,2023-11-03,C-277,Panda,Corte,320.0,Transferencia,EMP-01,,0
DD-006191,2023-11-03,C-243,Maya,Guardería,200.0,Efectivo,EMP-05,cliente VIP,0
DD-006266,2023-11-03,C-277,Panda,Guardería,210.0,Tarjeta,EMP-01,cliente VIP,0
DD-006119,2023-11-03,C-203,Princesa,Corte,300.0,Tarjeta,EMP-01,,0
DD-005835,2023-11-03,C-055,Bear,Guardería,190.0,Efectivo,EMP-02,,1
DD-005846,2023-11-03,C-060,Lobo,Hotel,400.0,Tarjeta,EMP-01,traer vacunas,1
DD-005970,2023-11-03,C-127,Beto,Baño,320.0,Tarjeta,EMP-07,primera visita,0
DD-005999,2023-11-03,C-145,Lola,Corte,460.0,Efectivo,EMP-01,alérgico a champú,0
DD-006244,2023-11-03,C-269,Maya,Corte,260.0,Efectivo,EMP-04,descuento aplicado,0
DD-006216,2023-11-03,C-253,Luna,Adiestramiento,500.0,Tarjeta,EMP-02,,0
DD-005834,2023-11-04,C-054,Mia,Baño,380.0,Efectivo,EMP-02,,1
DD-006344,2023-11-04,C-315,Zeus,Baño,280.0,Efectivo,EMP-03,,0
DD-006230,2023-11-04,C-262,Charlie,Guardería,180.0,Efectivo,EMP-04,primera visita,0
DD-006082,2023-11-04,C-184,Mia,Corte,340.0,Efectivo,EMP-05,,0
DD-005946,2023-11-04,C-111,Thor,Guardería,160.0,Tarjeta,EMP-02,,0
DD-006328,2023-11-04,C-309,Boby,Baño,370.0,Tarjeta,EMP-07,,0
DD-006352,2023-11-04,C-318,Negro,Guardería,160.0,Tarjeta,EMP-01,,0
DD-006283,2023-11-04,C-284,Duke,Guardería,240.0,Transferencia,EMP-08,perro agresivo,0
DD-005994,2023-11-04,C-142,Estrella,Baño,250.0,Efectivo,EMP-06,propina incluida,0
DD-006139,2023-11-04,C-215,Daisy,Hotel,540.0,Efectivo,EMP-03,,0
DD-006256,2023-11-04,C-274,Nena,Corte,340.0,Efectivo,EMP-01,descuento aplicado,0
DD-006275,2023-11-04,C-281,Bear,Guardería,210.0,Transferencia,EMP-05,,0
DD-005884,2023-11-04,C-081,Luna,Adiestramiento,470.0,Tarjeta,EMP-05,propina incluida,0
DD-005960,2023-11-04,C-122,Pepa,Corte,470.0,Tarjeta,EMP-08,pago pendiente,0
DD-006007,2023-11-04,C-149,Toby,Guardería,230.0,Tarjeta,EMP-05,requiere cita previa,0
DD-006092,2023-11-04,C-190,Beto,Baño,380.0,Tarjeta,EMP-03,descuento aplicado,0
DD-006202,2023-11-04,C-247,Rosa,Guardería,230.0,Efectivo,EMP-07,traer vacunas,0
DD-005785,2023-11-04,C-029,Gus,Baño,290.0,Tarjeta,EMP-07,requiere cita previa,1
DD-005912,2023-11-04,C-094,Bear,Adiestramiento,620.0,Transferencia,EMP-02,perro agresivo,0
DD-006032,2023-11-04,C-160,Boby,Guardería,170.0,Tarjeta,EMP-04,cliente VIP,0
DD-005823,2023-11-05,C-049,Max,Guardería,180.0,Efectivo,EMP-01,,1
DD-006253,2023-11-05,C-272,Boby,Guardería,230.0,Tarjeta,EMP-07,,0
DD-005989,2023-11-05,C-140,Chispa,Baño,440.0,Efectivo,EMP-07,,0
DD-005967,2023-11-05,C-126,Manchas,Guardería,240.0,Efectivo,EMP-02,,0
DD-006339,2023-11-05,C-312,Bella,Baño,360.0,Efectivo,EMP-04,alérgico a champú,0
DD-006252,2023-11-05,C-272,Boby,Baño,390.0,Transferencia,EMP-06,cliente VIP,0
DD-006294,2023-11-05,C-290,Lola,Corte,270.0,Tarjeta,EMP-04,propina incluida,0
DD-005880,2023-11-05,C-080,Luna,Baño,280.0,Tarjeta,EMP-01,cliente frecuente,1
DD-006206,2023-11-05,C-248,Thor,Guardería,190.0,Efectivo,EMP-07,cliente frecuente,0
DD-006203,2023-11-05,C-247,Rosa,Guardería,180.0,Tarjeta,EMP-06,requiere cita previa,0
DD-006263,2023-11-05,C-276,Charlie,Hotel,460.0,Tarjeta,EMP-03,descuento aplicado,0
DD-006093,2023-11-05,C-191,Sammy,Hotel,530.0,Efectivo,EMP-01,,0
DD-006172,2023-11-05,C-228,Sasha,Guardería,210.0,Transferencia,EMP-06,,0
DD-005918,2023-11-05,C-098,Ringo,Guardería,210.0,Tarjeta,EMP-03,,0
DD-006276,2023-11-05,C-281,Bear,Guardería,150.0,Efectivo,EMP-06,alérgico a champú,0
DD-006273,2023-11-05,C-280,Nena,Hotel,450.0,Efectivo,EMP-02,pago pendiente,0
DD-005731,2023-11-05,C-003,Bella,Baño,280.0,Tarjeta,EMP-06,,1
DD-005867,2023-11-05,C-072,Chico,Baño,420.0,Tarjeta,EMP-07,,1
DD-006128,2023-11-05,C-209,Manchas,Guardería,240.0,Efectivo,EMP-07,propina incluida,0
DD-006289,2023-11-05,C-287,Maya,Baño,310.0,Tarjeta,EMP-05,pago pendiente,0
DD-006353,2023-11-05,C-318,Negro,Adiestramiento,690.0,Tarjeta,EMP-08,propina incluida,0
DD-005760,2023-11-06,C-017,Canela,Guardería,240.0,Transferencia,EMP-03,,1
DD-006228,2023-11-06,C-261,Sultan,Guardería,230.0,Tarjeta,EMP-02,,0
DD-005845,2023-11-06,C-059,Pepa,Hotel,470.0,Tarjeta,EMP-05,traer vacunas,1
DD-005896,2023-11-06,C-087,Sasha,Baño,430.0,Tarjeta,EMP-06,,0
DD-006210,2023-11-06,C-250,Pepa,Baño,360.0,Efectivo,EMP-08,propina incluida,0
DD-005775,2023-11-06,C-024,Sultan,Baño,430.0,Tarjeta,EMP-02,perro agresivo,1
DD-005809,2023-11-06,C-043,Luna,Guardería,220.0,Efectivo,EMP-08,traer vacunas,1
DD-006296,2023-11-06,C-290,Lola,Baño,220.0,Efectivo,EMP-06,,0
DD-005959,2023-11-06,C-121,Duke,Guardería,220.0,Tarjeta,EMP-03,,0
DD-006015,2023-11-06,C-154,Nena,Guardería,210.0,Efectivo,EMP-01,perro agresivo,0
DD-006200,2023-11-06,C-247,Rosa,Guardería,220.0,Efectivo,EMP-02,cliente VIP,0
DD-005949,2023-11-06,C-114,Rocky,Corte,440.0,Tarjeta,EMP-07,primera visita,0
DD-006321,2023-11-06,C-305,Paloma,Baño,270.0,Tarjeta,EMP-02,,0
DD-005793,2023-11-06,C-032,Tito,Guardería,200.0,Tarjeta,EMP-04,perro agresivo,1
DD-005860,2023-11-06,C-070,Buddy,Baño,270.0,Efectivo,EMP-02,,1
DD-005779,2023-11-06,C-028,Princesa,Guardería,200.0,Tarjeta,EMP-06,descuento aplicado,1
DD-005728,2023-11-06,C-002,Mia,Hotel,370.0,Efectivo,EMP-04,primera visita,1
DD-005973,2023-11-07,C-134,Luna,Baño,300.0,Tarjeta,EMP-07,,0
DD-005869,2023-11-07,C-072,Chico,Baño,410.0,Efectivo,EMP-02,,1
DD-005958,2023-11-07,C-121,Duke,Corte,260.0,Efectivo,EMP-07,primera visita,0
DD-006064,2023-11-07,C-176,Estrella,Hotel,400.0,Tarjeta,EMP-04,cliente frecuente,0
DD-005986,2023-11-07,C-138,Bear,Corte,480.0,Efectivo,EMP-07,,0
DD-006168,2023-11-07,C-227,Maya,Guardería,230.0,Tarjeta,EMP-07,requiere cita previa,0
DD-005797,2023-11-07,C-035,Pancho,Guardería,230.0,Tarjeta,EMP-06,pago pendiente,1
DD-006142,2023-11-07,C-217,Sultan,Guardería,210.0,Efectivo,EMP-05,propina incluida,0
DD-005804,2023-11-07,C-039,Tigrillo,Adiestramiento,460.0,Efectivo,EMP-07,,1
DD-005981,2023-11-07,C-138,Bear,Guardería,190.0,Tarjeta,EMP-04,descuento aplicado,0
DD-006293,2023-11-07,C-288,Boby,Guardería,160.0,Tarjeta,EMP-07,perro agresivo,0
DD-006045,2023-11-07,C-169,Gordo,Baño,220.0,Tarjeta,EMP-03,primera visita,0
DD-006104,2023-11-07,C-194,Nina,Guardería,210.0,Tarjeta,EMP-01,primera visita,0
DD-005995,2023-11-07,C-143,Rex,Guardería,160.0,Efectivo,EMP-02,alérgico a champú,0
DD-005839,2023-11-07,C-056,Bonita,Guardería,240.0,Tarjeta,EMP-04,traer vacunas,1
DD-006311,2023-11-08,C-299,Negro,Guardería,220.0,Tarjeta,EMP-03,pago pendiente,0
DD-006251,2023-11-08,C-271,Pancho,Corte,450.0,Efectivo,EMP-01,cliente frecuente,0
DD-006226,2023-11-08,C-260,Bonita,Adiestramiento,490.0,Efectivo,EMP-06,,0
DD-006260,2023-11-08,C-275,Lobo,Hotel,460.0,Tarjeta,EMP-01,perro agresivo,0
DD-006193,2023-11-08,C-244,Coco,Baño,360.0,Tarjeta,EMP-05,requiere cita previa,0
DD-006167,2023-11-08,C-227,Maya,Baño,280.0,Efectivo,EMP-01,perro agresivo,0
DD-005998,2023-11-08,C-144,Rex,Guardería,190.0,Efectivo,EMP-07,,0
DD-006004,2023-11-08,C-146,Ringo,Guardería,180.0,Efectivo,EMP-02,perro agresivo,0
DD-005935,2023-11-08,C-105,Tito,Hotel,440.0,Efectivo,EMP-02,,0
DD-005937,2023-11-08,C-106,Charlie,Guardería,180.0,Tarjeta,EMP-06,requiere cita previa,0
DD-006130,2023-11-08,C-210,Max,Guardería,190.0,Efectivo,EMP-01,,0
DD-006121,2023-11-08,C-204,Nala,Baño,230.0,Tarjeta,EMP-04,cliente frecuente,0
DD-006327,2023-11-08,C-309,Boby,Guardería,230.0,Efectivo,EMP-07,,0
DD-006322,2023-11-08,C-306,Pepa,Corte,310.0,Tarjeta,EMP-03,,0
DD-006084,2023-11-08,C-185,Toby,Adiestramiento,730.0,Tarjeta,EMP-01,cliente frecuente,0
DD-006073,2023-11-08,C-180,Buddy,Guardería,170.0,Transferencia,EMP-04,requiere cita previa,0
DD-006069,2023-11-08,C-179,Nina,Corte,400.0,Transferencia,EMP-08,propina incluida,0
DD-006061,2023-11-08,C-174,Chispa,Corte,480.0,Tarjeta,EMP-05,primera visita,0
DD-006035,2023-11-08,C-162,Kira,Guardería,220.0,Transferencia,EMP-08,descuento aplicado,0
DD-005883,2023-11-08,C-081,Luna,Guardería,170.0,Efectivo,EMP-06,primera visita,0
DD-006270,2023-11-08,C-279,Coco,Guardería,200.0,Tarjeta,EMP-01,,0
DD-005844,2023-11-08,C-059,Pepa,Baño,400.0,Efectivo,EMP-05,alérgico a champú,1
DD-005796,2023-11-08,C-035,Pancho,Guardería,160.0,Efectivo,EMP-07,,1
DD-005770,2023-11-08,C-023,Tito,Baño,430.0,Transferencia,EMP-07,traer vacunas,1
DD-005766,2023-11-08,C-021,Rocky,Hotel,500.0,Efectivo,EMP-08,descuento aplicado,1
DD-005984,2023-11-09,C-138,Bear,Baño,260.0,Efectivo,EMP-02,alérgico a champú,0
DD-005983,2023-11-09,C-138,Bear,Hotel,440.0,Efectivo,EMP-07,requiere cita previa,0
DD-005755,2023-11-09,C-015,Panda,Hotel,370.0,Tarjeta,EMP-08,requiere cita previa,1
DD-006314,2023-11-09,C-300,Manchas,Hotel,530.0,Tarjeta,EMP-07,requiere cita previa,0
DD-006190,2023-11-09,C-243,Maya,Hotel,390.0,Tarjeta,EMP-04,cliente frecuente,0
DD-005906,2023-11-09,C-092,Rocky,Hotel,390.0,Tarjeta,EMP-08,cliente VIP,0
DD-005874,2023-11-09,C-076,Bear,Guardería,230.0,Tarjeta,EMP-08,cliente VIP,1
DD-006298,2023-11-09,C-290,Lola,Corte,440.0,Efectivo,EMP-05,,0
DD-005974,2023-11-09,C-134,Luna,Guardería,240.0,Efectivo,EMP-08,,0
DD-005754,2023-11-09,C-015,Panda,Hotel,390.0,Tarjeta,EMP-01,requiere cita previa,1
DD-006317,2023-11-09,C-303,Toby,Guardería,200.0,Transferencia,EMP-03,,0
DD-006355,2023-11-09,C-320,Negro,Guardería,160.0,Transferencia,EMP-05,cliente frecuente,0
DD-006337,2023-11-09,C-312,Bella,Corte,330.0,Tarjeta,EMP-06,,0
DD-006218,2023-11-09,C-255,Frida,Guardería,240.0,Efectivo,EMP-07,pago pendiente,0
DD-006177,2023-11-09,C-232,Thor,Baño,250.0,Tarjeta,EMP-07,,0
DD-005743,2023-11-09,C-011,Daisy,Baño,320.0,Efectivo,EMP-06,pago pendiente,1
DD-005889,2023-11-09,C-084,Pancho,Guardería,190.0,Tarjeta,EMP-04,primera visita,0
DD-005857,2023-11-09,C-069,Paloma,Hotel,510.0,Efectivo,EMP-01,,1
DD-006214,2023-11-09,C-252,Kira,Hotel,510.0,Tarjeta,EMP-05,requiere cita previa,0
DD-006208,2023-11-09,C-250,Pepa,Corte,310.0,Efectivo,EMP-05,alérgico a champú,0
DD-006235,2023-11-09,C-263,Nena,Baño,250.0,Efectivo,EMP-06,primera visita,0
DD-005876,2023-11-10,C-078,Kira,Guardería,200.0,Tarjeta,EMP-03,,1
DD-006219,2023-11-10,C-256,Chato,Guardería,230.0,Tarjeta,EMP-01,requiere cita previa,0
DD-005978,2023-11-10,C-137,Sasha,Guardería,210.0,Efectivo,EMP-03,primera visita,0
DD-006245,2023-11-10,C-269,Maya,Corte,370.0,Transferencia,EMP-02,,0
DD-006055,2023-11-10,C-172,Tito,Guardería,230.0,Efectivo,EMP-07,alérgico a champú,0
DD-005848,2023-11-10,C-061,Toby,Guardería,230.0,Efectivo,EMP-07,,1
DD-005825,2023-11-10,C-049,Max,Guardería,170.0,Efectivo,EMP-03,traer vacunas,1
DD-005750,2023-11-10,C-013,Coco,Guardería,170.0,Tarjeta,EMP-06,,1
DD-006014,2023-11-10,C-153,Chato,Corte,460.0,Tarjeta,EMP-06,cliente VIP,0
DD-005895,2023-11-10,C-087,Sasha,Guardería,250.0,Transferencia,EMP-04,,0
DD-006178,2023-11-10,C-232,Thor,Adiestramiento,450.0,Tarjeta,EMP-05,primera visita,0
DD-005789,2023-11-10,C-031,Ringo,Guardería,160.0,Efectivo,EMP-01,perro agresivo,1
DD-006349,2023-11-10,C-317,Beto,Hotel,480.0,Efectivo,EMP-07,propina incluida,0
DD-006006,2023-11-10,C-149,Toby,Corte,260.0,Transferencia,EMP-08,primera visita,0
DD-006165,2023-11-10,C-225,Simba,Guardería,160.0,Tarjeta,EMP-04,propina incluida,0
DD-005822,2023-11-10,C-048,Buddy,Baño,360.0,Efectivo,EMP-08,,1
DD-006329,2023-11-10,C-309,Boby,Baño,340.0,Efectivo,EMP-03,requiere cita previa,0
DD-006185,2023-11-10,C-239,Pancho,Baño,290.0,Tarjeta,EMP-08,,0
DD-005909,2023-11-10,C-093,Thor,Guardería,190.0,Tarjeta,EMP-08,alérgico a champú,0
DD-005911,2023-11-10,C-093,Thor,Corte,280.0,Efectivo,EMP-02,,0
DD-005774,2023-11-10,C-024,Sultan,Baño,370.0,Efectivo,EMP-08,,1
DD-006067,2023-11-10,C-179,Nina,Baño,270.0,Efectivo,EMP-06,,0
DD-006059,2023-11-11,C-173,Charlie,Guardería,240.0,Tarjeta,EMP-03,traer vacunas,0
DD-006136,2023-11-11,C-214,Gordo,Baño,390.0,Tarjeta,EMP-06,,0
DD-005799,2023-11-11,C-036,Rex,Guardería,170.0,Efectivo,EMP-04,,1
DD-005854,2023-11-11,C-067,Bonita,Baño,310.0,Tarjeta,EMP-03,,1
DD-006188,2023-11-11,C-242,Sammy,Guardería,160.0,Efectivo,EMP-06,traer vacunas,0
DD-005786,2023-11-11,C-030,Bear,Baño,380.0,Tarjeta,EMP-06,propina incluida,1
DD-005730,2023-11-11,C-002,Mia,Baño,440.0,Tarjeta,EMP-06,descuento aplicado,1
DD-005980,2023-11-11,C-138,Bear,Baño,270.0,Transferencia,EMP-05,primera visita,0
DD-006159,2023-11-11,C-223,Sasha,Guardería,230.0,Efectivo,EMP-05,perro agresivo,0
DD-005761,2023-11-11,C-017,Canela,Baño,220.0,Tarjeta,EMP-04,cliente VIP,1
DD-005957,2023-11-11,C-119,Canela,Baño,450.0,Tarjeta,EMP-04,pago pendiente,0
DD-006342,2023-11-11,C-313,Nala,Baño,250.0,Tarjeta,EMP-04,cliente frecuente,0
DD-005913,2023-11-11,C-095,Nala,Baño,350.0,Transferencia,EMP-03,perro agresivo,0
DD-005914,2023-11-11,C-095,Nala,Hotel,580.0,Efectivo,EMP-07,,0
DD-005771,2023-11-11,C-023,Tito,Guardería,240.0,Tarjeta,EMP-03,cliente frecuente,1
DD-005922,2023-11-11,C-099,Gordo,Guardería,200.0,Efectivo,EMP-04,,0
DD-005868,2023-11-11,C-072,Chico,Guardería,200.0,Tarjeta,EMP-07,perro agresivo,1
DD-005887,2023-11-11,C-083,Duke,Hotel,400.0,Tarjeta,EMP-04,,0
DD-005886,2023-11-11,C-083,Duke,Adiestramiento,490.0,Tarjeta,EMP-02,cliente frecuente,0
DD-005929,2023-11-11,C-103,Panda,Guardería,210.0,Tarjeta,EMP-04,descuento aplicado,0
DD-006091,2023-11-12,C-189,Zeus,Guardería,150.0,Tarjeta,EMP-02,,0
DD-006286,2023-11-12,C-286,Estrella,Baño,240.0,Efectivo,EMP-03,propina incluida,0
DD-006003,2023-11-12,C-146,Ringo,Baño,380.0,Tarjeta,EMP-02,cliente VIP,0
DD-006261,2023-11-12,C-275,Lobo,Corte,420.0,Efectivo,EMP-03,,0
DD-005838,2023-11-12,C-055,Bear,Guardería,200.0,Tarjeta,EMP-06,,1
DD-006158,2023-11-12,C-223,Sasha,Adiestramiento,560.0,Efectivo,EMP-07,cliente frecuente,0
DD-005875,2023-11-12,C-078,Kira,Guardería,250.0,Efectivo,EMP-02,,1
DD-006162,2023-11-12,C-224,Zeus,Adiestramiento,660.0,Tarjeta,EMP-03,cliente VIP,0
DD-005961,2023-11-12,C-123,Ringo,Guardería,200.0,Tarjeta,EMP-03,alérgico a champú,0
DD-006287,2023-11-12,C-286,Estrella,Baño,350.0,Efectivo,EMP-04,cliente frecuente,0
DD-006306,2023-11-12,C-295,Chico,Hotel,450.0,Tarjeta,EMP-07,,0
DD-006011,2023-11-12,C-150,Duke,Guardería,200.0,Tarjeta,EMP-04,propina incluida,0
DD-005905,2023-11-12,C-091,Kira,Hotel,460.0,Tarjeta,EMP-03,perro agresivo,0
DD-005991,2023-11-12,C-141,Maya,Hotel,480.0,Efectivo,EMP-05,primera visita,0
DD-006072,2023-11-12,C-180,Buddy,Corte,470.0,Efectivo,EMP-04,,0
DD-005752,2023-11-12,C-015,Panda,Corte,400.0,Efectivo,EMP-08,descuento aplicado,1
DD-006341,2023-11-12,C-313,Nala,Guardería,200.0,Tarjeta,EMP-03,pago pendiente,0
DD-006280,2023-11-12,C-282,Rosa,Adiestramiento,670.0,Transferencia,EMP-03,,0
DD-005921,2023-11-12,C-099,Gordo,Guardería,240.0,Transferencia,EMP-05,cliente VIP,0
DD-006224,2023-11-12,C-258,Lola,Guardería,200.0,Efectivo,EMP-03,alérgico a champú,0
DD-006333,2023-11-12,C-310,Paloma,Guardería,180.0,Tarjeta,EMP-02,,0
DD-006078,2023-11-12,C-183,Sammy,Baño,330.0,Tarjeta,EMP-05,,0
DD-005877,2023-11-12,C-078,Kira,Baño,240.0,Efectivo,EMP-01,primera visita,1
DD-005942,2023-11-13,C-108,Sasha,Baño,330.0,Efectivo,EMP-02,cliente VIP,0
DD-005837,2023-11-13,C-055,Bear,Hotel,520.0,Efectivo,EMP-01,,1
DD-006016,2023-11-13,C-154,Nena,Guardería,200.0,Tarjeta,EMP-05,traer vacunas,0
DD-006019,2023-11-13,C-155,Nala,Baño,280.0,Tarjeta,EMP-05,,0
DD-006233,2023-11-13,C-263,Nena,Baño,290.0,Efectivo,EMP-01,,0
DD-005882,2023-11-13,C-080,Luna,Adiestramiento,720.0,Efectivo,EMP-07,propina incluida,1
DD-006105,2023-11-13,C-194,Nina,Guardería,200.0,Transferencia,EMP-08,alérgico a champú,0
DD-006320,2023-11-13,C-304,Buddy,Guardería,170.0,Efectivo,EMP-08,,0
DD-005792,2023-11-13,C-032,Tito,Hotel,500.0,Tarjeta,EMP-05,,1
DD-006225,2023-11-13,C-259,Paloma,Guardería,180.0,Transferencia,EMP-03,requiere cita previa,0
DD-006080,2023-11-13,C-184,Mia,Guardería,150.0,Transferencia,EMP-08,requiere cita previa,0
DD-006123,2023-11-13,C-206,Simba,Guardería,200.0,Tarjeta,EMP-07,perro agresivo,0
DD-006223,2023-11-13,C-258,Lola,Guardería,240.0,Efectivo,EMP-04,requiere cita previa,0
DD-006166,2023-11-13,C-226,Chispa,Baño,250.0,Efectivo,EMP-08,,0
DD-005780,2023-11-13,C-028,Princesa,Corte,450.0,Tarjeta,EMP-01,descuento aplicado,1
DD-005976,2023-11-13,C-136,Simba,Baño,300.0,Efectivo,EMP-05,,0
DD-006221,2023-11-13,C-257,Canela,Guardería,160.0,Transferencia,EMP-04,,0
DD-006338,2023-11-13,C-312,Bella,Hotel,380.0,Efectivo,EMP-08,,0
DD-005726,2023-11-13,C-002,Mia,Guardería,160.0,Efectivo,EMP-02,cliente frecuente,1
DD-006312,2023-11-13,C-299,Negro,Baño,310.0,Tarjeta,EMP-08,descuento aplicado,0
DD-005863,2023-11-13,C-071,Daisy,Corte,360.0,Transferencia,EMP-06,descuento aplicado,1
DD-006258,2023-11-13,C-274,Nena,Baño,440.0,Tarjeta,EMP-01,perro agresivo,0
DD-005861,2023-11-14,C-070,Buddy,Corte,260.0,Tarjeta,EMP-04,,1
DD-005724,2023-11-14,C-001,Lobo,Guardería,210.0,Efectivo,EMP-04,alérgico a champú,1
DD-006204,2023-11-14,C-247,Rosa,Baño,310.0,Tarjeta,EMP-08,,0
DD-006175,2023-11-14,C-230,Chico,Corte,350.0,Tarjeta,EMP-06,requiere cita previa,0
DD-005952,2023-11-14,C-116,Bonita,Guardería,250.0,Efectivo,EMP-04,requiere cita previa,0
DD-005930,2023-11-14,C-103,Panda,Guardería,200.0,Efectivo,EMP-06,,0
DD-006181,2023-11-14,C-234,Toby,Guardería,220.0,Tarjeta,EMP-05,traer vacunas,0
DD-006243,2023-11-14,C-268,Nala,Guardería,210.0,Efectivo,EMP-05,descuento aplicado,0
DD-006264,2023-11-14,C-276,Charlie,Hotel,540.0,Efectivo,EMP-02,,0
DD-006153,2023-11-14,C-221,Beto,Corte,430.0,Efectivo,EMP-06,,0
DD-005910,2023-11-14,C-093,Thor,Guardería,170.0,Transferencia,EMP-02,traer vacunas,0
DD-005945,2023-11-14,C-110,Pancho,Guardería,190.0,Transferencia,EMP-07,cliente VIP,0
DD-005853,2023-11-14,C-067,Bonita,Hotel,540.0,Tarjeta,EMP-01,cliente VIP,1
DD-006122,2023-11-14,C-204,Nala,Guardería,230.0,Tarjeta,EMP-01,traer vacunas,0
DD-005956,2023-11-14,C-117,Daisy,Hotel,540.0,Tarjeta,EMP-05,pago pendiente,0
DD-006087,2023-11-15,C-188,Chico,Hotel,510.0,Tarjeta,EMP-08,traer vacunas,0
DD-006046,2023-11-15,C-170,Frida,Hotel,370.0,Efectivo,EMP-06,cliente frecuente,0
DD-006116,2023-11-15,C-203,Princesa,Hotel,400.0,Tarjeta,EMP-08,,0
DD-005778,2023-11-15,C-027,Zeus,Baño,250.0,Tarjeta,EMP-06,perro agresivo,1
DD-005940,2023-11-15,C-108,Sasha,Hotel,350.0,Efectivo,EMP-06,,0
DD-006300,2023-11-15,C-292,Chico,Baño,390.0,Efectivo,EMP-02,requiere cita previa,0
DD-006164,2023-11-15,C-225,Simba,Hotel,480.0,Transferencia,EMP-03,,0
DD-006279,2023-11-15,C-282,Rosa,Corte,320.0,Efectivo,EMP-04,cliente frecuente,0
DD-005965,2023-11-15,C-125,Tigrillo,Baño,200.0,Tarjeta,EMP-04,cliente frecuente,0
DD-005788,2023-11-15,C-030,Bear,Guardería,240.0,Efectivo,EMP-04,alérgico a champú,1
DD-005907,2023-11-15,C-092,Rocky,Corte,490.0,Efectivo,EMP-04,alérgico a champú,0
DD-005725,2023-11-15,C-002,Mia,Guardería,180.0,Tarjeta,EMP-08,traer vacunas,1
DD-006151,2023-11-15,C-220,Sammy,Guardería,220.0,Tarjeta,EMP-06,propina incluida,0
DD-005992,2023-11-15,C-142,Estrella,Corte,480.0,Transferencia,EMP-05,descuento aplicado,0
DD-005924,2023-11-15,C-101,Fifi,Adiestramiento,460.0,Efectivo,EMP-05,perro agresivo,0
DD-005988,2023-11-15,C-139,Panda,Hotel,380.0,Tarjeta,EMP-04,,0
DD-005803,2023-11-15,C-039,Tigrillo,Guardería,180.0,Efectivo,EMP-08,requiere cita previa,1
DD-006137,2023-11-15,C-214,Gordo,Guardería,180.0,Tarjeta,EMP-03,,0
DD-006063,2023-11-16,C-174,Chispa,Guardería,160.0,Tarjeta,EMP-06,alérgico a champú,0
DD-006149,2023-11-16,C-219,Nina,Adiestramiento,570.0,Efectivo,EMP-03,,0
DD-005798,2023-11-16,C-036,Rex,Corte,410.0,Tarjeta,EMP-08,,1
DD-006083,2023-11-16,C-185,Toby,Baño,370.0,Efectivo,EMP-07,pago pendiente,0
DD-006129,2023-11-16,C-210,Max,Adiestramiento,600.0,Tarjeta,EMP-08,,0
DD-005901,2023-11-16,C-091,Kira,Guardería,240.0,Efectivo,EMP-05,propina incluida,0
DD-006285,2023-11-16,C-285,Daisy,Corte,280.0,Tarjeta,EMP-02,descuento aplicado,0
DD-006249,2023-11-16,C-271,Pancho,Corte,490.0,Efectivo,EMP-03,,0
DD-005934,2023-11-16,C-105,Tito,Corte,450.0,Efectivo,EMP-02,descuento aplicado,0
DD-005806,2023-11-16,C-042,Nena,Guardería,210.0,Efectivo,EMP-03,,1
DD-005951,2023-11-16,C-115,Charlie,Corte,290.0,Efectivo,EMP-06,,0
DD-005953,2023-11-16,C-116,Bonita,Corte,440.0,Efectivo,EMP-01,,0
DD-006201,2023-11-16,C-247,Rosa,Guardería,230.0,Transferencia,EMP-06,propina incluida,0
DD-005805,2023-11-16,C-039,Tigrillo,Guardería,170.0,Efectivo,EMP-08,pago pendiente,1
DD-006085,2023-11-16,C-186,Frida,Adiestramiento,640.0,Efectivo,EMP-05,perro agresivo,0
DD-005727,2023-11-16,C-002,Mia,Baño,210.0,Efectivo,EMP-01,traer vacunas,1
DD-005990,2023-11-16,C-141,Maya,Guardería,160.0,Tarjeta,EMP-02,,0
DD-006002,2023-11-16,C-146,Ringo,Guardería,200.0,Tarjeta,EMP-01,,0
DD-005840,2023-11-16,C-056,Bonita,Guardería,200.0,Tarjeta,EMP-01,,1
DD-006125,2023-11-16,C-208,Coco,Baño,340.0,Tarjeta,EMP-08,cliente frecuente,0
DD-005819,2023-11-16,C-048,Buddy,Baño,290.0,Efectivo,EMP-02,,1
DD-006326,2023-11-16,C-308,Nina,Baño,390.0,Tarjeta,EMP-07,pago pendiente,0
DD-006197,2023-11-16,C-246,Luna,Corte,470.0,Efectivo,EMP-02,cliente VIP,0
DD-006281,2023-11-17,C-283,Princesa,Guardería,170.0,Transferencia,EMP-04,,0
DD-006138,2023-11-17,C-214,Gordo,Adiestramiento,740.0,Tarjeta,EMP-07,,0
DD-006144,2023-11-17,C-217,Sultan,Guardería,220.0,Efectivo,EMP-04,pago pendiente,0
DD-006106,2023-11-17,C-195,Rocky,Corte,300.0,Transferencia,EMP-06,descuento aplicado,0
DD-006187,2023-11-17,C-242,Sammy,Guardería,250.0,Efectivo,EMP-04,descuento aplicado,0
DD-006290,2023-11-17,C-287,Maya,Guardería,160.0,Tarjeta,EMP-08,requiere cita previa,0
DD-006307,2023-11-17,C-296,Duke,Adiestramiento,640.0,Efectivo,EMP-03,,0
DD-005888,2023-11-17,C-084,Pancho,Hotel,570.0,Efectivo,EMP-04,cliente frecuente,0
DD-005892,2023-11-17,C-086,Gordo,Baño,330.0,Tarjeta,EMP-03,perro agresivo,0
DD-006347,2023-11-17,C-316,Nina,Baño,250.0,Tarjeta,EMP-05,,0
DD-006215,2023-11-17,C-252,Kira,Baño,360.0,Transferencia,EMP-02,cliente frecuente,0
DD-005939,2023-11-17,C-108,Sasha,Guardería,170.0,Efectivo,EMP-06,,0
DD-006340,2023-11-17,C-313,Nala,Guardería,190.0,Tarjeta,EMP-06,requiere cita previa,0
DD-006101,2023-11-17,C-194,Nina,Hotel,440.0,Efectivo,EMP-03,propina incluida,0
DD-006009,2023-11-17,C-150,Duke,Guardería,170.0,Tarjeta,EMP-02,,0
DD-006010,2023-11-17,C-150,Duke,Guardería,170.0,Efectivo,EMP-02,descuento aplicado,0
DD-005836,2023-11-17,C-055,Bear,Adiestramiento,480.0,Transferencia,EMP-01,,1
DD-006176,2023-11-17,C-230,Chico,Guardería,180.0,Transferencia,EMP-07,,0
DD-005985,2023-11-17,C-138,Bear,Guardería,200.0,Tarjeta,EMP-06,,0
DD-006271,2023-11-17,C-279,Coco,Corte,460.0,Efectivo,EMP-07,,0
DD-006316,2023-11-17,C-301,Gus,Guardería,160.0,Transferencia,EMP-04,,0
DD-006033,2023-11-17,C-160,Boby,Guardería,240.0,Efectivo,EMP-08,traer vacunas,0
DD-006154,2023-11-17,C-221,Beto,Baño,280.0,Efectivo,EMP-05,cliente VIP,0
DD-006031,2023-11-17,C-159,Sultan,Guardería,220.0,Tarjeta,EMP-02,,0
DD-005917,2023-11-18,C-097,Bella,Hotel,420.0,Transferencia,EMP-04,pago pendiente,0
DD-005763,2023-11-18,C-019,Canela,Corte,270.0,Transferencia,EMP-02,,1
DD-006034,2023-11-18,C-161,Chispa,Corte,480.0,Efectivo,EMP-08,propina incluida,0
DD-006209,2023-11-18,C-250,Pepa,Baño,340.0,Efectivo,EMP-08,cliente frecuente,0
DD-005733,2023-11-18,C-003,Bella,Guardería,180.0,Tarjeta,EMP-08,primera visita,1
DD-005902,2023-11-18,C-091,Kira,Guardería,220.0,Tarjeta,EMP-02,perro agresivo,0
DD-005966,2023-11-18,C-126,Manchas,Guardería,240.0,Efectivo,EMP-03,,0
DD-005948,2023-11-18,C-114,Rocky,Hotel,450.0,Transferencia,EMP-05,,0
DD-005738,2023-11-18,C-009,Rosa,Guardería,230.0,Efectivo,EMP-08,perro agresivo,1
DD-005898,2023-11-18,C-089,Panda,Guardería,220.0,Tarjeta,EMP-06,descuento aplicado,0
DD-006053,2023-11-18,C-172,Tito,Corte,480.0,Efectivo,EMP-06,requiere cita previa,0
DD-005810,2023-11-18,C-043,Luna,Baño,200.0,Efectivo,EMP-05,cliente frecuente,1
DD-005791,2023-11-18,C-032,Tito,Guardería,240.0,Tarjeta,EMP-07,requiere cita previa,1
DD-006026,2023-11-18,C-156,Beto,Baño,200.0,Efectivo,EMP-03,,0
DD-006047,2023-11-18,C-170,Frida,Corte,430.0,Tarjeta,EMP-01,,0
DD-005832,2023-11-18,C-052,Estrella,Guardería,190.0,Efectivo,EMP-03,,1
DD-006017,2023-11-18,C-154,Nena,Adiestramiento,480.0,Efectivo,EMP-01,alérgico a champú,0
DD-005855,2023-11-18,C-067,Bonita,Adiestramiento,540.0,Tarjeta,EMP-07,,1
DD-005818,2023-11-18,C-048,Buddy,Corte,350.0,Efectivo,EMP-02,cliente VIP,1
DD-006132,2023-11-19,C-211,Lobo,Guardería,240.0,Efectivo,EMP-01,alérgico a champú,0
DD-005781,2023-11-19,C-029,Gus,Corte,480.0,Tarjeta,EMP-07,,1
DD-005783,2023-11-19,C-029,Gus,Baño,350.0,Transferencia,EMP-01,,1
DD-006189,2023-11-19,C-243,Maya,Baño,240.0,Efectivo,EMP-07,,0
DD-006124,2023-11-19,C-207,Ringo,Baño,440.0,Tarjeta,EMP-07,,0
DD-006126,2023-11-19,C-208,Coco,Guardería,180.0,Efectivo,EMP-07,,0
DD-006112,2023-11-19,C-198,Chato,Guardería,160.0,Tarjeta,EMP-08,pago pendiente,0
DD-006131,2023-11-19,C-210,Max,Guardería,160.0,Tarjeta,EMP-05,cliente frecuente,0
DD-005824,2023-11-19,C-049,Max,Corte,420.0,Efectivo,EMP-04,,1
DD-006071,2023-11-19,C-180,Buddy,Baño,240.0,Transferencia,EMP-06,cliente VIP,0
DD-006049,2023-11-19,C-171,Bear,Baño,300.0,Efectivo,EMP-03,,0
DD-005866,2023-11-19,C-071,Daisy,Corte,460.0,Efectivo,EMP-08,requiere cita previa,1
DD-005931,2023-11-19,C-104,Rosa,Guardería,250.0,Tarjeta,EMP-05,,0
DD-006303,2023-11-19,C-293,Blanca,Adiestramiento,680.0,Transferencia,EMP-08,cliente VIP,0
DD-006068,2023-11-19,C-179,Nina,Guardería,180.0,Efectivo,EMP-05,,0
DD-005858,2023-11-19,C-069,Paloma,Hotel,410.0,Tarjeta,EMP-01,cliente VIP,1
DD-005950,2023-11-19,C-115,Charlie,Baño,450.0,Efectivo,EMP-01,,0
DD-005820,2023-11-19,C-048,Buddy,Guardería,180.0,Efectivo,EMP-03,descuento aplicado,1
DD-006299,2023-11-19,C-292,Chico,Corte,430.0,Tarjeta,EMP-06,,0
DD-005864,2023-11-19,C-071,Daisy,Baño,360.0,Tarjeta,EMP-03,descuento aplicado,1
DD-005729,2023-11-19,C-002,Mia,Guardería,210.0,Efectivo,EMP-06,propina incluida,1
DD-005852,2023-11-19,C-067,Bonita,Guardería,220.0,Tarjeta,EMP-05,,1
DD-005893,2023-11-20,C-087,Sasha,Guardería,240.0,Transferencia,EMP-08,,0
DD-006029,2023-11-20,C-158,Negro,Adiestramiento,710.0,Transferencia,EMP-07,propina incluida,0
DD-005954,2023-11-20,C-116,Bonita,Adiestramiento,640.0,Efectivo,EMP-02,cliente frecuente,0
DD-006234,2023-11-20,C-263,Nena,Baño,300.0,Tarjeta,EMP-06,traer vacunas,0
DD-006345,2023-11-20,C-315,Zeus,Adiestramiento,400.0,Tarjeta,EMP-07,requiere cita previa,0
DD-005927,2023-11-20,C-103,Panda,Guardería,240.0,Tarjeta,EMP-08,requiere cita previa,0
DD-006330,2023-11-20,C-309,Boby,Guardería,170.0,Efectivo,EMP-06,,0
DD-006332,2023-11-20,C-310,Paloma,Guardería,150.0,Transferencia,EMP-05,,0
DD-005932,2023-11-20,C-104,Rosa,Guardería,190.0,Tarjeta,EMP-04,,0
DD-005746,2023-11-20,C-013,Coco,Baño,430.0,Tarjeta,EMP-03,alérgico a champú,1
DD-005773,2023-11-20,C-024,Sultan,Adiestramiento,690.0,Efectivo,EMP-02,perro agresivo,1
DD-006054,2023-11-20,C-172,Tito,Guardería,150.0,Efectivo,EMP-07,cliente frecuente,0
DD-006291,2023-11-20,C-287,Maya,Baño,200.0,Tarjeta,EMP-08,,0
DD-006169,2023-11-20,C-227,Maya,Corte,440.0,Transferencia,EMP-05,,0
DD-006060,2023-11-20,C-173,Charlie,Baño,350.0,Efectivo,EMP-01,alérgico a champú,0
DD-005741,2023-11-20,C-011,Daisy,Guardería,150.0,Efectivo,EMP-07,,1
DD-005856,2023-11-20,C-067,Bonita,Guardería,220.0,Transferencia,EMP-06,,1
DD-005756,2023-11-20,C-016,Max,Hotel,580.0,Efectivo,EMP-04,cliente VIP,1
DD-006354,2023-11-20,C-318,Negro,Corte,340.0,Efectivo,EMP-08,propina incluida,0
DD-006179,2023-11-20,C-233,Manchas,Baño,410.0,Tarjeta,EMP-05,,0
DD-006025,2023-11-20,C-155,Nala,Adiestramiento,450.0,Efectivo,EMP-05,requiere cita previa,0
DD-006018,2023-11-20,C-155,Nala,Guardería,230.0,Efectivo,EMP-01,,0
DD-006020,2023-11-20,C-155,Nala,Baño,230.0,Tarjeta,EMP-04,,0
DD-006192,2023-11-20,C-243,Maya,Guardería,230.0,Transferencia,EMP-03,,0
DD-006346,2023-11-20,C-315,Zeus,Guardería,240.0,Tarjeta,EMP-08,perro agresivo,0
DD-006324,2023-11-20,C-307,Daisy,Corte,420.0,Tarjeta,EMP-01,pago pendiente,0
DD-006074,2023-11-20,C-181,Nala,Hotel,370.0,Efectivo,EMP-04,,0
DD-005925,2023-11-20,C-101,Fifi,Hotel,440.0,Efectivo,EMP-08,,0
DD-006111,2023-11-20,C-198,Chato,Guardería,240.0,Transferencia,EMP-01,cliente VIP,0
DD-006079,2023-11-20,C-183,Sammy,Corte,340.0,Transferencia,EMP-07,,0
DD-006038,2023-11-21,C-164,Gus,Corte,290.0,Efectivo,EMP-05,descuento aplicado,0
DD-006196,2023-11-21,C-246,Luna,Guardería,200.0,Tarjeta,EMP-02,descuento aplicado,0
DD-006160,2023-11-21,C-223,Sasha,Guardería,200.0,Efectivo,EMP-08,propina incluida,0
DD-005993,2023-11-21,C-142,Estrella,Baño,350.0,Tarjeta,EMP-07,cliente frecuente,0
DD-006042,2023-11-21,C-167,Coco,Baño,290.0,Efectivo,EMP-05,,0
DD-005777,2023-11-21,C-026,Mia,Guardería,220.0,Transferencia,EMP-06,descuento aplicado,1
DD-006265,2023-11-21,C-277,Panda,Corte,480.0,Tarjeta,EMP-08,,0
DD-005735,2023-11-21,C-004,Paloma,Guardería,220.0,Efectivo,EMP-06,perro agresivo,1
DD-006239,2023-11-21,C-266,Rex,Baño,400.0,Efectivo,EMP-04,cliente frecuente,0
DD-005800,2023-11-21,C-037,Toby,Corte,260.0,Efectivo,EMP-02,primera visita,1
DD-006242,2023-11-21,C-268,Nala,Baño,340.0,Efectivo,EMP-01,primera visita,0
DD-005903,2023-11-21,C-091,Kira,Guardería,210.0,Tarjeta,EMP-02,,0
DD-005795,2023-11-21,C-034,Gus,Baño,350.0,Tarjeta,EMP-06,,1
DD-006057,2023-11-21,C-173,Charlie,Corte,470.0,Efectivo,EMP-04,,0
DD-006274,2023-11-21,C-280,Nena,Guardería,190.0,Efectivo,EMP-06,cliente frecuente,0
DD-006146,2023-11-21,C-218,Mia,Guardería,230.0,Tarjeta,EMP-08,,0
DD-006150,2023-11-21,C-220,Sammy,Adiestramiento,400.0,Efectivo,EMP-01,requiere cita previa,0
DD-006039,2023-11-22,C-165,Frida,Guardería,250.0,Tarjeta,EMP-07,,0
DD-006237,2023-11-22,C-264,Sultan,Hotel,390.0,Tarjeta,EMP-08,,0
DD-006113,2023-11-22,C-199,Pepa,Baño,200.0,Efectivo,EMP-08,,0
DD-005842,2023-11-22,C-058,Gordo,Baño,280.0,Efectivo,EMP-07,cliente frecuente,1
DD-005841,2023-11-22,C-058,Gordo,Corte,490.0,Efectivo,EMP-05,,1
DD-006000,2023-11-22,C-145,Lola,Corte,390.0,Efectivo,EMP-08,,0
DD-005894,2023-11-22,C-087,Sasha,Guardería,190.0,Tarjeta,EMP-01,,0
DD-006257,2023-11-22,C-274,Nena,Baño,200.0,Efectivo,EMP-06,cliente frecuente,0
DD-006120,2023-11-22,C-203,Princesa,Hotel,550.0,Tarjeta,EMP-07,,0
DD-006040,2023-11-22,C-165,Frida,Guardería,210.0,Efectivo,EMP-02,pago pendiente,0
DD-005920,2023-11-22,C-099,Gordo,Guardería,200.0,Efectivo,EMP-06,,0
DD-005817,2023-11-22,C-047,Gus,Corte,370.0,Efectivo,EMP-01,propina incluida,1
DD-005794,2023-11-22,C-034,Gus,Corte,450.0,Tarjeta,EMP-01,primera visita,1
DD-006315,2023-11-22,C-300,Manchas,Guardería,210.0,Efectivo,EMP-03,perro agresivo,0
DD-006066,2023-11-22,C-177,Princesa,Guardería,150.0,Efectivo,EMP-01,pago pendiente,0
DD-006135,2023-11-22,C-213,Pancho,Guardería,220.0,Tarjeta,EMP-07,,0
DD-006133,2023-11-22,C-212,Negro,Corte,320.0,Tarjeta,EMP-03,descuento aplicado,0
DD-006048,2023-11-22,C-170,Frida,Baño,300.0,Efectivo,EMP-08,,0
DD-005821,2023-11-22,C-048,Buddy,Hotel,450.0,Efectivo,EMP-03,alérgico a champú,1
DD-005734,2023-11-22,C-004,Paloma,Corte,480.0,Transferencia,EMP-06,,1
DD-005737,2023-11-22,C-009,Rosa,Guardería,180.0,Tarjeta,EMP-07,,1
DD-006229,2023-11-23,C-262,Charlie,Guardería,230.0,Transferencia,EMP-01,,0
DD-005972,2023-11-23,C-133,Gus,Adiestramiento,790.0,Efectivo,EMP-06,,0
DD-005971,2023-11-23,C-128,Chico,Adiestramiento,480.0,Transferencia,EMP-07,,0
DD-006231,2023-11-23,C-262,Charlie,Guardería,180.0,Tarjeta,EMP-04,traer vacunas,0
DD-005871,2023-11-23,C-075,Chato,Hotel,370.0,Tarjeta,EMP-05,primera visita,1
DD-005885,2023-11-23,C-083,Duke,Guardería,240.0,Efectivo,EMP-08,alérgico a champú,0
DD-005955,2023-11-23,C-117,Daisy,Hotel,480.0,Tarjeta,EMP-07,alérgico a champú,0
DD-005915,2023-11-23,C-096,Chato,Baño,380.0,Transferencia,EMP-08,cliente VIP,0
DD-005811,2023-11-23,C-043,Luna,Guardería,170.0,Tarjeta,EMP-06,primera visita,1
DD-005996,2023-11-23,C-144,Rex,Guardería,200.0,Efectivo,EMP-03,traer vacunas,0
DD-005815,2023-11-23,C-046,Chato,Guardería,230.0,Efectivo,EMP-07,,1
DD-006282,2023-11-23,C-283,Princesa,Guardería,240.0,Efectivo,EMP-03,propina incluida,0
DD-006086,2023-11-23,C-187,Simba,Guardería,190.0,Efectivo,EMP-03,,0
DD-006077,2023-11-23,C-182,Negro,Guardería,200.0,Tarjeta,EMP-03,,0
DD-005802,2023-11-23,C-039,Tigrillo,Corte,400.0,Tarjeta,EMP-06,,1
DD-006305,2023-11-23,C-295,Chico,Baño,390.0,Efectivo,EMP-02,,0
DD-006147,2023-11-23,C-219,Nina,Guardería,240.0,Tarjeta,EMP-07,traer vacunas,0
DD-006030,2023-11-23,C-159,Sultan,Guardería,190.0,Tarjeta,EMP-02,,0
DD-006171,2023-11-23,C-228,Sasha,Corte,300.0,Efectivo,EMP-02,propina incluida,0
DD-006013,2023-11-23,C-152,Rex,Corte,340.0,Efectivo,EMP-03,,0
DD-006022,2023-11-23,C-155,Nala,Hotel,470.0,Transferencia,EMP-01,cliente VIP,0
DD-006170,2023-11-23,C-228,Sasha,Guardería,200.0,Efectivo,EMP-07,descuento aplicado,0
DD-005862,2023-11-24,C-070,Buddy,Hotel,490.0,Efectivo,EMP-01,pago pendiente,1
DD-006292,2023-11-24,C-288,Boby,Baño,320.0,Tarjeta,EMP-03,alérgico a champú,0
DD-005767,2023-11-24,C-021,Rocky,Corte,310.0,Transferencia,EMP-01,,1
DD-006098,2023-11-24,C-192,Sammy,Corte,450.0,Tarjeta,EMP-08,,0
DD-005808,2023-11-24,C-043,Luna,Hotel,460.0,Efectivo,EMP-06,pago pendiente,1
DD-005891,2023-11-24,C-085,Beto,Baño,230.0,Transferencia,EMP-04,alérgico a champú,0
DD-005740,2023-11-24,C-009,Rosa,Hotel,450.0,Tarjeta,EMP-07,,1
DD-005816,2023-11-24,C-046,Chato,Baño,290.0,Tarjeta,EMP-06,propina incluida,1
DD-006089,2023-11-24,C-189,Zeus,Guardería,220.0,Efectivo,EMP-08,pago pendiente,0
DD-006117,2023-11-24,C-203,Princesa,Guardería,180.0,Efectivo,EMP-02,cliente frecuente,0
DD-005968,2023-11-24,C-126,Manchas,Guardería,190.0,Tarjeta,EMP-05,,0
DD-005908,2023-11-24,C-092,Rocky,Corte,460.0,Tarjeta,EMP-08,,0
DD-006076,2023-11-24,C-182,Negro,Adiestramiento,690.0,Efectivo,EMP-03,traer vacunas,0
DD-006199,2023-11-24,C-247,Rosa,Corte,440.0,Tarjeta,EMP-04,,0
DD-006309,2023-11-24,C-299,Negro,Adiestramiento,460.0,Transferencia,EMP-07,perro agresivo,0
DD-005828,2023-11-24,C-051,Simba,Guardería,150.0,Efectivo,EMP-08,propina incluida,1
DD-006156,2023-11-24,C-222,Canela,Adiestramiento,650.0,Tarjeta,EMP-08,,0
DD-005944,2023-11-24,C-109,Lobo,Guardería,170.0,Tarjeta,EMP-05,alérgico a champú,0
DD-005964,2023-11-24,C-125,Tigrillo,Guardería,220.0,Transferencia,EMP-03,alérgico a champú,0
DD-005742,2023-11-24,C-011,Daisy,Guardería,230.0,Tarjeta,EMP-03,descuento aplicado,1
DD-006254,2023-11-24,C-272,Boby,Guardería,200.0,Efectivo,EMP-07,,0
DD-006058,2023-11-24,C-173,Charlie,Baño,440.0,Efectivo,EMP-07,cliente frecuente,0
DD-005933,2023-11-24,C-104,Rosa,Guardería,180.0,Transferencia,EMP-06,propina incluida,0
DD-006278,2023-11-24,C-282,Rosa,Guardería,200.0,Tarjeta,EMP-06,traer vacunas,0
DD-006143,2023-11-24,C-217,Sultan,Corte,480.0,Efectivo,EMP-06,,0
DD-006336,2023-11-25,C-312,Bella,Guardería,240.0,Tarjeta,EMP-03,traer vacunas,0
DD-005732,2023-11-25,C-003,Bella,Baño,390.0,Efectivo,EMP-07,cliente frecuente,1
DD-006301,2023-11-25,C-292,Chico,Guardería,160.0,Tarjeta,EMP-06,perro agresivo,0
DD-006310,2023-11-25,C-299,Negro,Guardería,210.0,Tarjeta,EMP-05,cliente frecuente,0
DD-006250,2023-11-25,C-271,Pancho,Guardería,200.0,Efectivo,EMP-02,,0
DD-005757,2023-11-25,C-016,Max,Corte,310.0,Efectivo,EMP-05,,1
DD-005748,2023-11-25,C-013,Coco,Guardería,240.0,Tarjeta,EMP-07,,1
DD-006240,2023-11-25,C-267,Daisy,Corte,320.0,Transferencia,EMP-03,alérgico a champú,0
DD-005881,2023-11-25,C-080,Luna,Baño,450.0,Efectivo,EMP-05,cliente VIP,1
DD-005827,2023-11-25,C-050,Max,Guardería,150.0,Efectivo,EMP-04,,1
DD-006134,2023-11-25,C-212,Negro,Baño,300.0,Efectivo,EMP-08,,0
DD-006182,2023-11-25,C-235,Blanca,Baño,330.0,Efectivo,EMP-07,propina incluida,0
DD-006094,2023-11-25,C-191,Sammy,Guardería,250.0,Transferencia,EMP-01,requiere cita previa,0
DD-006070,2023-11-25,C-179,Nina,Adiestramiento,430.0,Efectivo,EMP-02,traer vacunas,0
DD-006052,2023-11-25,C-171,Bear,Guardería,190.0,Tarjeta,EMP-03,,0
DD-006141,2023-11-25,C-217,Sultan,Baño,290.0,Efectivo,EMP-04,primera visita,0
DD-006001,2023-11-25,C-145,Lola,Baño,390.0,Efectivo,EMP-06,,0
DD-005843,2023-11-25,C-059,Pepa,Baño,350.0,Tarjeta,EMP-05,,1
DD-006205,2023-11-25,C-248,Thor,Guardería,220.0,Efectivo,EMP-01,cliente VIP,0
DD-006145,2023-11-25,C-217,Sultan,Guardería,160.0,Tarjeta,EMP-01,alérgico a champú,0
DD-005975,2023-11-25,C-136,Simba,Adiestramiento,800.0,Tarjeta,EMP-04,primera visita,0
DD-005899,2023-11-25,C-090,Coco,Guardería,220.0,Transferencia,EMP-02,,0
DD-005947,2023-11-25,C-111,Thor,Guardería,160.0,Efectivo,EMP-03,primera visita,0
DD-005872,2023-11-25,C-076,Bear,Hotel,460.0,Efectivo,EMP-08,,1
DD-005849,2023-11-25,C-063,Estrella,Hotel,350.0,Transferencia,EMP-07,propina incluida,1
DD-006140,2023-11-26,C-216,Bonita,Hotel,390.0,Efectivo,EMP-01,requiere cita previa,0
DD-006118,2023-11-26,C-203,Princesa,Guardería,220.0,Efectivo,EMP-04,,0
DD-006110,2023-11-26,C-198,Chato,Guardería,250.0,Transferencia,EMP-02,descuento aplicado,0
DD-006103,2023-11-26,C-194,Nina,Hotel,380.0,Efectivo,EMP-02,primera visita,0
DD-006096,2023-11-26,C-191,Sammy,Guardería,210.0,Tarjeta,EMP-03,requiere cita previa,0
DD-006095,2023-11-26,C-191,Sammy,Corte,480.0,Tarjeta,EMP-02,cliente VIP,0
DD-005900,2023-11-26,C-091,Kira,Guardería,180.0,Efectivo,EMP-05,,0
DD-005847,2023-11-26,C-060,Lobo,Corte,370.0,Tarjeta,EMP-03,,1
DD-006081,2023-11-26,C-184,Mia,Guardería,200.0,Tarjeta,EMP-04,,0
DD-006065,2023-11-26,C-177,Princesa,Baño,350.0,Tarjeta,EMP-01,,0
DD-006062,2023-11-26,C-174,Chispa,Corte,440.0,Tarjeta,EMP-03,cliente frecuente,0
DD-006050,2023-11-26,C-171,Bear,Guardería,190.0,Tarjeta,EMP-04,propina incluida,0
DD-006043,2023-11-26,C-168,Charlie,Baño,450.0,Efectivo,EMP-05,,0
DD-006041,2023-11-26,C-166,Boby,Guardería,240.0,Transferencia,EMP-03,,0
DD-005829,2023-11-26,C-051,Simba,Corte,360.0,Efectivo,EMP-04,,1
DD-006334,2023-11-26,C-310,Paloma,Guardería,150.0,Efectivo,EMP-08,pago pendiente,0
DD-005919,2023-11-26,C-098,Ringo,Guardería,220.0,Efectivo,EMP-06,traer vacunas,0
DD-006343,2023-11-26,C-314,Blanca,Guardería,150.0,Tarjeta,EMP-02,,0
DD-005768,2023-11-26,C-021,Rocky,Guardería,240.0,Tarjeta,EMP-03,pago pendiente,1
DD-006246,2023-11-26,C-270,Luna,Guardería,230.0,Tarjeta,EMP-02,,0
DD-006232,2023-11-26,C-262,Charlie,Guardería,190.0,Efectivo,EMP-03,,0
DD-006051,2023-11-27,C-171,Bear,Adiestramiento,610.0,Transferencia,EMP-03,primera visita,0
DD-006207,2023-11-27,C-250,Pepa,Guardería,240.0,Tarjeta,EMP-06,,0
DD-005723,2023-11-27,C-001,Lobo,Guardería,230.0,Transferencia,EMP-04,,1
DD-005772,2023-11-27,C-023,Tito,Guardería,170.0,Tarjeta,EMP-04,,1
DD-005969,2023-11-27,C-127,Beto,Guardería,210.0,Tarjeta,EMP-07,,0
DD-005769,2023-11-27,C-022,Sammy,Baño,420.0,Tarjeta,EMP-06,,1
DD-006088,2023-11-27,C-188,Chico,Corte,400.0,Efectivo,EMP-01,,0
DD-006297,2023-11-27,C-290,Lola,Baño,340.0,Tarjeta,EMP-04,requiere cita previa,0
DD-005831,2023-11-27,C-051,Simba,Guardería,230.0,Transferencia,EMP-08,,1
DD-006319,2023-11-27,C-304,Buddy,Guardería,180.0,Efectivo,EMP-08,primera visita,0
DD-005814,2023-11-27,C-044,Tigrillo,Baño,380.0,Tarjeta,EMP-06,cliente VIP,1
DD-006351,2023-11-27,C-318,Negro,Baño,330.0,Tarjeta,EMP-01,,0
DD-005813,2023-11-27,C-044,Tigrillo,Guardería,180.0,Tarjeta,EMP-02,,1
DD-006227,2023-11-27,C-261,Sultan,Corte,460.0,Tarjeta,EMP-07,traer vacunas,0
DD-006288,2023-11-27,C-286,Estrella,Corte,420.0,Efectivo,EMP-05,pago pendiente,0
DD-006109,2023-11-27,C-195,Rocky,Baño,360.0,Tarjeta,EMP-05,alérgico a champú,0
DD-005997,2023-11-27,C-144,Rex,Hotel,410.0,Efectivo,EMP-01,,0
DD-006114,2023-11-27,C-200,Paloma,Baño,240.0,Efectivo,EMP-05,propina incluida,0
DD-005873,2023-11-27,C-076,Bear,Baño,240.0,Tarjeta,EMP-05,descuento aplicado,1
DD-006012,2023-11-27,C-152,Rex,Guardería,250.0,Transferencia,EMP-04,requiere cita previa,0
DD-005941,2023-11-27,C-108,Sasha,Guardería,180.0,Tarjeta,EMP-05,,0
DD-006115,2023-11-27,C-202,Tigrillo,Baño,340.0,Efectivo,EMP-05,cliente frecuente,0
DD-006217,2023-11-27,C-254,Fifi,Hotel,510.0,Tarjeta,EMP-05,cliente frecuente,0
DD-006028,2023-11-28,C-157,Thor,Baño,310.0,Transferencia,EMP-04,perro agresivo,0
DD-005762,2023-11-28,C-018,Toby,Baño,370.0,Efectivo,EMP-06,alérgico a champú,1
DD-006021,2023-11-28,C-155,Nala,Guardería,180.0,Tarjeta,EMP-02,traer vacunas,0
DD-006348,2023-11-28,C-317,Beto,Guardería,220.0,Efectivo,EMP-04,,0
DD-006037,2023-11-28,C-163,Rocky,Baño,410.0,Efectivo,EMP-08,primera visita,0
DD-005830,2023-11-28,C-051,Simba,Guardería,160.0,Efectivo,EMP-05,propina incluida,1
DD-006323,2023-11-28,C-306,Pepa,Baño,380.0,Tarjeta,EMP-05,pago pendiente,0
DD-006027,2023-11-28,C-156,Beto,Adiestramiento,690.0,Tarjeta,EMP-04,propina incluida,0
DD-006198,2023-11-28,C-246,Luna,Guardería,240.0,Transferencia,EMP-03,,0
DD-005764,2023-11-28,C-019,Canela,Baño,420.0,Efectivo,EMP-05,alérgico a champú,1
DD-005812,2023-11-28,C-044,Tigrillo,Guardería,220.0,Efectivo,EMP-03,pago pendiente,1
DD-006259,2023-11-28,C-274,Nena,Baño,360.0,Efectivo,EMP-01,requiere cita previa,0
DD-006186,2023-11-28,C-241,Canela,Guardería,200.0,Efectivo,EMP-05,,0
DD-005859,2023-11-28,C-070,Buddy,Guardería,250.0,Efectivo,EMP-02,,1
DD-005787,2023-11-28,C-030,Bear,Hotel,390.0,Tarjeta,EMP-01,,1
DD-005890,2023-11-28,C-084,Pancho,Guardería,210.0,Efectivo,EMP-02,,0
DD-006180,2023-11-28,C-233,Manchas,Corte,320.0,Transferencia,EMP-01,propina incluida,0
DD-006295,2023-11-28,C-290,Lola,Guardería,180.0,Tarjeta,EMP-06,,0
DD-006100,2023-11-28,C-193,Zeus,Guardería,160.0,Efectivo,EMP-04,,0
DD-006272,2023-11-28,C-280,Nena,Baño,420.0,Tarjeta,EMP-01,pago pendiente,0
DD-006163,2023-11-28,C-224,Zeus,Corte,400.0,Transferencia,EMP-04,descuento aplicado,0
DD-005749,2023-11-28,C-013,Coco,Baño,290.0,Efectivo,EMP-06,,1
DD-006284,2023-11-28,C-285,Daisy,Guardería,210.0,Efectivo,EMP-06,cliente frecuente,0
DD-005878,2023-11-28,C-079,Charlie,Guardería,190.0,Tarjeta,EMP-04,cliente VIP,1
DD-006161,2023-11-28,C-224,Zeus,Hotel,410.0,Efectivo,EMP-08,,0
DD-005936,2023-11-29,C-106,Charlie,Guardería,240.0,Efectivo,EMP-04,requiere cita previa,0
DD-006220,2023-11-29,C-257,Canela,Baño,310.0,Tarjeta,EMP-08,,0
DD-005765,2023-11-29,C-020,Fifi,Guardería,200.0,Efectivo,EMP-02,,1
DD-005982,2023-11-29,C-138,Bear,Guardería,220.0,Tarjeta,EMP-08,alérgico a champú,0
DD-005851,2023-11-29,C-065,Buddy,Baño,390.0,Efectivo,EMP-06,,1
DD-005928,2023-11-29,C-103,Panda,Guardería,170.0,Efectivo,EMP-05,traer vacunas,0
DD-006148,2023-11-29,C-219,Nina,Adiestramiento,490.0,Tarjeta,EMP-05,pago pendiente,0
DD-005736,2023-11-29,C-005,Canela,Guardería,200.0,Tarjeta,EMP-04,,1
DD-006350,2023-11-29,C-317,Beto,Hotel,460.0,Efectivo,EMP-07,cliente VIP,0
DD-005782,2023-11-29,C-029,Gus,Baño,360.0,Tarjeta,EMP-06,,1
DD-006262,2023-11-29,C-276,Charlie,Hotel,510.0,Efectivo,EMP-06,,0
DD-006090,2023-11-29,C-189,Zeus,Hotel,590.0,Efectivo,EMP-02,descuento aplicado,0
DD-006174,2023-11-29,C-229,Bella,Guardería,200.0,Efectivo,EMP-05,traer vacunas,0
DD-006157,2023-11-29,C-222,Canela,Guardería,160.0,Efectivo,EMP-07,descuento aplicado,0
DD-006325,2023-11-29,C-307,Daisy,Guardería,170.0,Tarjeta,EMP-04,primera visita,0
DD-006222,2023-11-29,C-258,Lola,Guardería,170.0,Efectivo,EMP-07,cliente VIP,0
DD-005904,2023-11-30,C-091,Kira,Guardería,200.0,Efectivo,EMP-04,,0
DD-005879,2023-11-30,C-079,Charlie,Baño,430.0,Efectivo,EMP-06,perro agresivo,1
DD-006008,2023-11-30,C-150,Duke,Guardería,190.0,Transferencia,EMP-03,,0
DD-005747,2023-11-30,C-013,Coco,Baño,260.0,Transferencia,EMP-01,propina incluida,1
DD-006248,2023-11-30,C-271,Pancho,Baño,340.0,Transferencia,EMP-06,,0
DD-006304,2023-11-30,C-294,Rex,Corte,330.0,Tarjeta,EMP-05,,0
DD-006195,2023-11-30,C-245,Frida,Baño,300.0,Transferencia,EMP-06,traer vacunas,0
DD-006308,2023-11-30,C-298,Ringo,Baño,290.0,Tarjeta,EMP-04,alérgico a champú,0
DD-006277,2023-11-30,C-282,Rosa,Guardería,170.0,Tarjeta,EMP-04,traer vacunas,0
DD-006313,2023-11-30,C-300,Manchas,Baño,400.0,Transferencia,EMP-07,descuento aplicado,0
DD-006211,2023-11-30,C-250,Pepa,Guardería,220.0,Transferencia,EMP-08,,0
DD-006213,2023-11-30,C-251,Blanca,Baño,310.0,Tarjeta,EMP-05,requiere cita previa,0
DD-006023,2023-11-30,C-155,Nala,Baño,370.0,Efectivo,EMP-07,cliente VIP,0
DD-006238,2023-11-30,C-264,Sultan,Baño,340.0,Efectivo,EMP-04,,0
DD-006603,2023-12-01,C-088,Simba,Guardería,150.0,Tarjeta,EMP-03,cliente frecuente,0
DD-006800,2023-12-01,C-155,Nala,Corte,270.0,Efectivo,EMP-03,,0
DD-006633,2023-12-01,C-100,Rosa,Hotel,360.0,Efectivo,EMP-04,primera visita,0
DD-006655,2023-12-01,C-108,Sasha,Hotel,380.0,Tarjeta,EMP-04,,0
DD-006664,2023-12-01,C-111,Thor,Guardería,150.0,Transferencia,EMP-01,alérgico a champú,0
DD-006682,2023-12-01,C-115,Charlie,Guardería,170.0,Efectivo,EMP-06,descuento aplicado,0
DD-006698,2023-12-01,C-120,Duke,Corte,400.0,Transferencia,EMP-06,pago pendiente,0
DD-007244,2023-12-01,C-296,Duke,Guardería,150.0,Efectivo,EMP-08,,0
DD-006733,2023-12-01,C-132,Blanca,Guardería,190.0,Transferencia,EMP-03,primera visita,0
DD-006835,2023-12-01,C-168,Charlie,Adiestramiento,430.0,Tarjeta,EMP-08,propina incluida,0
DD-006938,2023-12-01,C-204,Nala,Corte,340.0,Tarjeta,EMP-05,traer vacunas,0
DD-006899,2023-12-01,C-190,Beto,Baño,290.0,Tarjeta,EMP-08,,0
DD-007192,2023-12-01,C-285,Daisy,Guardería,190.0,Efectivo,EMP-04,,0
DD-006924,2023-12-01,C-198,Chato,Guardería,170.0,Tarjeta,EMP-01,,0
DD-006946,2023-12-01,C-207,Ringo,Guardería,150.0,Efectivo,EMP-02,,0
DD-006959,2023-12-01,C-208,Coco,Corte,260.0,Tarjeta,EMP-03,primera visita,0
DD-007003,2023-12-01,C-224,Zeus,Guardería,160.0,Efectivo,EMP-05,,0
DD-007107,2023-12-01,C-259,Paloma,Guardería,230.0,Tarjeta,EMP-04,cliente frecuente,0
DD-007113,2023-12-01,C-260,Bonita,Baño,320.0,Tarjeta,EMP-05,,0
DD-007117,2023-12-01,C-262,Charlie,Guardería,240.0,Efectivo,EMP-05,pago pendiente,0
DD-006591,2023-12-01,C-084,Pancho,Guardería,180.0,Efectivo,EMP-02,cliente VIP,0
DD-007136,2023-12-01,C-267,Daisy,Guardería,190.0,Tarjeta,EMP-04,requiere cita previa,0
DD-006839,2023-12-01,C-169,Gordo,Guardería,180.0,Tarjeta,EMP-07,alérgico a champú,0
DD-006436,2023-12-01,C-028,Princesa,Guardería,210.0,Transferencia,EMP-04,,1
DD-007141,2023-12-01,C-268,Nala,Baño,240.0,Efectivo,EMP-07,,0
DD-006432,2023-12-02,C-027,Zeus,Guardería,160.0,Efectivo,EMP-02,,1
DD-006540,2023-12-02,C-066,Rocky,Guardería,150.0,Tarjeta,EMP-03,,1
DD-006419,2023-12-02,C-022,Sammy,Hotel,530.0,Tarjeta,EMP-08,,1
DD-007309,2023-12-02,C-318,Negro,Hotel,420.0,Tarjeta,EMP-04,cliente frecuente,0
DD-007257,2023-12-02,C-300,Manchas,Baño,330.0,Tarjeta,EMP-03,descuento aplicado,0
DD-007267,2023-12-02,C-304,Buddy,Guardería,250.0,Transferencia,EMP-05,descuento aplicado,0
DD-006533,2023-12-02,C-064,Bella,Guardería,200.0,Tarjeta,EMP-01,cliente VIP,1
DD-007322,2023-12-02,C-320,Negro,Baño,420.0,Transferencia,EMP-02,traer vacunas,0
DD-007194,2023-12-02,C-285,Daisy,Baño,390.0,Efectivo,EMP-01,,0
DD-006756,2023-12-02,C-140,Chispa,Baño,380.0,Efectivo,EMP-06,,0
DD-007250,2023-12-02,C-299,Negro,Baño,280.0,Tarjeta,EMP-05,cliente frecuente,0
DD-006808,2023-12-02,C-160,Boby,Guardería,170.0,Efectivo,EMP-06,propina incluida,0
DD-006950,2023-12-02,C-207,Ringo,Guardería,180.0,Efectivo,EMP-04,,0
DD-007054,2023-12-02,C-242,Sammy,Guardería,170.0,Efectivo,EMP-06,,0
DD-007305,2023-12-02,C-317,Beto,Baño,200.0,Efectivo,EMP-08,descuento aplicado,0
DD-006977,2023-12-02,C-214,Gordo,Guardería,180.0,Transferencia,EMP-06,,0
DD-006722,2023-12-02,C-128,Chico,Guardería,200.0,Efectivo,EMP-03,perro agresivo,0
DD-006582,2023-12-02,C-081,Luna,Adiestramiento,490.0,Transferencia,EMP-06,cliente VIP,0
DD-006464,2023-12-02,C-037,Toby,Baño,410.0,Tarjeta,EMP-03,alérgico a champú,1
DD-006581,2023-12-02,C-080,Luna,Guardería,250.0,Tarjeta,EMP-01,alérgico a champú,1
DD-007231,2023-12-02,C-293,Blanca,Baño,320.0,Efectivo,EMP-03,pago pendiente,0
DD-007028,2023-12-02,C-231,Fifi,Hotel,380.0,Efectivo,EMP-03,,0
DD-006939,2023-12-02,C-205,Pepa,Guardería,210.0,Efectivo,EMP-03,cliente VIP,0
DD-006471,2023-12-02,C-040,Manchas,Adiestramiento,580.0,Transferencia,EMP-04,descuento aplicado,1
DD-006985,2023-12-02,C-217,Sultan,Corte,290.0,Tarjeta,EMP-08,,0
DD-007076,2023-12-02,C-248,Thor,Corte,400.0,Efectivo,EMP-07,,0
DD-007178,2023-12-02,C-281,Bear,Guardería,160.0,Tarjeta,EMP-08,,0
DD-006411,2023-12-02,C-018,Toby,Baño,200.0,Tarjeta,EMP-06,propina incluida,1
DD-007264,2023-12-02,C-303,Toby,Baño,360.0,Efectivo,EMP-08,,0
DD-006409,2023-12-02,C-017,Canela,Guardería,210.0,Tarjeta,EMP-03,cliente frecuente,1
DD-006671,2023-12-02,C-113,Lola,Hotel,350.0,Efectivo,EMP-06,requiere cita previa,0
DD-007215,2023-12-02,C-290,Lola,Guardería,240.0,Efectivo,EMP-02,traer vacunas,0
DD-007208,2023-12-02,C-288,Boby,Guardería,230.0,Efectivo,EMP-08,traer vacunas,0
DD-006549,2023-12-02,C-067,Bonita,Guardería,200.0,Efectivo,EMP-07,pago pendiente,1
DD-006873,2023-12-02,C-182,Negro,Baño,220.0,Tarjeta,EMP-01,pago pendiente,0
DD-006596,2023-12-02,C-086,Gordo,Guardería,240.0,Transferencia,EMP-04,cliente frecuente,0
DD-006608,2023-12-03,C-090,Coco,Guardería,240.0,Transferencia,EMP-04,,0
DD-006667,2023-12-03,C-112,Princesa,Corte,430.0,Efectivo,EMP-05,,0
DD-006793,2023-12-03,C-153,Chato,Hotel,530.0,Tarjeta,EMP-03,,0
DD-007030,2023-12-03,C-232,Thor,Corte,400.0,Efectivo,EMP-05,traer vacunas,0
DD-006790,2023-12-03,C-152,Rex,Baño,260.0,Efectivo,EMP-01,perro agresivo,0
DD-006379,2023-12-03,C-007,Tito,Hotel,530.0,Transferencia,EMP-06,propina incluida,1
DD-006567,2023-12-03,C-077,Kira,Adiestramiento,700.0,Efectivo,EMP-07,descuento aplicado,1
DD-006463,2023-12-03,C-037,Toby,Hotel,500.0,Efectivo,EMP-03,,1
DD-006862,2023-12-03,C-178,Coco,Hotel,600.0,Efectivo,EMP-03,,0
DD-006867,2023-12-03,C-179,Nina,Baño,380.0,Efectivo,EMP-01,,0
DD-006466,2023-12-03,C-038,Buddy,Guardería,230.0,Transferencia,EMP-07,,1
DD-006576,2023-12-03,C-079,Charlie,Guardería,220.0,Tarjeta,EMP-02,,1
DD-006998,2023-12-03,C-223,Sasha,Guardería,210.0,Efectivo,EMP-01,,0
DD-007004,2023-12-03,C-224,Zeus,Corte,460.0,Efectivo,EMP-07,,0
DD-006403,2023-12-03,C-015,Panda,Hotel,390.0,Efectivo,EMP-07,,1
DD-007298,2023-12-03,C-314,Blanca,Baño,430.0,Tarjeta,EMP-06,,0
DD-006418,2023-12-03,C-021,Rocky,Baño,200.0,Tarjeta,EMP-08,,1
DD-006794,2023-12-03,C-153,Chato,Baño,360.0,Efectivo,EMP-01,,0
DD-006456,2023-12-03,C-034,Gus,Guardería,200.0,Transferencia,EMP-07,propina incluida,1
DD-007157,2023-12-03,C-274,Nena,Corte,490.0,Tarjeta,EMP-06,pago pendiente,0
DD-007023,2023-12-03,C-229,Bella,Guardería,230.0,Efectivo,EMP-05,descuento aplicado,0
DD-006842,2023-12-03,C-170,Frida,Guardería,180.0,Tarjeta,EMP-08,traer vacunas,0
DD-007242,2023-12-03,C-295,Chico,Guardería,230.0,Efectivo,EMP-04,propina incluida,0
DD-006457,2023-12-04,C-035,Pancho,Hotel,400.0,Transferencia,EMP-04,pago pendiente,1
DD-006573,2023-12-04,C-077,Kira,Baño,430.0,Efectivo,EMP-05,,1
DD-007294,2023-12-04,C-313,Nala,Guardería,160.0,Tarjeta,EMP-04,cliente frecuente,0
DD-006721,2023-12-04,C-128,Chico,Guardería,190.0,Tarjeta,EMP-02,descuento aplicado,0
DD-006604,2023-12-04,C-089,Panda,Hotel,500.0,Transferencia,EMP-01,pago pendiente,0
DD-007142,2023-12-04,C-268,Nala,Guardería,220.0,Efectivo,EMP-02,descuento aplicado,0
DD-006935,2023-12-04,C-203,Princesa,Baño,240.0,Tarjeta,EMP-05,traer vacunas,0
DD-006776,2023-12-04,C-147,Rex,Adiestramiento,440.0,Efectivo,EMP-04,descuento aplicado,0
DD-006646,2023-12-04,C-105,Tito,Guardería,190.0,Tarjeta,EMP-07,,0
DD-006926,2023-12-04,C-198,Chato,Guardería,230.0,Tarjeta,EMP-06,,0
DD-006579,2023-12-04,C-080,Luna,Baño,350.0,Efectivo,EMP-03,propina incluida,1
DD-006752,2023-12-04,C-139,Panda,Corte,410.0,Efectivo,EMP-05,cliente frecuente,0
DD-006918,2023-12-04,C-196,Nina,Hotel,490.0,Efectivo,EMP-08,descuento aplicado,0
DD-007258,2023-12-04,C-301,Gus,Guardería,200.0,Tarjeta,EMP-01,,0
DD-007062,2023-12-04,C-244,Coco,Baño,340.0,Tarjeta,EMP-04,pago pendiente,0
DD-006651,2023-12-04,C-106,Charlie,Adiestramiento,600.0,Efectivo,EMP-02,primera visita,0
DD-007115,2023-12-04,C-261,Sultan,Baño,320.0,Tarjeta,EMP-02,cliente frecuente,0
DD-007110,2023-12-04,C-260,Bonita,Hotel,360.0,Transferencia,EMP-08,traer vacunas,0
DD-006834,2023-12-04,C-166,Boby,Guardería,180.0,Efectivo,EMP-06,traer vacunas,0
DD-006660,2023-12-04,C-109,Lobo,Hotel,490.0,Tarjeta,EMP-08,propina incluida,0
DD-006688,2023-12-04,C-117,Daisy,Hotel,490.0,Efectivo,EMP-03,propina incluida,0
DD-006534,2023-12-04,C-064,Bella,Hotel,590.0,Efectivo,EMP-06,pago pendiente,1
DD-007218,2023-12-04,C-290,Lola,Baño,200.0,Tarjeta,EMP-06,,0
DD-007006,2023-12-04,C-224,Zeus,Baño,280.0,Transferencia,EMP-05,,0
DD-006851,2023-12-04,C-173,Charlie,Baño,280.0,Efectivo,EMP-03,,0
DD-006818,2023-12-04,C-163,Rocky,Guardería,150.0,Tarjeta,EMP-03,cliente VIP,0
DD-006634,2023-12-04,C-100,Rosa,Guardería,190.0,Tarjeta,EMP-08,,0
DD-006888,2023-12-04,C-187,Simba,Guardería,180.0,Tarjeta,EMP-07,,0
DD-006528,2023-12-04,C-061,Toby,Baño,320.0,Tarjeta,EMP-08,,1
DD-007285,2023-12-04,C-312,Bella,Guardería,240.0,Efectivo,EMP-08,requiere cita previa,0
DD-006378,2023-12-04,C-006,Thor,Guardería,240.0,Tarjeta,EMP-07,descuento aplicado,1
DD-006364,2023-12-04,C-002,Mia,Guardería,230.0,Tarjeta,EMP-07,cliente VIP,1
DD-006600,2023-12-04,C-088,Simba,Corte,310.0,Efectivo,EMP-08,,0
DD-007291,2023-12-04,C-312,Bella,Hotel,440.0,Tarjeta,EMP-06,,0
DD-006994,2023-12-04,C-221,Beto,Guardería,210.0,Tarjeta,EMP-04,requiere cita previa,0
DD-006507,2023-12-04,C-056,Bonita,Baño,440.0,Tarjeta,EMP-02,cliente VIP,1
DD-007282,2023-12-05,C-309,Boby,Guardería,240.0,Efectivo,EMP-07,descuento aplicado,0
DD-006530,2023-12-05,C-063,Estrella,Guardería,220.0,Tarjeta,EMP-08,requiere cita previa,1
DD-006670,2023-12-05,C-113,Lola,Guardería,150.0,Efectivo,EMP-07,,0
DD-006521,2023-12-05,C-059,Pepa,Corte,370.0,Tarjeta,EMP-06,,1
DD-007163,2023-12-05,C-276,Charlie,Guardería,170.0,Tarjeta,EMP-05,requiere cita previa,0
DD-007293,2023-12-05,C-313,Nala,Corte,440.0,Tarjeta,EMP-03,,0
DD-006706,2023-12-05,C-123,Ringo,Baño,400.0,Tarjeta,EMP-07,cliente frecuente,0
DD-006659,2023-12-05,C-109,Lobo,Guardería,240.0,Efectivo,EMP-01,descuento aplicado,0
DD-006673,2023-12-05,C-113,Lola,Guardería,150.0,Transferencia,EMP-07,,0
DD-006557,2023-12-05,C-072,Chico,Adiestramiento,620.0,Tarjeta,EMP-03,descuento aplicado,1
DD-006626,2023-12-05,C-097,Bella,Baño,240.0,Transferencia,EMP-04,,0
DD-006606,2023-12-05,C-089,Panda,Guardería,230.0,Efectivo,EMP-05,requiere cita previa,0
DD-006858,2023-12-05,C-176,Estrella,Guardería,210.0,Efectivo,EMP-07,pago pendiente,0
DD-006590,2023-12-05,C-084,Pancho,Corte,360.0,Efectivo,EMP-01,propina incluida,0
DD-006767,2023-12-05,C-144,Rex,Baño,300.0,Efectivo,EMP-03,descuento aplicado,0
DD-006769,2023-12-05,C-145,Lola,Adiestramiento,720.0,Tarjeta,EMP-04,traer vacunas,0
DD-007121,2023-12-05,C-263,Nena,Guardería,180.0,Tarjeta,EMP-01,,0
DD-006439,2023-12-05,C-029,Gus,Guardería,210.0,Transferencia,EMP-02,,1
DD-007303,2023-12-05,C-316,Nina,Guardería,240.0,Transferencia,EMP-05,alérgico a champú,0
DD-006589,2023-12-05,C-084,Pancho,Guardería,190.0,Tarjeta,EMP-01,descuento aplicado,0
DD-007224,2023-12-05,C-292,Chico,Hotel,430.0,Efectivo,EMP-08,,0
DD-006976,2023-12-06,C-214,Gordo,Guardería,250.0,Efectivo,EMP-04,primera visita,0
DD-007227,2023-12-06,C-293,Blanca,Guardería,230.0,Efectivo,EMP-01,cliente frecuente,0
DD-006371,2023-12-06,C-004,Paloma,Corte,340.0,Tarjeta,EMP-07,perro agresivo,1
DD-007273,2023-12-06,C-306,Pepa,Guardería,230.0,Tarjeta,EMP-03,cliente VIP,0
DD-006526,2023-12-06,C-060,Lobo,Baño,360.0,Tarjeta,EMP-06,propina incluida,1
DD-007188,2023-12-06,C-284,Duke,Adiestramiento,460.0,Tarjeta,EMP-03,cliente VIP,0
DD-006900,2023-12-06,C-190,Beto,Guardería,150.0,Transferencia,EMP-04,perro agresivo,0
DD-007022,2023-12-06,C-229,Bella,Baño,260.0,Efectivo,EMP-01,,0
DD-006833,2023-12-06,C-166,Boby,Guardería,190.0,Transferencia,EMP-06,pago pendiente,0
DD-006895,2023-12-06,C-189,Zeus,Guardería,210.0,Tarjeta,EMP-03,requiere cita previa,0
DD-006622,2023-12-06,C-097,Bella,Hotel,510.0,Tarjeta,EMP-08,,0
DD-007127,2023-12-06,C-265,Duke,Baño,430.0,Tarjeta,EMP-01,,0
DD-007026,2023-12-06,C-230,Chico,Adiestramiento,490.0,Efectivo,EMP-08,cliente VIP,0
DD-007130,2023-12-06,C-266,Rex,Baño,270.0,Tarjeta,EMP-07,cliente VIP,0
DD-006822,2023-12-06,C-164,Gus,Hotel,470.0,Tarjeta,EMP-08,alérgico a champú,0
DD-007252,2023-12-06,C-299,Negro,Guardería,250.0,Efectivo,EMP-03,pago pendiente,0
DD-007191,2023-12-06,C-285,Daisy,Guardería,150.0,Efectivo,EMP-06,cliente VIP,0
DD-006505,2023-12-06,C-055,Bear,Baño,450.0,Efectivo,EMP-04,,1
DD-006511,2023-12-06,C-057,Bella,Guardería,180.0,Efectivo,EMP-06,traer vacunas,1
DD-007077,2023-12-06,C-248,Thor,Corte,320.0,Transferencia,EMP-02,cliente frecuente,0
DD-007056,2023-12-06,C-243,Maya,Corte,340.0,Transferencia,EMP-03,requiere cita previa,0
DD-006571,2023-12-06,C-077,Kira,Baño,440.0,Efectivo,EMP-06,descuento aplicado,1
DD-006937,2023-12-06,C-204,Nala,Baño,330.0,Tarjeta,EMP-01,primera visita,0
DD-006919,2023-12-06,C-196,Nina,Baño,250.0,Efectivo,EMP-03,,0
DD-007240,2023-12-06,C-295,Chico,Hotel,570.0,Tarjeta,EMP-04,cliente VIP,0
DD-007229,2023-12-06,C-293,Blanca,Guardería,210.0,Transferencia,EMP-04,,0
DD-006986,2023-12-06,C-217,Sultan,Baño,310.0,Tarjeta,EMP-04,,0
DD-006777,2023-12-06,C-147,Rex,Guardería,200.0,Efectivo,EMP-05,,0
DD-006984,2023-12-06,C-217,Sultan,Corte,280.0,Tarjeta,EMP-07,pago pendiente,0
DD-006614,2023-12-07,C-092,Rocky,Guardería,210.0,Efectivo,EMP-04,descuento aplicado,0
DD-006356,2023-12-07,C-001,Lobo,Hotel,380.0,Efectivo,EMP-08,primera visita,1
DD-006894,2023-12-07,C-188,Chico,Guardería,240.0,Tarjeta,EMP-08,,0
DD-007149,2023-12-07,C-271,Pancho,Guardería,240.0,Efectivo,EMP-01,,0
DD-007239,2023-12-07,C-295,Chico,Baño,240.0,Tarjeta,EMP-04,primera visita,0
DD-007067,2023-12-07,C-246,Luna,Baño,250.0,Tarjeta,EMP-07,,0
DD-007005,2023-12-07,C-224,Zeus,Hotel,390.0,Transferencia,EMP-03,,0
DD-006605,2023-12-07,C-089,Panda,Adiestramiento,680.0,Transferencia,EMP-07,propina incluida,0
DD-006599,2023-12-07,C-088,Simba,Guardería,240.0,Transferencia,EMP-08,cliente VIP,0
DD-006779,2023-12-07,C-148,Lola,Guardería,200.0,Efectivo,EMP-02,alérgico a champú,0
DD-006723,2023-12-07,C-128,Chico,Baño,290.0,Efectivo,EMP-07,cliente frecuente,0
DD-006726,2023-12-07,C-129,Tigrillo,Guardería,210.0,Tarjeta,EMP-01,,0
DD-006953,2023-12-07,C-208,Coco,Adiestramiento,500.0,Transferencia,EMP-04,primera visita,0
DD-006754,2023-12-07,C-139,Panda,Corte,360.0,Efectivo,EMP-04,,0
DD-006451,2023-12-07,C-033,Max,Adiestramiento,700.0,Efectivo,EMP-06,,1
DD-006812,2023-12-07,C-161,Chispa,Guardería,190.0,Tarjeta,EMP-06,propina incluida,0
DD-006943,2023-12-07,C-205,Pepa,Hotel,480.0,Tarjeta,EMP-08,,0
DD-006365,2023-12-07,C-002,Mia,Corte,370.0,Tarjeta,EMP-05,primera visita,1
DD-007251,2023-12-07,C-299,Negro,Guardería,220.0,Tarjeta,EMP-03,,0
DD-006637,2023-12-07,C-101,Fifi,Baño,390.0,Transferencia,EMP-02,traer vacunas,0
DD-007222,2023-12-07,C-291,Blanca,Guardería,160.0,Efectivo,EMP-08,,0
DD-006958,2023-12-07,C-208,Coco,Adiestramiento,560.0,Efectivo,EMP-04,,0
DD-006820,2023-12-07,C-163,Rocky,Guardería,180.0,Transferencia,EMP-03,,0
DD-007021,2023-12-07,C-229,Bella,Baño,300.0,Tarjeta,EMP-08,,0
DD-006624,2023-12-07,C-097,Bella,Guardería,230.0,Tarjeta,EMP-08,requiere cita previa,0
DD-006636,2023-12-07,C-101,Fifi,Adiestramiento,710.0,Efectivo,EMP-01,,0
DD-006780,2023-12-07,C-148,Lola,Guardería,170.0,Efectivo,EMP-06,perro agresivo,0
DD-007009,2023-12-08,C-225,Simba,Guardería,230.0,Efectivo,EMP-07,,0
DD-007177,2023-12-08,C-280,Nena,Guardería,190.0,Efectivo,EMP-04,perro agresivo,0
DD-007270,2023-12-08,C-305,Paloma,Baño,270.0,Efectivo,EMP-02,,0
DD-007200,2023-12-08,C-285,Daisy,Guardería,230.0,Tarjeta,EMP-01,propina incluida,0
DD-007092,2023-12-08,C-255,Frida,Guardería,240.0,Efectivo,EMP-05,,0
DD-006460,2023-12-08,C-037,Toby,Guardería,180.0,Tarjeta,EMP-07,,1
DD-006556,2023-12-08,C-071,Daisy,Guardería,160.0,Tarjeta,EMP-07,descuento aplicado,1
DD-007230,2023-12-08,C-293,Blanca,Guardería,150.0,Tarjeta,EMP-08,,0
DD-006799,2023-12-08,C-155,Nala,Baño,440.0,Efectivo,EMP-07,traer vacunas,0
DD-006801,2023-12-08,C-156,Beto,Hotel,410.0,Tarjeta,EMP-08,pago pendiente,0
DD-007307,2023-12-08,C-318,Negro,Guardería,170.0,Tarjeta,EMP-02,perro agresivo,0
DD-006424,2023-12-08,C-025,Lola,Hotel,540.0,Efectivo,EMP-02,,1
DD-007120,2023-12-08,C-263,Nena,Guardería,240.0,Efectivo,EMP-01,primera visita,0
DD-006846,2023-12-08,C-171,Bear,Guardería,190.0,Transferencia,EMP-08,perro agresivo,0
DD-006399,2023-12-08,C-013,Coco,Guardería,210.0,Efectivo,EMP-07,perro agresivo,1
DD-006396,2023-12-08,C-012,Chispa,Guardería,190.0,Efectivo,EMP-04,traer vacunas,1
DD-007207,2023-12-08,C-288,Boby,Guardería,220.0,Transferencia,EMP-01,alérgico a champú,0
DD-006861,2023-12-08,C-177,Princesa,Guardería,190.0,Efectivo,EMP-07,pago pendiente,0
DD-006391,2023-12-08,C-011,Daisy,Adiestramiento,460.0,Efectivo,EMP-07,perro agresivo,1
DD-006863,2023-12-08,C-178,Coco,Baño,320.0,Efectivo,EMP-08,,0
DD-007197,2023-12-08,C-285,Daisy,Adiestramiento,700.0,Transferencia,EMP-03,,0
DD-006385,2023-12-08,C-009,Rosa,Adiestramiento,420.0,Tarjeta,EMP-02,,1
DD-006384,2023-12-08,C-009,Rosa,Guardería,240.0,Efectivo,EMP-02,cliente VIP,1
DD-006876,2023-12-08,C-183,Sammy,Baño,230.0,Efectivo,EMP-02,requiere cita previa,0
DD-006784,2023-12-08,C-150,Duke,Baño,400.0,Transferencia,EMP-06,pago pendiente,0
DD-007083,2023-12-08,C-252,Kira,Baño,380.0,Tarjeta,EMP-02,cliente VIP,0
DD-007320,2023-12-08,C-320,Negro,Guardería,240.0,Tarjeta,EMP-07,,0
DD-006942,2023-12-08,C-205,Pepa,Adiestramiento,440.0,Efectivo,EMP-01,requiere cita previa,0
DD-006691,2023-12-08,C-118,Bonita,Guardería,230.0,Tarjeta,EMP-05,traer vacunas,0
DD-007189,2023-12-08,C-284,Duke,Guardería,250.0,Tarjeta,EMP-07,propina incluida,0
DD-007039,2023-12-08,C-235,Blanca,Baño,340.0,Tarjeta,EMP-03,descuento aplicado,0
DD-007035,2023-12-08,C-233,Manchas,Guardería,230.0,Efectivo,EMP-04,traer vacunas,0
DD-006705,2023-12-08,C-123,Ringo,Guardería,190.0,Tarjeta,EMP-01,alérgico a champú,0
DD-006668,2023-12-08,C-112,Princesa,Baño,240.0,Transferencia,EMP-06,cliente VIP,0
DD-007047,2023-12-08,C-239,Pancho,Guardería,200.0,Tarjeta,EMP-06,,0
DD-007184,2023-12-08,C-282,Rosa,Adiestramiento,730.0,Efectivo,EMP-07,,0
DD-006737,2023-12-08,C-133,Gus,Baño,300.0,Efectivo,EMP-06,,0
DD-006738,2023-12-08,C-133,Gus,Corte,410.0,Efectivo,EMP-04,,0
DD-006749,2023-12-08,C-137,Sasha,Corte,460.0,Efectivo,EMP-03,,0
DD-006941,2023-12-08,C-205,Pepa,Baño,410.0,Efectivo,EMP-03,propina incluida,0
DD-007260,2023-12-09,C-302,Fifi,Corte,300.0,Transferencia,EMP-06,alérgico a champú,0
DD-006678,2023-12-09,C-114,Rocky,Adiestramiento,540.0,Tarjeta,EMP-03,cliente VIP,0
DD-006621,2023-12-09,C-096,Chato,Hotel,450.0,Tarjeta,EMP-01,alérgico a champú,0
DD-006687,2023-12-09,C-116,Bonita,Guardería,250.0,Efectivo,EMP-05,alérgico a champú,0
DD-006666,2023-12-09,C-112,Princesa,Guardería,200.0,Efectivo,EMP-03,cliente VIP,0
DD-006765,2023-12-09,C-143,Rex,Guardería,200.0,Tarjeta,EMP-04,,0
DD-006949,2023-12-09,C-207,Ringo,Baño,240.0,Transferencia,EMP-01,,0
DD-006890,2023-12-09,C-187,Simba,Corte,330.0,Efectivo,EMP-02,pago pendiente,0
DD-006892,2023-12-09,C-188,Chico,Guardería,240.0,Tarjeta,EMP-03,,0
DD-007183,2023-12-09,C-282,Rosa,Guardería,230.0,Tarjeta,EMP-04,,0
DD-006825,2023-12-09,C-164,Gus,Guardería,180.0,Tarjeta,EMP-04,alérgico a champú,0
DD-006716,2023-12-09,C-127,Beto,Baño,240.0,Tarjeta,EMP-04,cliente VIP,0
DD-007193,2023-12-09,C-285,Daisy,Guardería,210.0,Efectivo,EMP-03,descuento aplicado,0
DD-006802,2023-12-09,C-157,Thor,Hotel,390.0,Tarjeta,EMP-06,,0
DD-006914,2023-12-09,C-195,Rocky,Guardería,220.0,Efectivo,EMP-03,pago pendiente,0
DD-006635,2023-12-09,C-101,Fifi,Baño,370.0,Efectivo,EMP-01,,0
DD-006930,2023-12-09,C-201,Rosa,Guardería,240.0,Efectivo,EMP-07,requiere cita previa,0
DD-006954,2023-12-09,C-208,Coco,Hotel,370.0,Tarjeta,EMP-05,cliente VIP,0
DD-006663,2023-12-09,C-111,Thor,Guardería,160.0,Tarjeta,EMP-01,,0
DD-007234,2023-12-09,C-293,Blanca,Guardería,220.0,Tarjeta,EMP-05,,0
DD-007093,2023-12-09,C-256,Chato,Guardería,220.0,Efectivo,EMP-03,cliente frecuente,0
DD-007097,2023-12-09,C-257,Canela,Corte,350.0,Tarjeta,EMP-08,,0
DD-006435,2023-12-09,C-028,Princesa,Guardería,160.0,Efectivo,EMP-06,,1
DD-007278,2023-12-09,C-308,Nina,Baño,210.0,Efectivo,EMP-06,,0
DD-007274,2023-12-09,C-307,Daisy,Baño,230.0,Tarjeta,EMP-08,,0
DD-006428,2023-12-09,C-027,Zeus,Baño,400.0,Tarjeta,EMP-04,,1
DD-007073,2023-12-09,C-248,Thor,Adiestramiento,550.0,Transferencia,EMP-07,,0
DD-006553,2023-12-09,C-070,Buddy,Baño,390.0,Tarjeta,EMP-01,,1
DD-007071,2023-12-09,C-247,Rosa,Guardería,160.0,Tarjeta,EMP-05,primera visita,0
DD-007034,2023-12-09,C-233,Manchas,Hotel,410.0,Efectivo,EMP-07,propina incluida,0
DD-006423,2023-12-09,C-024,Sultan,Baño,250.0,Transferencia,EMP-02,traer vacunas,1
DD-006577,2023-12-09,C-080,Luna,Baño,420.0,Efectivo,EMP-02,cliente frecuente,1
DD-007268,2023-12-09,C-305,Paloma,Baño,240.0,Tarjeta,EMP-04,traer vacunas,0
DD-007139,2023-12-09,C-268,Nala,Guardería,240.0,Efectivo,EMP-06,cliente frecuente,0
DD-007159,2023-12-09,C-274,Nena,Hotel,600.0,Transferencia,EMP-08,perro agresivo,0
DD-006493,2023-12-09,C-051,Simba,Hotel,410.0,Tarjeta,EMP-06,,1
DD-006649,2023-12-10,C-106,Charlie,Baño,230.0,Efectivo,EMP-01,cliente VIP,0
DD-007262,2023-12-10,C-302,Fifi,Baño,420.0,Tarjeta,EMP-03,,0
DD-006787,2023-12-10,C-152,Rex,Corte,320.0,Tarjeta,EMP-08,,0
DD-006781,2023-12-10,C-149,Toby,Corte,490.0,Efectivo,EMP-03,,0
DD-006469,2023-12-10,C-039,Tigrillo,Guardería,180.0,Efectivo,EMP-05,,1
DD-006773,2023-12-10,C-146,Ringo,Baño,360.0,Efectivo,EMP-01,,0
DD-006569,2023-12-10,C-077,Kira,Guardería,210.0,Efectivo,EMP-06,pago pendiente,1
DD-006612,2023-12-10,C-091,Kira,Guardería,240.0,Efectivo,EMP-06,,0
DD-007299,2023-12-10,C-314,Blanca,Hotel,450.0,Tarjeta,EMP-07,,0
DD-007156,2023-12-10,C-274,Nena,Guardería,250.0,Transferencia,EMP-03,,0
DD-006504,2023-12-10,C-055,Bear,Guardería,180.0,Transferencia,EMP-03,cliente VIP,1
DD-006531,2023-12-10,C-063,Estrella,Guardería,190.0,Tarjeta,EMP-06,,1
DD-006757,2023-12-10,C-140,Chispa,Corte,410.0,Efectivo,EMP-03,,0
DD-006501,2023-12-10,C-053,Buddy,Baño,330.0,Tarjeta,EMP-01,traer vacunas,1
DD-007059,2023-12-10,C-244,Coco,Guardería,240.0,Transferencia,EMP-04,,0
DD-007032,2023-12-10,C-232,Thor,Corte,380.0,Efectivo,EMP-05,primera visita,0
DD-006508,2023-12-10,C-056,Bonita,Baño,440.0,Transferencia,EMP-05,,1
DD-007140,2023-12-10,C-268,Nala,Corte,310.0,Efectivo,EMP-03,cliente VIP,0
DD-006933,2023-12-10,C-203,Princesa,Hotel,600.0,Tarjeta,EMP-06,,0
DD-006587,2023-12-10,C-082,Zeus,Baño,230.0,Tarjeta,EMP-05,,0
DD-007116,2023-12-10,C-261,Sultan,Baño,380.0,Efectivo,EMP-03,cliente VIP,0
DD-007104,2023-12-10,C-259,Paloma,Guardería,220.0,Transferencia,EMP-08,alérgico a champú,0
DD-006427,2023-12-10,C-026,Mia,Baño,390.0,Efectivo,EMP-06,,1
DD-007131,2023-12-10,C-266,Rex,Guardería,230.0,Tarjeta,EMP-07,primera visita,0
DD-007317,2023-12-10,C-320,Negro,Corte,360.0,Tarjeta,EMP-04,requiere cita previa,0
DD-006402,2023-12-10,C-015,Panda,Baño,220.0,Tarjeta,EMP-01,alérgico a champú,1
DD-006619,2023-12-10,C-095,Nala,Corte,460.0,Tarjeta,EMP-05,,0
DD-006908,2023-12-10,C-192,Sammy,Baño,330.0,Transferencia,EMP-08,alérgico a champú,0
DD-006392,2023-12-10,C-012,Chispa,Adiestramiento,800.0,Efectivo,EMP-02,,1
DD-006383,2023-12-10,C-009,Rosa,Baño,280.0,Tarjeta,EMP-04,,1
DD-007228,2023-12-10,C-293,Blanca,Guardería,180.0,Tarjeta,EMP-06,perro agresivo,0
DD-006437,2023-12-10,C-028,Princesa,Guardería,220.0,Efectivo,EMP-02,,1
DD-007125,2023-12-10,C-265,Duke,Adiestramiento,740.0,Tarjeta,EMP-06,,0
DD-006875,2023-12-11,C-183,Sammy,Guardería,220.0,Tarjeta,EMP-06,cliente VIP,0
DD-006708,2023-12-11,C-124,Manchas,Hotel,420.0,Efectivo,EMP-04,pago pendiente,0
DD-006725,2023-12-11,C-128,Chico,Guardería,240.0,Tarjeta,EMP-05,cliente frecuente,0
DD-007316,2023-12-11,C-319,Princesa,Baño,220.0,Tarjeta,EMP-08,,0
DD-006700,2023-12-11,C-121,Duke,Baño,450.0,Tarjeta,EMP-06,cliente frecuente,0
DD-007296,2023-12-11,C-313,Nala,Hotel,540.0,Tarjeta,EMP-05,,0
DD-006797,2023-12-11,C-155,Nala,Guardería,230.0,Efectivo,EMP-07,,0
DD-006750,2023-12-11,C-137,Sasha,Hotel,560.0,Efectivo,EMP-04,alérgico a champú,0
DD-006366,2023-12-11,C-002,Mia,Baño,430.0,Transferencia,EMP-01,perro agresivo,1
DD-006452,2023-12-11,C-033,Max,Hotel,590.0,Tarjeta,EMP-02,,1
DD-007220,2023-12-11,C-291,Blanca,Guardería,220.0,Efectivo,EMP-05,primera visita,0
DD-006380,2023-12-11,C-007,Tito,Guardería,220.0,Efectivo,EMP-08,propina incluida,1
DD-007223,2023-12-11,C-292,Chico,Baño,440.0,Tarjeta,EMP-08,descuento aplicado,0
DD-006763,2023-12-11,C-143,Rex,Guardería,210.0,Efectivo,EMP-02,cliente frecuente,0
DD-006473,2023-12-11,C-041,Tigrillo,Guardería,220.0,Transferencia,EMP-06,requiere cita previa,1
DD-006810,2023-12-11,C-161,Chispa,Guardería,240.0,Tarjeta,EMP-07,traer vacunas,0
DD-006468,2023-12-11,C-039,Tigrillo,Hotel,540.0,Efectivo,EMP-03,pago pendiente,1
DD-006442,2023-12-11,C-030,Bear,Guardería,240.0,Tarjeta,EMP-02,,1
DD-006804,2023-12-11,C-158,Negro,Guardería,200.0,Efectivo,EMP-01,,0
DD-006798,2023-12-11,C-155,Nala,Adiestramiento,630.0,Efectivo,EMP-07,,0
DD-007124,2023-12-11,C-264,Sultan,Guardería,170.0,Transferencia,EMP-06,primera visita,0
DD-006960,2023-12-11,C-208,Coco,Baño,400.0,Tarjeta,EMP-02,requiere cita previa,0
DD-007002,2023-12-11,C-223,Sasha,Guardería,190.0,Efectivo,EMP-06,,0
DD-007170,2023-12-11,C-277,Panda,Guardería,240.0,Efectivo,EMP-01,,0
DD-006964,2023-12-11,C-210,Max,Guardería,210.0,Tarjeta,EMP-03,,0
DD-006542,2023-12-11,C-067,Bonita,Guardería,170.0,Tarjeta,EMP-03,,1
DD-006645,2023-12-11,C-105,Tito,Baño,370.0,Tarjeta,EMP-04,cliente VIP,0
DD-007164,2023-12-11,C-276,Charlie,Baño,310.0,Tarjeta,EMP-02,descuento aplicado,0
DD-006656,2023-12-11,C-108,Sasha,Hotel,450.0,Efectivo,EMP-04,propina incluida,0
DD-007171,2023-12-11,C-278,Estrella,Guardería,220.0,Tarjeta,EMP-07,,0
DD-007266,2023-12-11,C-304,Buddy,Guardería,230.0,Tarjeta,EMP-07,alérgico a champú,0
DD-007020,2023-12-11,C-229,Bella,Guardería,210.0,Transferencia,EMP-02,traer vacunas,0
DD-006966,2023-12-11,C-210,Max,Guardería,250.0,Transferencia,EMP-01,pago pendiente,0
DD-007179,2023-12-11,C-281,Bear,Guardería,240.0,Tarjeta,EMP-07,descuento aplicado,0
DD-006974,2023-12-11,C-213,Pancho,Adiestramiento,560.0,Tarjeta,EMP-01,,0
DD-006543,2023-12-11,C-067,Bonita,Corte,320.0,Transferencia,EMP-03,,1
DD-006672,2023-12-11,C-113,Lola,Guardería,190.0,Efectivo,EMP-01,propina incluida,0
DD-007001,2023-12-11,C-223,Sasha,Adiestramiento,640.0,Tarjeta,EMP-06,,0
DD-007259,2023-12-11,C-301,Gus,Adiestramiento,540.0,Tarjeta,EMP-08,,0
DD-006483,2023-12-12,C-047,Gus,Baño,330.0,Efectivo,EMP-06,requiere cita previa,1
DD-007153,2023-12-12,C-273,Nena,Guardería,230.0,Efectivo,EMP-05,perro agresivo,0
DD-006932,2023-12-12,C-202,Tigrillo,Guardería,170.0,Tarjeta,EMP-03,primera visita,0
DD-006766,2023-12-12,C-143,Rex,Guardería,220.0,Efectivo,EMP-08,,0
DD-006923,2023-12-12,C-197,Mia,Guardería,220.0,Efectivo,EMP-08,pago pendiente,0
DD-006774,2023-12-12,C-146,Ringo,Guardería,160.0,Tarjeta,EMP-08,,0
DD-007186,2023-12-12,C-283,Princesa,Hotel,380.0,Tarjeta,EMP-01,cliente VIP,0
DD-007041,2023-12-12,C-236,Frida,Guardería,200.0,Tarjeta,EMP-04,descuento aplicado,0
DD-006449,2023-12-12,C-031,Ringo,Guardería,200.0,Efectivo,EMP-05,traer vacunas,1
DD-006795,2023-12-12,C-154,Nena,Adiestramiento,760.0,Efectivo,EMP-04,,0
DD-006872,2023-12-12,C-181,Nala,Guardería,250.0,Efectivo,EMP-08,,0
DD-006881,2023-12-12,C-184,Mia,Guardería,220.0,Efectivo,EMP-08,cliente VIP,0
DD-006884,2023-12-12,C-186,Frida,Guardería,250.0,Efectivo,EMP-02,requiere cita previa,0
DD-007168,2023-12-12,C-277,Panda,Adiestramiento,720.0,Tarjeta,EMP-05,propina incluida,0
DD-006359,2023-12-12,C-001,Lobo,Guardería,160.0,Transferencia,EMP-04,traer vacunas,1
DD-006845,2023-12-12,C-171,Bear,Corte,330.0,Efectivo,EMP-01,alérgico a champú,0
DD-007015,2023-12-12,C-227,Maya,Baño,320.0,Efectivo,EMP-02,,0
DD-006588,2023-12-12,C-083,Duke,Guardería,230.0,Transferencia,EMP-01,traer vacunas,0
DD-007109,2023-12-12,C-260,Bonita,Corte,260.0,Efectivo,EMP-03,primera visita,0
DD-006819,2023-12-12,C-163,Rocky,Baño,360.0,Tarjeta,EMP-04,requiere cita previa,0
DD-006811,2023-12-12,C-161,Chispa,Guardería,230.0,Efectivo,EMP-04,,0
DD-007013,2023-12-12,C-227,Maya,Guardería,170.0,Efectivo,EMP-02,cliente frecuente,0
DD-007098,2023-12-12,C-258,Lola,Hotel,440.0,Efectivo,EMP-04,,0
DD-007094,2023-12-12,C-256,Chato,Guardería,210.0,Tarjeta,EMP-02,descuento aplicado,0
DD-006421,2023-12-12,C-024,Sultan,Corte,300.0,Transferencia,EMP-04,,1
DD-007158,2023-12-12,C-274,Nena,Baño,410.0,Tarjeta,EMP-08,traer vacunas,0
DD-007169,2023-12-12,C-277,Panda,Hotel,410.0,Transferencia,EMP-02,,0
DD-006968,2023-12-12,C-211,Lobo,Guardería,180.0,Efectivo,EMP-05,,0
DD-007287,2023-12-12,C-312,Bella,Hotel,360.0,Tarjeta,EMP-02,descuento aplicado,0
DD-006724,2023-12-12,C-128,Chico,Guardería,150.0,Efectivo,EMP-04,perro agresivo,0
DD-006681,2023-12-12,C-115,Charlie,Hotel,470.0,Transferencia,EMP-01,,0
DD-006502,2023-12-12,C-054,Mia,Hotel,480.0,Efectivo,EMP-04,perro agresivo,1
DD-006497,2023-12-13,C-053,Buddy,Guardería,210.0,Tarjeta,EMP-02,,1
DD-006370,2023-12-13,C-003,Bella,Baño,210.0,Tarjeta,EMP-04,pago pendiente,1
DD-006920,2023-12-13,C-196,Nina,Adiestramiento,500.0,Efectivo,EMP-01,,0
DD-006783,2023-12-13,C-150,Duke,Adiestramiento,680.0,Efectivo,EMP-04,,0
DD-006788,2023-12-13,C-152,Rex,Guardería,250.0,Efectivo,EMP-01,,0
DD-006574,2023-12-13,C-078,Kira,Baño,390.0,Efectivo,EMP-05,,1
DD-006707,2023-12-13,C-124,Manchas,Corte,420.0,Efectivo,EMP-03,descuento aplicado,0
DD-007014,2023-12-13,C-227,Maya,Corte,340.0,Tarjeta,EMP-01,perro agresivo,0
DD-007304,2023-12-13,C-316,Nina,Guardería,180.0,Transferencia,EMP-02,pago pendiente,0
DD-007012,2023-12-13,C-226,Chispa,Guardería,230.0,Tarjeta,EMP-07,,0
DD-007275,2023-12-13,C-307,Daisy,Hotel,580.0,Tarjeta,EMP-03,propina incluida,0
DD-007147,2023-12-13,C-270,Luna,Baño,310.0,Efectivo,EMP-02,,0
DD-007050,2023-12-13,C-240,Mia,Guardería,180.0,Tarjeta,EMP-06,alérgico a champú,0
DD-006630,2023-12-13,C-099,Gordo,Guardería,170.0,Transferencia,EMP-01,propina incluida,0
DD-006628,2023-12-13,C-098,Ringo,Guardería,170.0,Transferencia,EMP-04,alérgico a champú,0
DD-007119,2023-12-13,C-262,Charlie,Baño,290.0,Efectivo,EMP-06,,0
DD-006625,2023-12-13,C-097,Bella,Adiestramiento,640.0,Tarjeta,EMP-02,perro agresivo,0
DD-006965,2023-12-13,C-210,Max,Baño,330.0,Efectivo,EMP-08,pago pendiente,0
DD-006848,2023-12-13,C-172,Tito,Guardería,180.0,Tarjeta,EMP-04,,0
DD-006400,2023-12-13,C-014,Nena,Guardería,180.0,Efectivo,EMP-01,descuento aplicado,1
DD-007045,2023-12-13,C-238,Max,Baño,360.0,Efectivo,EMP-05,,0
DD-007269,2023-12-13,C-305,Paloma,Corte,320.0,Efectivo,EMP-02,cliente VIP,0
DD-006883,2023-12-13,C-186,Frida,Hotel,360.0,Transferencia,EMP-02,,0
DD-006962,2023-12-13,C-209,Manchas,Baño,380.0,Tarjeta,EMP-04,primera visita,0
DD-006559,2023-12-13,C-073,Max,Guardería,160.0,Transferencia,EMP-05,,1
DD-006928,2023-12-13,C-200,Paloma,Guardería,210.0,Efectivo,EMP-01,requiere cita previa,0
DD-006642,2023-12-13,C-105,Tito,Corte,360.0,Efectivo,EMP-01,,0
DD-006541,2023-12-13,C-066,Rocky,Guardería,230.0,Efectivo,EMP-05,requiere cita previa,1
DD-006734,2023-12-13,C-133,Gus,Baño,450.0,Efectivo,EMP-02,cliente frecuente,0
DD-007284,2023-12-13,C-310,Paloma,Hotel,460.0,Transferencia,EMP-07,,0
DD-006494,2023-12-13,C-051,Simba,Baño,370.0,Tarjeta,EMP-03,pago pendiente,1
DD-007031,2023-12-13,C-232,Thor,Corte,410.0,Efectivo,EMP-07,,0
DD-007295,2023-12-13,C-313,Nala,Baño,410.0,Tarjeta,EMP-05,requiere cita previa,0
DD-006742,2023-12-13,C-134,Luna,Baño,330.0,Transferencia,EMP-07,requiere cita previa,0
DD-007241,2023-12-13,C-295,Chico,Guardería,210.0,Tarjeta,EMP-06,requiere cita previa,0
DD-006744,2023-12-13,C-136,Simba,Guardería,210.0,Efectivo,EMP-02,cliente VIP,0
DD-006755,2023-12-13,C-140,Chispa,Baño,260.0,Efectivo,EMP-03,,0
DD-007063,2023-12-13,C-244,Coco,Guardería,160.0,Efectivo,EMP-06,perro agresivo,0
DD-007306,2023-12-14,C-318,Negro,Guardería,210.0,Tarjeta,EMP-06,,0
DD-006523,2023-12-14,C-060,Lobo,Guardería,250.0,Transferencia,EMP-06,,1
DD-006490,2023-12-14,C-050,Max,Adiestramiento,530.0,Transferencia,EMP-08,,1
DD-007068,2023-12-14,C-246,Luna,Baño,360.0,Efectivo,EMP-02,descuento aplicado,0
DD-006516,2023-12-14,C-058,Gordo,Guardería,220.0,Transferencia,EMP-02,propina incluida,1
DD-006989,2023-12-14,C-220,Sammy,Guardería,190.0,Tarjeta,EMP-02,,0
DD-007052,2023-12-14,C-242,Sammy,Adiestramiento,700.0,Transferencia,EMP-02,primera visita,0
DD-007311,2023-12-14,C-319,Princesa,Guardería,250.0,Transferencia,EMP-04,traer vacunas,0
DD-006747,2023-12-14,C-137,Sasha,Guardería,250.0,Efectivo,EMP-02,,0
DD-006438,2023-12-14,C-028,Princesa,Baño,400.0,Efectivo,EMP-02,pago pendiente,1
DD-007199,2023-12-14,C-285,Daisy,Baño,310.0,Efectivo,EMP-03,,0
DD-007108,2023-12-14,C-259,Paloma,Guardería,180.0,Efectivo,EMP-04,traer vacunas,0
DD-006441,2023-12-14,C-029,Gus,Corte,360.0,Efectivo,EMP-07,,1
DD-007226,2023-12-14,C-293,Blanca,Hotel,470.0,Transferencia,EMP-03,pago pendiente,0
DD-007175,2023-12-14,C-278,Estrella,Corte,380.0,Tarjeta,EMP-01,pago pendiente,0
DD-006643,2023-12-14,C-105,Tito,Guardería,220.0,Efectivo,EMP-06,cliente VIP,0
DD-007187,2023-12-14,C-283,Princesa,Guardería,210.0,Tarjeta,EMP-04,traer vacunas,0
DD-007080,2023-12-14,C-250,Pepa,Hotel,570.0,Tarjeta,EMP-06,pago pendiente,0
DD-006921,2023-12-14,C-196,Nina,Guardería,180.0,Efectivo,EMP-01,propina incluida,0
DD-007315,2023-12-14,C-319,Princesa,Baño,430.0,Tarjeta,EMP-01,,0
DD-007134,2023-12-14,C-267,Daisy,Baño,380.0,Efectivo,EMP-06,,0
DD-006535,2023-12-14,C-064,Bella,Guardería,250.0,Tarjeta,EMP-08,,1
DD-006732,2023-12-14,C-132,Blanca,Guardería,250.0,Tarjeta,EMP-03,primera visita,0
DD-007243,2023-12-14,C-295,Chico,Baño,260.0,Efectivo,EMP-02,cliente VIP,0
DD-007319,2023-12-14,C-320,Negro,Guardería,220.0,Efectivo,EMP-06,cliente VIP,0
DD-007204,2023-12-14,C-287,Maya,Guardería,210.0,Efectivo,EMP-07,,0
DD-006679,2023-12-14,C-114,Rocky,Corte,270.0,Tarjeta,EMP-02,cliente VIP,0
DD-006952,2023-12-14,C-208,Coco,Corte,450.0,Efectivo,EMP-08,primera visita,0
DD-007198,2023-12-14,C-285,Daisy,Corte,410.0,Efectivo,EMP-02,perro agresivo,0
DD-006975,2023-12-14,C-213,Pancho,Adiestramiento,730.0,Tarjeta,EMP-05,,0
DD-006489,2023-12-15,C-050,Max,Adiestramiento,470.0,Tarjeta,EMP-04,requiere cita previa,1
DD-006387,2023-12-15,C-010,Maya,Corte,260.0,Tarjeta,EMP-01,,1
DD-006729,2023-12-15,C-132,Blanca,Baño,330.0,Transferencia,EMP-04,,0
DD-007044,2023-12-15,C-237,Tito,Guardería,180.0,Efectivo,EMP-05,,0
DD-006847,2023-12-15,C-171,Bear,Hotel,450.0,Tarjeta,EMP-08,alérgico a champú,0
DD-007195,2023-12-15,C-285,Daisy,Hotel,540.0,Efectivo,EMP-06,perro agresivo,0
DD-006903,2023-12-15,C-191,Sammy,Guardería,230.0,Efectivo,EMP-07,cliente VIP,0
DD-007196,2023-12-15,C-285,Daisy,Guardería,230.0,Efectivo,EMP-06,,0
DD-006367,2023-12-15,C-003,Bella,Guardería,190.0,Transferencia,EMP-07,,1
DD-006852,2023-12-15,C-173,Charlie,Baño,320.0,Tarjeta,EMP-02,,0
DD-006836,2023-12-15,C-168,Charlie,Guardería,220.0,Tarjeta,EMP-08,primera visita,0
DD-007297,2023-12-15,C-314,Blanca,Baño,290.0,Efectivo,EMP-02,propina incluida,0
DD-006595,2023-12-15,C-086,Gordo,Guardería,200.0,Tarjeta,EMP-02,propina incluida,0
DD-006893,2023-12-15,C-188,Chico,Corte,370.0,Efectivo,EMP-08,,0
DD-006683,2023-12-15,C-115,Charlie,Guardería,250.0,Efectivo,EMP-04,,0
DD-006944,2023-12-15,C-206,Simba,Adiestramiento,650.0,Tarjeta,EMP-06,requiere cita previa,0
DD-006955,2023-12-15,C-208,Coco,Hotel,360.0,Efectivo,EMP-02,traer vacunas,0
DD-006768,2023-12-15,C-144,Rex,Guardería,170.0,Tarjeta,EMP-05,cliente frecuente,0
DD-007246,2023-12-15,C-296,Duke,Adiestramiento,630.0,Efectivo,EMP-02,primera visita,0
DD-007292,2023-12-15,C-312,Bella,Guardería,180.0,Tarjeta,EMP-01,perro agresivo,0
DD-006980,2023-12-15,C-215,Daisy,Corte,390.0,Efectivo,EMP-04,,0
DD-007051,2023-12-15,C-241,Canela,Baño,360.0,Tarjeta,EMP-07,descuento aplicado,0
DD-006454,2023-12-15,C-034,Gus,Baño,210.0,Tarjeta,EMP-08,,1
DD-007321,2023-12-15,C-320,Negro,Baño,380.0,Tarjeta,EMP-07,alérgico a champú,0
DD-006450,2023-12-15,C-032,Tito,Guardería,200.0,Tarjeta,EMP-05,cliente VIP,1
DD-006792,2023-12-15,C-152,Rex,Baño,240.0,Tarjeta,EMP-08,,0
DD-006775,2023-12-15,C-147,Rex,Guardería,250.0,Tarjeta,EMP-04,,0
DD-007016,2023-12-15,C-227,Maya,Corte,320.0,Efectivo,EMP-05,cliente VIP,0
DD-006472,2023-12-15,C-041,Tigrillo,Guardería,220.0,Tarjeta,EMP-03,cliente frecuente,1
DD-006746,2023-12-15,C-136,Simba,Guardería,170.0,Efectivo,EMP-04,,0
DD-006583,2023-12-15,C-081,Luna,Guardería,200.0,Tarjeta,EMP-06,primera visita,0
DD-006474,2023-12-15,C-041,Tigrillo,Guardería,190.0,Efectivo,EMP-05,propina incluida,1
DD-006978,2023-12-16,C-215,Daisy,Adiestramiento,730.0,Tarjeta,EMP-05,,0
DD-006860,2023-12-16,C-177,Princesa,Corte,420.0,Efectivo,EMP-04,,0
DD-006398,2023-12-16,C-013,Coco,Baño,380.0,Tarjeta,EMP-02,,1
DD-006854,2023-12-16,C-174,Chispa,Guardería,200.0,Transferencia,EMP-05,,0
DD-006430,2023-12-16,C-027,Zeus,Hotel,400.0,Tarjeta,EMP-06,,1
DD-006731,2023-12-16,C-132,Blanca,Hotel,380.0,Transferencia,EMP-02,descuento aplicado,0
DD-006510,2023-12-16,C-056,Bonita,Guardería,220.0,Efectivo,EMP-04,alérgico a champú,1
DD-006865,2023-12-16,C-178,Coco,Guardería,220.0,Efectivo,EMP-05,alérgico a champú,0
DD-006484,2023-12-16,C-047,Gus,Adiestramiento,560.0,Transferencia,EMP-07,,1
DD-006386,2023-12-16,C-009,Rosa,Baño,360.0,Efectivo,EMP-03,alérgico a champú,1
DD-006871,2023-12-16,C-180,Buddy,Guardería,200.0,Tarjeta,EMP-07,propina incluida,0
DD-007161,2023-12-16,C-275,Lobo,Guardería,170.0,Efectivo,EMP-03,requiere cita previa,0
DD-006617,2023-12-16,C-095,Nala,Guardería,160.0,Efectivo,EMP-08,propina incluida,0
DD-007232,2023-12-16,C-293,Blanca,Guardería,230.0,Tarjeta,EMP-02,descuento aplicado,0
DD-006922,2023-12-16,C-197,Mia,Guardería,180.0,Transferencia,EMP-05,primera visita,0
DD-007053,2023-12-16,C-242,Sammy,Guardería,240.0,Efectivo,EMP-07,requiere cita previa,0
DD-007086,2023-12-16,C-254,Fifi,Guardería,220.0,Tarjeta,EMP-05,cliente frecuente,0
DD-006652,2023-12-16,C-106,Charlie,Guardería,230.0,Efectivo,EMP-05,traer vacunas,0
DD-006904,2023-12-16,C-191,Sammy,Guardería,190.0,Tarjeta,EMP-01,,0
DD-006905,2023-12-16,C-191,Sammy,Guardería,240.0,Efectivo,EMP-07,,0
DD-006701,2023-12-16,C-121,Duke,Baño,230.0,Transferencia,EMP-03,,0
DD-006429,2023-12-16,C-027,Zeus,Baño,350.0,Efectivo,EMP-04,,1
DD-006695,2023-12-16,C-119,Canela,Adiestramiento,790.0,Tarjeta,EMP-07,,0
DD-006555,2023-12-16,C-071,Daisy,Adiestramiento,770.0,Efectivo,EMP-02,alérgico a champú,1
DD-006956,2023-12-16,C-208,Coco,Hotel,390.0,Transferencia,EMP-06,,0
DD-006529,2023-12-16,C-062,Zeus,Guardería,240.0,Efectivo,EMP-01,,1
DD-006916,2023-12-16,C-195,Rocky,Hotel,470.0,Efectivo,EMP-01,cliente frecuente,0
DD-006674,2023-12-16,C-113,Lola,Guardería,170.0,Tarjeta,EMP-02,,0
DD-006593,2023-12-16,C-086,Gordo,Corte,370.0,Tarjeta,EMP-05,propina incluida,0
DD-007213,2023-12-16,C-289,Kira,Guardería,250.0,Tarjeta,EMP-06,,0
DD-007151,2023-12-16,C-273,Nena,Guardería,200.0,Tarjeta,EMP-02,,0
DD-007011,2023-12-16,C-226,Chispa,Guardería,160.0,Tarjeta,EMP-04,,0
DD-006433,2023-12-16,C-027,Zeus,Hotel,410.0,Tarjeta,EMP-07,,1
DD-006740,2023-12-16,C-133,Gus,Guardería,160.0,Tarjeta,EMP-02,,0
DD-007000,2023-12-17,C-223,Sasha,Guardería,220.0,Efectivo,EMP-04,,0
DD-007024,2023-12-17,C-230,Chico,Hotel,550.0,Efectivo,EMP-07,,0
DD-007079,2023-12-17,C-250,Pepa,Guardería,200.0,Efectivo,EMP-07,alérgico a champú,0
DD-007069,2023-12-17,C-247,Rosa,Baño,240.0,Efectivo,EMP-03,perro agresivo,0
DD-006987,2023-12-17,C-218,Mia,Hotel,580.0,Tarjeta,EMP-04,perro agresivo,0
DD-006901,2023-12-17,C-190,Beto,Guardería,170.0,Tarjeta,EMP-02,,0
DD-006891,2023-12-17,C-187,Simba,Corte,450.0,Efectivo,EMP-04,,0
DD-007143,2023-12-17,C-268,Nala,Hotel,430.0,Efectivo,EMP-02,propina incluida,0
DD-006889,2023-12-17,C-187,Simba,Guardería,230.0,Transferencia,EMP-01,descuento aplicado,0
DD-007087,2023-12-17,C-254,Fifi,Baño,300.0,Tarjeta,EMP-05,pago pendiente,0
DD-007049,2023-12-17,C-239,Pancho,Baño,270.0,Tarjeta,EMP-04,primera visita,0
DD-007060,2023-12-17,C-244,Coco,Adiestramiento,440.0,Tarjeta,EMP-06,cliente VIP,0
DD-006381,2023-12-17,C-007,Tito,Baño,390.0,Tarjeta,EMP-05,traer vacunas,1
DD-007225,2023-12-17,C-292,Chico,Guardería,170.0,Transferencia,EMP-08,pago pendiente,0
DD-006809,2023-12-17,C-160,Boby,Guardería,160.0,Transferencia,EMP-03,,0
DD-006422,2023-12-17,C-024,Sultan,Baño,390.0,Tarjeta,EMP-03,traer vacunas,1
DD-006395,2023-12-17,C-012,Chispa,Guardería,230.0,Tarjeta,EMP-06,traer vacunas,1
DD-006789,2023-12-17,C-152,Rex,Baño,290.0,Efectivo,EMP-03,pago pendiente,0
DD-007290,2023-12-17,C-312,Bella,Guardería,210.0,Tarjeta,EMP-01,pago pendiente,0
DD-006459,2023-12-17,C-037,Toby,Adiestramiento,690.0,Tarjeta,EMP-07,primera visita,1
DD-006551,2023-12-17,C-068,Lola,Guardería,160.0,Tarjeta,EMP-08,,1
DD-006495,2023-12-17,C-052,Estrella,Baño,430.0,Tarjeta,EMP-02,cliente frecuente,1
DD-006823,2023-12-17,C-164,Gus,Hotel,400.0,Tarjeta,EMP-07,requiere cita previa,0
DD-006615,2023-12-17,C-093,Thor,Guardería,200.0,Efectivo,EMP-05,,0
DD-007201,2023-12-17,C-286,Estrella,Hotel,530.0,Efectivo,EMP-04,traer vacunas,0
DD-007312,2023-12-17,C-319,Princesa,Hotel,480.0,Tarjeta,EMP-01,primera visita,0
DD-006482,2023-12-17,C-046,Chato,Baño,450.0,Tarjeta,EMP-01,requiere cita previa,1
DD-007247,2023-12-17,C-296,Duke,Hotel,380.0,Efectivo,EMP-03,requiere cita previa,0
DD-006407,2023-12-18,C-017,Canela,Guardería,150.0,Efectivo,EMP-04,,1
DD-006363,2023-12-18,C-002,Mia,Adiestramiento,540.0,Transferencia,EMP-03,descuento aplicado,1
DD-007235,2023-12-18,C-293,Blanca,Corte,480.0,Efectivo,EMP-02,propina incluida,0
DD-006963,2023-12-18,C-210,Max,Baño,310.0,Efectivo,EMP-08,,0
DD-006758,2023-12-18,C-141,Maya,Guardería,150.0,Efectivo,EMP-08,traer vacunas,0
DD-007288,2023-12-18,C-312,Bella,Corte,330.0,Efectivo,EMP-08,,0
DD-007122,2023-12-18,C-264,Sultan,Guardería,220.0,Tarjeta,EMP-08,,0
DD-007277,2023-12-18,C-308,Nina,Baño,240.0,Efectivo,EMP-05,,0
DD-006477,2023-12-18,C-044,Tigrillo,Baño,380.0,Efectivo,EMP-01,,1
DD-006745,2023-12-18,C-136,Simba,Baño,340.0,Efectivo,EMP-04,perro agresivo,0
DD-006743,2023-12-18,C-135,Bella,Baño,230.0,Tarjeta,EMP-04,perro agresivo,0
DD-007144,2023-12-18,C-268,Nala,Baño,330.0,Tarjeta,EMP-07,propina incluida,0
DD-007017,2023-12-18,C-228,Sasha,Guardería,220.0,Efectivo,EMP-02,cliente frecuente,0
DD-006509,2023-12-18,C-056,Bonita,Guardería,180.0,Efectivo,EMP-02,,1
DD-006397,2023-12-18,C-012,Chispa,Guardería,220.0,Efectivo,EMP-02,requiere cita previa,1
DD-007099,2023-12-18,C-258,Lola,Guardería,190.0,Tarjeta,EMP-02,propina incluida,0
DD-006999,2023-12-18,C-223,Sasha,Guardería,240.0,Tarjeta,EMP-07,alérgico a champú,0
DD-006580,2023-12-18,C-080,Luna,Baño,390.0,Tarjeta,EMP-05,traer vacunas,1
DD-006393,2023-12-18,C-012,Chispa,Hotel,460.0,Tarjeta,EMP-06,traer vacunas,1
DD-006375,2023-12-18,C-005,Canela,Guardería,230.0,Tarjeta,EMP-06,propina incluida,1
DD-006869,2023-12-18,C-180,Buddy,Guardería,190.0,Efectivo,EMP-07,,0
DD-006467,2023-12-18,C-039,Tigrillo,Guardería,160.0,Efectivo,EMP-06,cliente frecuente,1
DD-006827,2023-12-18,C-165,Frida,Guardería,210.0,Tarjeta,EMP-08,descuento aplicado,0
DD-006426,2023-12-18,C-025,Lola,Guardería,240.0,Tarjeta,EMP-01,,1
DD-007212,2023-12-18,C-289,Kira,Guardería,210.0,Efectivo,EMP-05,perro agresivo,0
DD-006514,2023-12-19,C-058,Gordo,Corte,370.0,Transferencia,EMP-03,alérgico a champú,1
DD-007148,2023-12-19,C-271,Pancho,Baño,210.0,Efectivo,EMP-06,cliente VIP,0
DD-006713,2023-12-19,C-126,Manchas,Guardería,160.0,Tarjeta,EMP-06,alérgico a champú,0
DD-006584,2023-12-19,C-081,Luna,Guardería,170.0,Tarjeta,EMP-02,,0
DD-006718,2023-12-19,C-128,Chico,Guardería,250.0,Efectivo,EMP-07,cliente VIP,0
DD-007280,2023-12-19,C-309,Boby,Guardería,230.0,Efectivo,EMP-05,,0
DD-006445,2023-12-19,C-030,Bear,Hotel,510.0,Tarjeta,EMP-03,,1
DD-006458,2023-12-19,C-036,Rex,Corte,260.0,Efectivo,EMP-07,pago pendiente,1
DD-006638,2023-12-19,C-102,Chispa,Baño,420.0,Transferencia,EMP-05,,0
DD-007162,2023-12-19,C-275,Lobo,Hotel,430.0,Tarjeta,EMP-04,,0
DD-006552,2023-12-19,C-069,Paloma,Corte,440.0,Efectivo,EMP-01,cliente VIP,1
DD-007152,2023-12-19,C-273,Nena,Guardería,200.0,Transferencia,EMP-08,,0
DD-006372,2023-12-19,C-004,Paloma,Guardería,180.0,Efectivo,EMP-01,pago pendiente,1
DD-006631,2023-12-19,C-099,Gordo,Corte,430.0,Efectivo,EMP-03,descuento aplicado,0
DD-006676,2023-12-19,C-113,Lola,Guardería,160.0,Tarjeta,EMP-07,descuento aplicado,0
DD-006373,2023-12-19,C-005,Canela,Corte,390.0,Tarjeta,EMP-05,requiere cita previa,1
DD-006462,2023-12-19,C-037,Toby,Baño,400.0,Efectivo,EMP-07,cliente VIP,1
DD-006719,2023-12-19,C-128,Chico,Corte,300.0,Efectivo,EMP-07,,0
DD-006692,2023-12-19,C-118,Bonita,Corte,330.0,Efectivo,EMP-01,cliente VIP,0
DD-007253,2023-12-19,C-300,Manchas,Baño,330.0,Efectivo,EMP-05,,0
DD-006948,2023-12-19,C-207,Ringo,Corte,450.0,Efectivo,EMP-03,,0
DD-006806,2023-12-19,C-159,Sultan,Guardería,180.0,Transferencia,EMP-04,,0
DD-007126,2023-12-19,C-265,Duke,Corte,440.0,Tarjeta,EMP-07,cliente VIP,0
DD-007064,2023-12-19,C-245,Frida,Corte,290.0,Efectivo,EMP-05,,0
DD-006727,2023-12-19,C-130,Gordo,Baño,210.0,Efectivo,EMP-06,,0
DD-007221,2023-12-19,C-291,Blanca,Guardería,200.0,Tarjeta,EMP-02,,0
DD-007123,2023-12-19,C-264,Sultan,Baño,340.0,Tarjeta,EMP-02,cliente VIP,0
DD-007236,2023-12-19,C-294,Rex,Guardería,160.0,Transferencia,EMP-08,pago pendiente,0
DD-006390,2023-12-19,C-011,Daisy,Baño,400.0,Tarjeta,EMP-03,descuento aplicado,1
DD-006917,2023-12-19,C-196,Nina,Baño,420.0,Transferencia,EMP-08,traer vacunas,0
DD-006886,2023-12-19,C-186,Frida,Guardería,210.0,Tarjeta,EMP-06,,0
DD-006499,2023-12-19,C-053,Buddy,Hotel,370.0,Tarjeta,EMP-02,,1
DD-006470,2023-12-19,C-039,Tigrillo,Guardería,200.0,Tarjeta,EMP-06,,1
DD-006500,2023-12-19,C-053,Buddy,Corte,330.0,Tarjeta,EMP-03,perro agresivo,1
DD-006475,2023-12-20,C-044,Tigrillo,Guardería,220.0,Tarjeta,EMP-03,,1
DD-006911,2023-12-20,C-194,Nina,Baño,250.0,Tarjeta,EMP-02,pago pendiente,0
DD-006425,2023-12-20,C-025,Lola,Baño,290.0,Tarjeta,EMP-03,descuento aplicado,1
DD-006544,2023-12-20,C-067,Bonita,Guardería,170.0,Tarjeta,EMP-06,descuento aplicado,1
DD-006640,2023-12-20,C-104,Rosa,Guardería,220.0,Tarjeta,EMP-08,perro agresivo,0
DD-007066,2023-12-20,C-246,Luna,Guardería,220.0,Transferencia,EMP-02,propina incluida,0
DD-007029,2023-12-20,C-231,Fifi,Hotel,410.0,Tarjeta,EMP-02,perro agresivo,0
DD-006830,2023-12-20,C-165,Frida,Baño,340.0,Efectivo,EMP-06,descuento aplicado,0
DD-006487,2023-12-20,C-049,Max,Baño,430.0,Efectivo,EMP-03,perro agresivo,1
DD-006832,2023-12-20,C-166,Boby,Guardería,170.0,Efectivo,EMP-03,,0
DD-006538,2023-12-20,C-064,Bella,Guardería,150.0,Efectivo,EMP-01,,1
DD-006620,2023-12-20,C-096,Chato,Guardería,170.0,Efectivo,EMP-07,,0
DD-007216,2023-12-20,C-290,Lola,Guardería,240.0,Efectivo,EMP-02,requiere cita previa,0
DD-006486,2023-12-20,C-049,Max,Baño,210.0,Tarjeta,EMP-06,alérgico a champú,1
DD-006389,2023-12-20,C-011,Daisy,Baño,220.0,Tarjeta,EMP-04,descuento aplicado,1
DD-007283,2023-12-20,C-309,Boby,Guardería,250.0,Efectivo,EMP-08,cliente frecuente,0
DD-006563,2023-12-20,C-075,Chato,Baño,250.0,Efectivo,EMP-08,requiere cita previa,1
DD-006410,2023-12-20,C-018,Toby,Baño,440.0,Transferencia,EMP-07,,1
DD-006412,2023-12-20,C-019,Canela,Adiestramiento,500.0,Tarjeta,EMP-08,,1
DD-006760,2023-12-20,C-142,Estrella,Guardería,160.0,Transferencia,EMP-05,cliente VIP,0
DD-006517,2023-12-20,C-058,Gordo,Guardería,240.0,Transferencia,EMP-06,traer vacunas,1
DD-006496,2023-12-20,C-052,Estrella,Corte,350.0,Efectivo,EMP-05,,1
DD-007118,2023-12-20,C-262,Charlie,Baño,450.0,Efectivo,EMP-02,descuento aplicado,0
DD-007313,2023-12-20,C-319,Princesa,Guardería,180.0,Efectivo,EMP-04,requiere cita previa,0
DD-006694,2023-12-20,C-119,Canela,Guardería,180.0,Tarjeta,EMP-05,,0
DD-007058,2023-12-20,C-243,Maya,Guardería,220.0,Efectivo,EMP-04,,0
DD-006712,2023-12-20,C-126,Manchas,Guardería,160.0,Efectivo,EMP-04,propina incluida,0
DD-006849,2023-12-21,C-173,Charlie,Corte,410.0,Transferencia,EMP-05,requiere cita previa,0
DD-007211,2023-12-21,C-289,Kira,Guardería,180.0,Transferencia,EMP-03,,0
DD-007289,2023-12-21,C-312,Bella,Guardería,240.0,Efectivo,EMP-04,cliente VIP,0
DD-006485,2023-12-21,C-048,Buddy,Corte,460.0,Efectivo,EMP-06,descuento aplicado,1
DD-006951,2023-12-21,C-208,Coco,Corte,290.0,Efectivo,EMP-02,,0
DD-006728,2023-12-21,C-130,Gordo,Guardería,210.0,Transferencia,EMP-06,cliente VIP,0
DD-007323,2023-12-21,C-320,Negro,Guardería,240.0,Tarjeta,EMP-05,,0
DD-007100,2023-12-21,C-258,Lola,Guardería,240.0,Tarjeta,EMP-04,alérgico a champú,0
DD-007101,2023-12-21,C-258,Lola,Guardería,170.0,Efectivo,EMP-02,requiere cita previa,0
DD-006480,2023-12-21,C-046,Chato,Corte,310.0,Efectivo,EMP-06,,1
DD-006915,2023-12-21,C-195,Rocky,Hotel,500.0,Tarjeta,EMP-08,alérgico a champú,0
DD-006627,2023-12-21,C-097,Bella,Baño,340.0,Tarjeta,EMP-04,perro agresivo,0
DD-006416,2023-12-21,C-021,Rocky,Adiestramiento,790.0,Efectivo,EMP-07,,1
DD-006357,2023-12-21,C-001,Lobo,Adiestramiento,430.0,Efectivo,EMP-07,pago pendiente,1
DD-007046,2023-12-21,C-238,Max,Guardería,160.0,Efectivo,EMP-06,,0
DD-007065,2023-12-21,C-245,Frida,Baño,260.0,Efectivo,EMP-03,,0
DD-006657,2023-12-21,C-108,Sasha,Hotel,410.0,Transferencia,EMP-05,,0
DD-006525,2023-12-21,C-060,Lobo,Guardería,180.0,Transferencia,EMP-01,,1
DD-006979,2023-12-21,C-215,Daisy,Hotel,410.0,Tarjeta,EMP-05,,0
DD-006957,2023-12-21,C-208,Coco,Corte,380.0,Transferencia,EMP-02,cliente frecuente,0
DD-006785,2023-12-21,C-151,Rocky,Corte,380.0,Tarjeta,EMP-06,perro agresivo,0
DD-006874,2023-12-21,C-182,Negro,Guardería,150.0,Tarjeta,EMP-08,requiere cita previa,0
DD-006684,2023-12-21,C-116,Bonita,Corte,270.0,Efectivo,EMP-07,descuento aplicado,0
DD-006961,2023-12-21,C-209,Manchas,Guardería,170.0,Transferencia,EMP-02,,0
DD-006770,2023-12-21,C-145,Lola,Guardería,230.0,Efectivo,EMP-06,requiere cita previa,0
DD-007176,2023-12-21,C-279,Coco,Adiestramiento,500.0,Transferencia,EMP-07,,0
DD-006515,2023-12-22,C-058,Gordo,Guardería,210.0,Efectivo,EMP-06,requiere cita previa,1
DD-007036,2023-12-22,C-234,Toby,Baño,430.0,Transferencia,EMP-02,,0
DD-006562,2023-12-22,C-075,Chato,Guardería,190.0,Transferencia,EMP-06,requiere cita previa,1
DD-006545,2023-12-22,C-067,Bonita,Guardería,240.0,Tarjeta,EMP-02,descuento aplicado,1
DD-006498,2023-12-22,C-053,Buddy,Baño,350.0,Tarjeta,EMP-06,pago pendiente,1
DD-007160,2023-12-22,C-274,Nena,Baño,350.0,Tarjeta,EMP-06,pago pendiente,0
DD-007286,2023-12-22,C-312,Bella,Baño,210.0,Efectivo,EMP-05,,0
DD-007074,2023-12-22,C-248,Thor,Guardería,200.0,Tarjeta,EMP-02,descuento aplicado,0
DD-007085,2023-12-22,C-253,Luna,Guardería,170.0,Transferencia,EMP-05,alérgico a champú,0
DD-006522,2023-12-22,C-059,Pepa,Guardería,170.0,Transferencia,EMP-01,pago pendiente,1
DD-007145,2023-12-22,C-269,Maya,Corte,290.0,Efectivo,EMP-01,,0
DD-006855,2023-12-22,C-174,Chispa,Baño,440.0,Tarjeta,EMP-05,,0
DD-006362,2023-12-22,C-001,Lobo,Guardería,220.0,Transferencia,EMP-02,perro agresivo,1
DD-007205,2023-12-22,C-287,Maya,Corte,440.0,Efectivo,EMP-04,,0
DD-006730,2023-12-22,C-132,Blanca,Corte,320.0,Tarjeta,EMP-06,perro agresivo,0
DD-007106,2023-12-22,C-259,Paloma,Guardería,200.0,Efectivo,EMP-04,descuento aplicado,0
DD-006641,2023-12-22,C-105,Tito,Guardería,210.0,Efectivo,EMP-08,primera visita,0
DD-006369,2023-12-22,C-003,Bella,Corte,470.0,Tarjeta,EMP-02,,1
DD-006840,2023-12-22,C-169,Gordo,Guardería,180.0,Efectivo,EMP-06,cliente VIP,0
DD-006947,2023-12-22,C-207,Ringo,Baño,280.0,Tarjeta,EMP-04,pago pendiente,0
DD-006995,2023-12-22,C-222,Canela,Corte,410.0,Efectivo,EMP-08,traer vacunas,0
DD-007203,2023-12-22,C-287,Maya,Guardería,200.0,Tarjeta,EMP-02,,0
DD-006377,2023-12-22,C-006,Thor,Guardería,200.0,Efectivo,EMP-07,propina incluida,1
DD-006444,2023-12-22,C-030,Bear,Baño,280.0,Tarjeta,EMP-03,,1
DD-007272,2023-12-22,C-306,Pepa,Guardería,180.0,Efectivo,EMP-08,alérgico a champú,0
DD-006778,2023-12-22,C-147,Rex,Guardería,220.0,Efectivo,EMP-05,traer vacunas,0
DD-006786,2023-12-22,C-151,Rocky,Guardería,210.0,Tarjeta,EMP-02,,0
DD-006598,2023-12-22,C-087,Sasha,Baño,400.0,Efectivo,EMP-05,,0
DD-006578,2023-12-22,C-080,Luna,Baño,240.0,Efectivo,EMP-06,requiere cita previa,1
DD-006902,2023-12-22,C-191,Sammy,Guardería,220.0,Transferencia,EMP-07,,0
DD-007132,2023-12-22,C-266,Rex,Guardería,190.0,Efectivo,EMP-04,perro agresivo,0
DD-006717,2023-12-22,C-127,Beto,Adiestramiento,420.0,Tarjeta,EMP-02,descuento aplicado,0
DD-007138,2023-12-22,C-268,Nala,Adiestramiento,540.0,Efectivo,EMP-06,requiere cita previa,0
DD-006703,2023-12-23,C-122,Pepa,Corte,280.0,Efectivo,EMP-05,descuento aplicado,0
DD-006702,2023-12-23,C-122,Pepa,Baño,410.0,Tarjeta,EMP-08,traer vacunas,0
DD-006406,2023-12-23,C-017,Canela,Baño,230.0,Tarjeta,EMP-04,alérgico a champú,1
DD-007300,2023-12-23,C-315,Zeus,Guardería,180.0,Efectivo,EMP-04,,0
DD-006693,2023-12-23,C-119,Canela,Baño,440.0,Transferencia,EMP-06,primera visita,0
DD-006772,2023-12-23,C-146,Ringo,Baño,380.0,Efectivo,EMP-03,perro agresivo,0
DD-007314,2023-12-23,C-319,Princesa,Guardería,160.0,Efectivo,EMP-01,alérgico a champú,0
DD-006824,2023-12-23,C-164,Gus,Baño,230.0,Efectivo,EMP-04,perro agresivo,0
DD-006940,2023-12-23,C-205,Pepa,Baño,420.0,Efectivo,EMP-02,,0
DD-006414,2023-12-23,C-021,Rocky,Baño,370.0,Efectivo,EMP-01,traer vacunas,1
DD-006448,2023-12-23,C-031,Ringo,Baño,250.0,Efectivo,EMP-04,cliente VIP,1
DD-007048,2023-12-23,C-239,Pancho,Guardería,190.0,Efectivo,EMP-06,traer vacunas,0
DD-006382,2023-12-23,C-008,Boby,Guardería,220.0,Efectivo,EMP-08,propina incluida,1
DD-006568,2023-12-23,C-077,Kira,Baño,450.0,Transferencia,EMP-04,requiere cita previa,1
DD-006594,2023-12-23,C-086,Gordo,Baño,410.0,Tarjeta,EMP-05,perro agresivo,0
DD-007007,2023-12-23,C-224,Zeus,Adiestramiento,600.0,Efectivo,EMP-07,primera visita,0
DD-006561,2023-12-23,C-074,Fifi,Guardería,190.0,Tarjeta,EMP-01,alérgico a champú,1
DD-006560,2023-12-23,C-074,Fifi,Guardería,190.0,Tarjeta,EMP-07,descuento aplicado,1
DD-006547,2023-12-23,C-067,Bonita,Guardería,240.0,Tarjeta,EMP-01,,1
DD-007308,2023-12-23,C-318,Negro,Guardería,220.0,Efectivo,EMP-05,perro agresivo,0
DD-006639,2023-12-23,C-103,Panda,Hotel,570.0,Transferencia,EMP-04,perro agresivo,0
DD-007090,2023-12-23,C-255,Frida,Baño,290.0,Transferencia,EMP-05,alérgico a champú,0
DD-007209,2023-12-23,C-288,Boby,Baño,240.0,Efectivo,EMP-04,,0
DD-007112,2023-12-23,C-260,Bonita,Baño,240.0,Tarjeta,EMP-05,cliente VIP,0
DD-006971,2023-12-23,C-212,Negro,Guardería,160.0,Tarjeta,EMP-02,requiere cita previa,0
DD-007043,2023-12-23,C-237,Tito,Hotel,480.0,Efectivo,EMP-04,,0
DD-006969,2023-12-23,C-211,Lobo,Guardería,200.0,Efectivo,EMP-03,pago pendiente,0
DD-006677,2023-12-23,C-113,Lola,Guardería,210.0,Transferencia,EMP-03,,0
DD-006572,2023-12-23,C-077,Kira,Hotel,540.0,Efectivo,EMP-05,,1
DD-006680,2023-12-23,C-114,Rocky,Corte,350.0,Efectivo,EMP-02,,0
DD-007182,2023-12-23,C-282,Rosa,Corte,380.0,Transferencia,EMP-06,cliente VIP,0
DD-006415,2023-12-24,C-021,Rocky,Baño,300.0,Transferencia,EMP-03,primera visita,1
DD-006358,2023-12-24,C-001,Lobo,Corte,370.0,Tarjeta,EMP-02,alérgico a champú,1
DD-007301,2023-12-24,C-315,Zeus,Guardería,220.0,Tarjeta,EMP-06,,0
DD-006443,2023-12-24,C-030,Bear,Hotel,360.0,Efectivo,EMP-05,pago pendiente,1
DD-007302,2023-12-24,C-315,Zeus,Baño,360.0,Transferencia,EMP-01,alérgico a champú,0
DD-007114,2023-12-24,C-261,Sultan,Baño,400.0,Transferencia,EMP-05,,0
DD-007078,2023-12-24,C-249,Kira,Corte,250.0,Efectivo,EMP-08,,0
DD-006512,2023-12-24,C-057,Bella,Guardería,180.0,Efectivo,EMP-03,,1
DD-006654,2023-12-24,C-107,Lobo,Adiestramiento,770.0,Efectivo,EMP-06,,0
DD-006720,2023-12-24,C-128,Chico,Guardería,230.0,Tarjeta,EMP-08,requiere cita previa,0
DD-006997,2023-12-24,C-222,Canela,Baño,260.0,Tarjeta,EMP-04,,0
DD-007217,2023-12-24,C-290,Lola,Baño,210.0,Tarjeta,EMP-06,perro agresivo,0
DD-006647,2023-12-24,C-105,Tito,Baño,400.0,Tarjeta,EMP-05,propina incluida,0
DD-006814,2023-12-24,C-162,Kira,Hotel,490.0,Tarjeta,EMP-05,pago pendiente,0
DD-006476,2023-12-24,C-044,Tigrillo,Guardería,180.0,Efectivo,EMP-08,cliente VIP,1
DD-006616,2023-12-24,C-094,Bear,Baño,280.0,Tarjeta,EMP-03,,0
DD-006374,2023-12-24,C-005,Canela,Guardería,240.0,Efectivo,EMP-05,primera visita,1
DD-006669,2023-12-24,C-112,Princesa,Guardería,210.0,Efectivo,EMP-04,primera visita,0
DD-006771,2023-12-24,C-145,Lola,Baño,250.0,Tarjeta,EMP-01,,0
DD-006967,2023-12-24,C-210,Max,Guardería,200.0,Efectivo,EMP-04,,0
DD-007245,2023-12-24,C-296,Duke,Guardería,250.0,Tarjeta,EMP-05,propina incluida,0
DD-006710,2023-12-24,C-125,Tigrillo,Baño,360.0,Efectivo,EMP-08,,0
DD-006711,2023-12-24,C-125,Tigrillo,Baño,410.0,Tarjeta,EMP-01,perro agresivo,0
DD-006658,2023-12-24,C-108,Sasha,Adiestramiento,540.0,Transferencia,EMP-05,cliente frecuente,0
DD-006602,2023-12-24,C-088,Simba,Guardería,190.0,Tarjeta,EMP-04,descuento aplicado,0
DD-006618,2023-12-24,C-095,Nala,Hotel,580.0,Tarjeta,EMP-02,propina incluida,0
DD-006597,2023-12-24,C-087,Sasha,Guardería,190.0,Efectivo,EMP-08,descuento aplicado,0
DD-007040,2023-12-24,C-235,Blanca,Guardería,200.0,Efectivo,EMP-01,,0
DD-007038,2023-12-24,C-234,Toby,Hotel,530.0,Efectivo,EMP-08,descuento aplicado,0
DD-006837,2023-12-24,C-169,Gordo,Guardería,190.0,Tarjeta,EMP-02,traer vacunas,0
DD-006898,2023-12-24,C-190,Beto,Guardería,160.0,Tarjeta,EMP-08,descuento aplicado,0
DD-006506,2023-12-24,C-055,Bear,Guardería,160.0,Tarjeta,EMP-08,alérgico a champú,1
DD-006896,2023-12-24,C-189,Zeus,Baño,240.0,Transferencia,EMP-06,requiere cita previa,0
DD-007037,2023-12-24,C-234,Toby,Baño,200.0,Transferencia,EMP-01,,0
DD-006524,2023-12-24,C-060,Lobo,Corte,480.0,Tarjeta,EMP-01,primera visita,1
DD-006488,2023-12-24,C-049,Max,Corte,390.0,Efectivo,EMP-01,traer vacunas,1
DD-007033,2023-12-24,C-232,Thor,Guardería,210.0,Tarjeta,EMP-08,propina incluida,0
DD-006565,2023-12-24,C-076,Bear,Guardería,220.0,Efectivo,EMP-01,requiere cita previa,1
DD-007019,2023-12-24,C-228,Sasha,Corte,420.0,Efectivo,EMP-04,cliente VIP,0
DD-007276,2023-12-24,C-308,Nina,Baño,400.0,Efectivo,EMP-08,cliente VIP,0
DD-007070,2023-12-24,C-247,Rosa,Guardería,150.0,Tarjeta,EMP-03,,0
DD-006532,2023-12-24,C-063,Estrella,Guardería,200.0,Tarjeta,EMP-05,cliente VIP,1
DD-006887,2023-12-25,C-187,Simba,Baño,400.0,Efectivo,EMP-01,primera visita,0
DD-006925,2023-12-25,C-198,Chato,Guardería,160.0,Efectivo,EMP-06,,0
DD-006368,2023-12-25,C-003,Bella,Baño,230.0,Transferencia,EMP-07,cliente VIP,1
DD-007129,2023-12-25,C-266,Rex,Guardería,170.0,Tarjeta,EMP-05,,0
DD-006907,2023-12-25,C-192,Sammy,Guardería,170.0,Tarjeta,EMP-05,cliente VIP,0
DD-007219,2023-12-25,C-291,Blanca,Baño,240.0,Efectivo,EMP-04,,0
DD-007133,2023-12-25,C-266,Rex,Baño,440.0,Tarjeta,EMP-05,perro agresivo,0
DD-007190,2023-12-25,C-284,Duke,Corte,430.0,Tarjeta,EMP-05,pago pendiente,0
DD-007238,2023-12-25,C-294,Rex,Hotel,430.0,Tarjeta,EMP-05,,0
DD-006481,2023-12-25,C-046,Chato,Corte,380.0,Efectivo,EMP-07,,1
DD-006629,2023-12-25,C-098,Ringo,Baño,230.0,Efectivo,EMP-02,traer vacunas,0
DD-007254,2023-12-25,C-300,Manchas,Guardería,250.0,Tarjeta,EMP-02,pago pendiente,0
DD-006675,2023-12-25,C-113,Lola,Corte,340.0,Transferencia,EMP-04,,0
DD-006653,2023-12-25,C-107,Lobo,Guardería,210.0,Tarjeta,EMP-05,cliente frecuente,0
DD-006983,2023-12-25,C-216,Bonita,Baño,220.0,Tarjeta,EMP-05,cliente VIP,0
DD-007105,2023-12-25,C-259,Paloma,Guardería,150.0,Tarjeta,EMP-08,requiere cita previa,0
DD-007155,2023-12-25,C-273,Nena,Guardería,180.0,Efectivo,EMP-04,,0
DD-006748,2023-12-25,C-137,Sasha,Guardería,180.0,Tarjeta,EMP-04,,0
DD-006611,2023-12-25,C-091,Kira,Adiestramiento,740.0,Tarjeta,EMP-01,pago pendiente,0
DD-007088,2023-12-25,C-254,Fifi,Baño,330.0,Efectivo,EMP-04,primera visita,0
DD-007089,2023-12-25,C-254,Fifi,Baño,270.0,Tarjeta,EMP-01,descuento aplicado,0
DD-007202,2023-12-26,C-287,Maya,Guardería,230.0,Transferencia,EMP-08,perro agresivo,0
DD-007214,2023-12-26,C-289,Kira,Guardería,210.0,Efectivo,EMP-02,propina incluida,0
DD-007233,2023-12-26,C-293,Blanca,Guardería,220.0,Efectivo,EMP-02,propina incluida,0
DD-007146,2023-12-26,C-269,Maya,Baño,420.0,Tarjeta,EMP-04,propina incluida,0
DD-007172,2023-12-26,C-278,Estrella,Corte,320.0,Efectivo,EMP-05,traer vacunas,0
DD-007263,2023-12-26,C-303,Toby,Adiestramiento,770.0,Efectivo,EMP-06,,0
DD-007166,2023-12-26,C-276,Charlie,Guardería,230.0,Efectivo,EMP-04,,0
DD-007165,2023-12-26,C-276,Charlie,Guardería,210.0,Tarjeta,EMP-07,pago pendiente,0
DD-006613,2023-12-26,C-092,Rocky,Guardería,220.0,Efectivo,EMP-07,alérgico a champú,0
DD-006715,2023-12-26,C-127,Beto,Baño,340.0,Efectivo,EMP-06,cliente frecuente,0
DD-006897,2023-12-26,C-190,Beto,Guardería,230.0,Tarjeta,EMP-03,traer vacunas,0
DD-006993,2023-12-26,C-221,Beto,Baño,230.0,Tarjeta,EMP-02,,0
DD-006548,2023-12-26,C-067,Bonita,Adiestramiento,570.0,Transferencia,EMP-05,traer vacunas,1
DD-006539,2023-12-26,C-066,Rocky,Hotel,480.0,Transferencia,EMP-06,,1
DD-006764,2023-12-26,C-143,Rex,Guardería,200.0,Efectivo,EMP-07,,0
DD-006805,2023-12-26,C-159,Sultan,Baño,390.0,Efectivo,EMP-06,propina incluida,0
DD-006401,2023-12-26,C-015,Panda,Hotel,480.0,Efectivo,EMP-08,traer vacunas,1
DD-006982,2023-12-26,C-216,Bonita,Adiestramiento,410.0,Tarjeta,EMP-07,descuento aplicado,0
DD-006417,2023-12-26,C-021,Rocky,Guardería,220.0,Efectivo,EMP-07,,1
DD-006513,2023-12-26,C-057,Bella,Baño,430.0,Efectivo,EMP-03,primera visita,1
DD-006479,2023-12-26,C-046,Chato,Adiestramiento,670.0,Tarjeta,EMP-04,primera visita,1
DD-006465,2023-12-26,C-038,Buddy,Guardería,210.0,Efectivo,EMP-02,,1
DD-006420,2023-12-26,C-024,Sultan,Guardería,220.0,Tarjeta,EMP-01,descuento aplicado,1
DD-006447,2023-12-26,C-030,Bear,Hotel,450.0,Transferencia,EMP-08,descuento aplicado,1
DD-006816,2023-12-26,C-162,Kira,Guardería,230.0,Tarjeta,EMP-05,propina incluida,0
DD-006394,2023-12-26,C-012,Chispa,Guardería,200.0,Efectivo,EMP-06,,1
DD-006739,2023-12-26,C-133,Gus,Hotel,590.0,Tarjeta,EMP-06,requiere cita previa,0
DD-007057,2023-12-26,C-243,Maya,Adiestramiento,560.0,Efectivo,EMP-06,traer vacunas,0
DD-006585,2023-12-26,C-081,Luna,Guardería,240.0,Efectivo,EMP-01,,0
DD-007111,2023-12-26,C-260,Bonita,Baño,440.0,Tarjeta,EMP-01,,0
DD-007102,2023-12-26,C-259,Paloma,Baño,380.0,Tarjeta,EMP-01,primera visita,0
DD-007096,2023-12-26,C-257,Canela,Guardería,190.0,Tarjeta,EMP-07,primera visita,0
DD-006361,2023-12-26,C-001,Lobo,Guardería,220.0,Transferencia,EMP-04,primera visita,1
DD-006570,2023-12-26,C-077,Kira,Baño,300.0,Transferencia,EMP-08,,1
DD-006566,2023-12-26,C-076,Bear,Guardería,240.0,Efectivo,EMP-04,,1
DD-006662,2023-12-26,C-110,Pancho,Guardería,210.0,Efectivo,EMP-04,cliente VIP,0
DD-006440,2023-12-26,C-029,Gus,Corte,440.0,Transferencia,EMP-05,descuento aplicado,1
DD-007081,2023-12-26,C-250,Pepa,Guardería,250.0,Tarjeta,EMP-08,,0
DD-007279,2023-12-27,C-308,Nina,Corte,430.0,Efectivo,EMP-07,,0
DD-006885,2023-12-27,C-186,Frida,Baño,300.0,Tarjeta,EMP-08,primera visita,0
DD-006690,2023-12-27,C-117,Daisy,Guardería,150.0,Transferencia,EMP-07,requiere cita previa,0
DD-006455,2023-12-27,C-034,Gus,Baño,340.0,Efectivo,EMP-06,requiere cita previa,1
DD-006864,2023-12-27,C-178,Coco,Guardería,190.0,Efectivo,EMP-01,alérgico a champú,0
DD-007206,2023-12-27,C-287,Maya,Adiestramiento,430.0,Tarjeta,EMP-01,,0
DD-006592,2023-12-27,C-085,Beto,Guardería,240.0,Efectivo,EMP-04,propina incluida,0
DD-006853,2023-12-27,C-174,Chispa,Guardería,210.0,Transferencia,EMP-06,descuento aplicado,0
DD-006697,2023-12-27,C-120,Duke,Corte,260.0,Efectivo,EMP-02,alérgico a champú,0
DD-006844,2023-12-27,C-171,Bear,Guardería,160.0,Tarjeta,EMP-08,traer vacunas,0
DD-007271,2023-12-27,C-306,Pepa,Corte,380.0,Efectivo,EMP-05,perro agresivo,0
DD-006829,2023-12-27,C-165,Frida,Baño,240.0,Efectivo,EMP-08,pago pendiente,0
DD-006704,2023-12-27,C-123,Ringo,Baño,250.0,Efectivo,EMP-02,,0
DD-007265,2023-12-27,C-303,Toby,Hotel,580.0,Efectivo,EMP-07,primera visita,0
DD-006696,2023-12-27,C-119,Canela,Baño,310.0,Transferencia,EMP-01,,0
DD-006735,2023-12-27,C-133,Gus,Guardería,180.0,Efectivo,EMP-04,alérgico a champú,0
DD-006807,2023-12-27,C-160,Boby,Adiestramiento,750.0,Efectivo,EMP-06,,0
DD-006736,2023-12-27,C-133,Gus,Corte,360.0,Tarjeta,EMP-06,,0
DD-006527,2023-12-27,C-061,Toby,Guardería,220.0,Tarjeta,EMP-02,,1
DD-006685,2023-12-27,C-116,Bonita,Guardería,200.0,Tarjeta,EMP-05,perro agresivo,0
DD-007248,2023-12-27,C-297,Sasha,Guardería,220.0,Tarjeta,EMP-08,primera visita,0
DD-006644,2023-12-27,C-105,Tito,Adiestramiento,400.0,Tarjeta,EMP-03,pago pendiente,0
DD-006857,2023-12-27,C-175,Panda,Guardería,230.0,Tarjeta,EMP-06,traer vacunas,0
DD-006586,2023-12-27,C-082,Zeus,Baño,430.0,Efectivo,EMP-03,descuento aplicado,0
DD-007055,2023-12-27,C-243,Maya,Baño,250.0,Tarjeta,EMP-07,cliente VIP,0
DD-006996,2023-12-27,C-222,Canela,Baño,370.0,Tarjeta,EMP-03,,0
DD-006992,2023-12-27,C-220,Sammy,Corte,350.0,Tarjeta,EMP-07,,0
DD-006906,2023-12-27,C-191,Sammy,Guardería,160.0,Efectivo,EMP-01,cliente VIP,0
DD-006405,2023-12-27,C-016,Max,Guardería,180.0,Efectivo,EMP-04,traer vacunas,1
DD-007075,2023-12-27,C-248,Thor,Hotel,380.0,Tarjeta,EMP-04,,0
DD-006988,2023-12-27,C-219,Nina,Corte,270.0,Efectivo,EMP-07,descuento aplicado,0
DD-006972,2023-12-27,C-212,Negro,Baño,310.0,Efectivo,EMP-04,,0
DD-006376,2023-12-27,C-006,Thor,Hotel,360.0,Efectivo,EMP-08,pago pendiente,1
DD-007150,2023-12-27,C-272,Boby,Baño,320.0,Efectivo,EMP-07,traer vacunas,0
DD-007310,2023-12-27,C-318,Negro,Guardería,160.0,Tarjeta,EMP-07,propina incluida,0
DD-006388,2023-12-27,C-010,Maya,Baño,350.0,Efectivo,EMP-07,requiere cita previa,1
DD-007018,2023-12-27,C-228,Sasha,Baño,300.0,Tarjeta,EMP-08,requiere cita previa,0
DD-006434,2023-12-27,C-027,Zeus,Adiestramiento,680.0,Tarjeta,EMP-01,traer vacunas,1
DD-006931,2023-12-27,C-202,Tigrillo,Guardería,210.0,Tarjeta,EMP-01,,0
DD-007103,2023-12-27,C-259,Paloma,Adiestramiento,750.0,Efectivo,EMP-03,pago pendiente,0
DD-006927,2023-12-27,C-199,Pepa,Baño,240.0,Efectivo,EMP-04,,0
DD-006431,2023-12-27,C-027,Zeus,Baño,260.0,Efectivo,EMP-08,traer vacunas,1
DD-006782,2023-12-28,C-149,Toby,Baño,270.0,Tarjeta,EMP-05,,0
DD-007072,2023-12-28,C-248,Thor,Guardería,250.0,Tarjeta,EMP-03,,0
DD-006564,2023-12-28,C-076,Bear,Hotel,440.0,Tarjeta,EMP-08,,1
DD-006360,2023-12-28,C-001,Lobo,Corte,460.0,Tarjeta,EMP-01,,1
DD-006537,2023-12-28,C-064,Bella,Guardería,160.0,Tarjeta,EMP-04,perro agresivo,1
DD-006686,2023-12-28,C-116,Bonita,Baño,230.0,Efectivo,EMP-02,cliente frecuente,0
DD-006751,2023-12-28,C-138,Bear,Guardería,220.0,Tarjeta,EMP-04,,0
DD-006882,2023-12-28,C-185,Toby,Corte,450.0,Efectivo,EMP-05,primera visita,0
DD-007167,2023-12-28,C-277,Panda,Guardería,240.0,Efectivo,EMP-05,descuento aplicado,0
DD-007008,2023-12-28,C-224,Zeus,Guardería,210.0,Transferencia,EMP-01,,0
DD-007255,2023-12-28,C-300,Manchas,Guardería,180.0,Efectivo,EMP-06,cliente VIP,0
DD-006859,2023-12-28,C-176,Estrella,Hotel,360.0,Transferencia,EMP-03,,0
DD-006934,2023-12-28,C-203,Princesa,Guardería,180.0,Tarjeta,EMP-02,pago pendiente,0
DD-006661,2023-12-28,C-110,Pancho,Baño,260.0,Efectivo,EMP-05,,0
DD-006856,2023-12-28,C-174,Chispa,Adiestramiento,490.0,Efectivo,EMP-02,primera visita,0
DD-007185,2023-12-28,C-283,Princesa,Baño,210.0,Tarjeta,EMP-05,,0
DD-006843,2023-12-28,C-170,Frida,Guardería,170.0,Efectivo,EMP-01,,0
DD-006870,2023-12-28,C-180,Buddy,Hotel,580.0,Tarjeta,EMP-07,primera visita,0
DD-006478,2023-12-28,C-045,Thor,Guardería,240.0,Tarjeta,EMP-01,requiere cita previa,1
DD-007095,2023-12-28,C-256,Chato,Baño,300.0,Efectivo,EMP-02,traer vacunas,0
DD-006970,2023-12-28,C-211,Lobo,Guardería,220.0,Efectivo,EMP-07,perro agresivo,0
DD-006610,2023-12-28,C-090,Coco,Guardería,150.0,Tarjeta,EMP-07,,0
DD-006413,2023-12-28,C-019,Canela,Baño,420.0,Efectivo,EMP-03,pago pendiente,1
DD-007261,2023-12-28,C-302,Fifi,Guardería,150.0,Tarjeta,EMP-04,pago pendiente,0
DD-006826,2023-12-28,C-164,Gus,Baño,450.0,Transferencia,EMP-07,perro agresivo,0
DD-007318,2023-12-28,C-320,Negro,Baño,280.0,Efectivo,EMP-07,,0
DD-007249,2023-12-29,C-297,Sasha,Adiestramiento,700.0,Efectivo,EMP-02,,0
DD-006689,2023-12-29,C-117,Daisy,Guardería,200.0,Tarjeta,EMP-03,,0
DD-006632,2023-12-29,C-100,Rosa,Guardería,170.0,Efectivo,EMP-08,requiere cita previa,0
DD-006607,2023-12-29,C-089,Panda,Guardería,190.0,Efectivo,EMP-02,descuento aplicado,0
DD-006623,2023-12-29,C-097,Bella,Guardería,220.0,Tarjeta,EMP-03,,0
DD-007061,2023-12-29,C-244,Coco,Guardería,190.0,Tarjeta,EMP-04,perro agresivo,0
DD-006575,2023-12-29,C-079,Charlie,Corte,470.0,Efectivo,EMP-02,,1
DD-007025,2023-12-29,C-230,Chico,Hotel,400.0,Transferencia,EMP-03,primera visita,0
DD-006910,2023-12-29,C-193,Zeus,Corte,350.0,Transferencia,EMP-07,traer vacunas,0
DD-007010,2023-12-29,C-226,Chispa,Adiestramiento,460.0,Tarjeta,EMP-05,primera visita,0
DD-006879,2023-12-29,C-184,Mia,Hotel,380.0,Efectivo,EMP-07,,0
DD-006913,2023-12-29,C-194,Nina,Corte,450.0,Transferencia,EMP-01,requiere cita previa,0
DD-006877,2023-12-29,C-183,Sammy,Baño,250.0,Efectivo,EMP-05,cliente frecuente,0
DD-006868,2023-12-29,C-179,Nina,Hotel,510.0,Tarjeta,EMP-01,perro agresivo,0
DD-006850,2023-12-29,C-173,Charlie,Guardería,230.0,Efectivo,EMP-07,pago pendiente,0
DD-007181,2023-12-29,C-282,Rosa,Guardería,230.0,Tarjeta,EMP-07,,0
DD-007180,2023-12-29,C-281,Bear,Guardería,200.0,Tarjeta,EMP-02,propina incluida,0
DD-006492,2023-12-29,C-050,Max,Baño,390.0,Efectivo,EMP-03,,1
DD-006503,2023-12-29,C-054,Mia,Baño,320.0,Efectivo,EMP-04,propina incluida,1
DD-006699,2023-12-29,C-121,Duke,Corte,300.0,Tarjeta,EMP-03,cliente VIP,0
DD-006815,2023-12-29,C-162,Kira,Guardería,250.0,Efectivo,EMP-02,,0
DD-006408,2023-12-29,C-017,Canela,Guardería,190.0,Efectivo,EMP-05,,1
DD-006404,2023-12-29,C-016,Max,Guardería,170.0,Tarjeta,EMP-06,traer vacunas,1
DD-006762,2023-12-29,C-143,Rex,Guardería,190.0,Tarjeta,EMP-01,propina incluida,0
DD-006546,2023-12-29,C-067,Bonita,Guardería,190.0,Tarjeta,EMP-05,traer vacunas,1
DD-007237,2023-12-29,C-294,Rex,Hotel,510.0,Tarjeta,EMP-02,pago pendiente,0
DD-006741,2023-12-29,C-134,Luna,Baño,340.0,Tarjeta,EMP-07,,0
DD-007137,2023-12-29,C-267,Daisy,Guardería,220.0,Tarjeta,EMP-05,,0
DD-006991,2023-12-29,C-220,Sammy,Corte,370.0,Efectivo,EMP-06,descuento aplicado,0
DD-006520,2023-12-30,C-059,Pepa,Corte,330.0,Tarjeta,EMP-07,traer vacunas,1
DD-006461,2023-12-30,C-037,Toby,Hotel,460.0,Transferencia,EMP-06,cliente frecuente,1
DD-006554,2023-12-30,C-070,Buddy,Baño,210.0,Tarjeta,EMP-06,,1
DD-006558,2023-12-30,C-073,Max,Hotel,410.0,Efectivo,EMP-04,,1
DD-006446,2023-12-30,C-030,Bear,Baño,270.0,Transferencia,EMP-04,,1
DD-006519,2023-12-30,C-059,Pepa,Hotel,360.0,Efectivo,EMP-04,propina incluida,1
DD-007135,2023-12-30,C-267,Daisy,Guardería,160.0,Tarjeta,EMP-03,primera visita,0
DD-006981,2023-12-30,C-216,Bonita,Baño,340.0,Tarjeta,EMP-03,cliente frecuente,0
DD-007128,2023-12-30,C-265,Duke,Baño,220.0,Tarjeta,EMP-03,cliente frecuente,0
DD-006650,2023-12-30,C-106,Charlie,Guardería,200.0,Efectivo,EMP-07,requiere cita previa,0
DD-006665,2023-12-30,C-112,Princesa,Corte,390.0,Tarjeta,EMP-01,traer vacunas,0
DD-007256,2023-12-30,C-300,Manchas,Guardería,200.0,Efectivo,EMP-04,alérgico a champú,0
DD-006909,2023-12-30,C-193,Zeus,Hotel,370.0,Transferencia,EMP-06,primera visita,0
DD-006912,2023-12-30,C-194,Nina,Corte,400.0,Efectivo,EMP-08,perro agresivo,0
DD-006929,2023-12-30,C-200,Paloma,Corte,480.0,Efectivo,EMP-01,,0
DD-006813,2023-12-30,C-162,Kira,Hotel,440.0,Efectivo,EMP-03,descuento aplicado,0
DD-006753,2023-12-30,C-139,Panda,Adiestramiento,580.0,Efectivo,EMP-05,pago pendiente,0
DD-007042,2023-12-30,C-236,Frida,Guardería,230.0,Transferencia,EMP-07,,0
DD-006761,2023-12-30,C-143,Rex,Hotel,440.0,Tarjeta,EMP-02,,0
DD-006828,2023-12-30,C-165,Frida,Baño,310.0,Efectivo,EMP-06,alérgico a champú,0
DD-006945,2023-12-30,C-206,Simba,Corte,440.0,Transferencia,EMP-05,cliente VIP,0
DD-007173,2023-12-30,C-278,Estrella,Guardería,210.0,Efectivo,EMP-01,,0
DD-007174,2023-12-30,C-278,Estrella,Guardería,230.0,Tarjeta,EMP-05,perro agresivo,0
DD-006609,2023-12-31,C-090,Coco,Guardería,200.0,Efectivo,EMP-07,,0
DD-006601,2023-12-31,C-088,Simba,Corte,490.0,Tarjeta,EMP-03,,0
DD-006990,2023-12-31,C-220,Sammy,Guardería,220.0,Tarjeta,EMP-08,cliente frecuente,0
DD-006880,2023-12-31,C-184,Mia,Hotel,470.0,Transferencia,EMP-02,,0
DD-007027,2023-12-31,C-231,Fifi,Baño,350.0,Tarjeta,EMP-06,,0
DD-007154,2023-12-31,C-273,Nena,Baño,400.0,Tarjeta,EMP-04,perro agresivo,0
DD-007082,2023-12-31,C-250,Pepa,Adiestramiento,770.0,Efectivo,EMP-03,,0
DD-007084,2023-12-31,C-252,Kira,Guardería,220.0,Transferencia,EMP-07,cliente VIP,0
DD-007091,2023-12-31,C-255,Frida,Baño,390.0,Tarjeta,EMP-01,traer vacunas,0
DD-006973,2023-12-31,C-213,Pancho,Guardería,160.0,Transferencia,EMP-07,,0
DD-006878,2023-12-31,C-184,Mia,Guardería,160.0,Efectivo,EMP-01,,0
DD-006936,2023-12-31,C-203,Princesa,Guardería,240.0,Tarjeta,EMP-02,alérgico a champú,0
DD-006866,2023-12-31,C-179,Nina,Baño,320.0,Tarjeta,EMP-08,traer vacunas,0
DD-006453,2023-12-31,C-033,Max,Baño,300.0,Tarjeta,EMP-06,propina incluida,1
DD-006648,2023-12-31,C-106,Charlie,Baño,440.0,Tarjeta,EMP-04,,0
DD-007281,2023-12-31,C-309,Boby,Guardería,240.0,Efectivo,EMP-01,propina incluida,0
DD-006709,2023-12-31,C-125,Tigrillo,Baño,430.0,Efectivo,EMP-06,,0
DD-006714,2023-12-31,C-126,Manchas,Guardería,170.0,Efectivo,EMP-06,,0
DD-006759,2023-12-31,C-142,Estrella,Guardería,250.0,Efectivo,EMP-04,pago pendiente,0
DD-006791,2023-12-31,C-152,Rex,Guardería,210.0,Efectivo,EMP-05,,0
DD-006536,2023-12-31,C-064,Bella,Hotel,350.0,Efectivo,EMP-02,requiere cita previa,1
DD-006796,2023-12-31,C-155,Nala,Baño,370.0,Efectivo,EMP-02,perro agresivo,0
DD-006550,2023-12-31,C-068,Lola,Corte,340.0,Tarjeta,EMP-08,requiere cita previa,1
DD-006518,2023-12-31,C-059,Pepa,Guardería,220.0,Efectivo,EMP-03,propina incluida,1
DD-006803,2023-12-31,C-158,Negro,Hotel,600.0,Efectivo,EMP-05,primera visita,0
DD-006841,2023-12-31,C-169,Gordo,Adiestramiento,590.0,Transferencia,EMP-05,,0
DD-006838,2023-12-31,C-169,Gordo,Hotel,560.0,Efectivo,EMP-03,,0
DD-006831,2023-12-31,C-165,Frida,Guardería,230.0,Efectivo,EMP-06,cliente VIP,0
DD-007210,2023-12-31,C-288,Boby,Hotel,430.0,Transferencia,EMP-07,traer vacunas,0
DD-006821,2023-12-31,C-164,Gus,Hotel,600.0,Tarjeta,EMP-03,traer vacunas,0
DD-006817,2023-12-31,C-162,Kira,Guardería,170.0,Efectivo,EMP-04,pago pendiente,0
DD-006491,2023-12-31,C-050,Max,Guardería,240.0,Efectivo,EMP-05,,1
DD-007723,2024-01-01,C-224,Zeus,Guardería,220.0,Tarjeta,EMP-08,,0
DD-007503,2024-01-01,C-108,Sasha,Hotel,410.0,Efectivo,EMP-06,,0
DD-007504,2024-01-01,C-109,Lobo,Guardería,190.0,Tarjeta,EMP-08,primera visita,0
DD-007575,2024-01-01,C-144,Rex,Guardería,220.0,Tarjeta,EMP-06,descuento aplicado,0
DD-007597,2024-01-01,C-152,Rex,Baño,320.0,Efectivo,EMP-07,pago pendiente,0
DD-007655,2024-01-01,C-180,Buddy,Baño,290.0,Efectivo,EMP-05,alérgico a champú,0
DD-007664,2024-01-01,C-186,Frida,Guardería,200.0,Transferencia,EMP-03,,0
DD-007689,2024-01-01,C-204,Nala,Adiestramiento,500.0,Efectivo,EMP-03,alérgico a champú,0
DD-007750,2024-01-01,C-235,Blanca,Hotel,590.0,Tarjeta,EMP-02,requiere cita previa,0
DD-007485,2024-01-01,C-100,Rosa,Corte,420.0,Efectivo,EMP-07,perro agresivo,0
DD-007762,2024-01-01,C-240,Mia,Corte,440.0,Efectivo,EMP-05,pago pendiente,0
DD-007785,2024-01-01,C-246,Luna,Baño,270.0,Efectivo,EMP-06,descuento aplicado,0
DD-007787,2024-01-01,C-248,Thor,Guardería,160.0,Tarjeta,EMP-08,,0
DD-007833,2024-01-01,C-273,Nena,Baño,240.0,Tarjeta,EMP-06,cliente frecuente,0
DD-007834,2024-01-01,C-275,Lobo,Adiestramiento,430.0,Efectivo,EMP-03,pago pendiente,0
DD-007868,2024-01-01,C-302,Fifi,Hotel,480.0,Efectivo,EMP-02,perro agresivo,0
DD-007869,2024-01-01,C-303,Toby,Baño,290.0,Efectivo,EMP-03,perro agresivo,0
DD-007884,2024-01-01,C-309,Boby,Baño,400.0,Efectivo,EMP-04,traer vacunas,0
DD-007757,2024-01-01,C-239,Pancho,Baño,450.0,Tarjeta,EMP-06,alérgico a champú,0
DD-007385,2024-01-01,C-037,Toby,Guardería,230.0,Efectivo,EMP-01,traer vacunas,1
DD-007877,2024-01-01,C-306,Pepa,Adiestramiento,700.0,Tarjeta,EMP-04,pago pendiente,0
DD-007542,2024-01-02,C-128,Chico,Baño,410.0,Transferencia,EMP-02,,0
DD-007475,2024-01-02,C-095,Nala,Guardería,200.0,Efectivo,EMP-01,cliente VIP,0
DD-007650,2024-01-02,C-178,Coco,Baño,300.0,Tarjeta,EMP-02,,0
DD-007342,2024-01-02,C-010,Maya,Hotel,360.0,Transferencia,EMP-06,,1
DD-007870,2024-01-02,C-303,Toby,Adiestramiento,750.0,Efectivo,EMP-08,pago pendiente,0
DD-007508,2024-01-02,C-110,Pancho,Baño,270.0,Tarjeta,EMP-05,,0
DD-007840,2024-01-02,C-278,Estrella,Adiestramiento,710.0,Efectivo,EMP-08,propina incluida,0
DD-007800,2024-01-02,C-255,Frida,Adiestramiento,510.0,Efectivo,EMP-06,descuento aplicado,0
DD-007806,2024-01-02,C-258,Lola,Guardería,200.0,Tarjeta,EMP-06,,0
DD-007546,2024-01-02,C-130,Gordo,Baño,380.0,Tarjeta,EMP-02,descuento aplicado,0
DD-007591,2024-01-02,C-149,Toby,Baño,360.0,Efectivo,EMP-06,alérgico a champú,0
DD-007814,2024-01-02,C-262,Charlie,Guardería,220.0,Efectivo,EMP-04,requiere cita previa,0
DD-007405,2024-01-02,C-046,Chato,Guardería,170.0,Efectivo,EMP-01,,1
DD-007889,2024-01-02,C-310,Paloma,Guardería,220.0,Tarjeta,EMP-01,,0
DD-007681,2024-01-02,C-199,Pepa,Hotel,430.0,Tarjeta,EMP-06,,0
DD-007866,2024-01-03,C-299,Negro,Guardería,240.0,Efectivo,EMP-03,,0
DD-007663,2024-01-03,C-185,Toby,Baño,260.0,Tarjeta,EMP-05,primera visita,0
DD-007779,2024-01-03,C-246,Luna,Hotel,570.0,Tarjeta,EMP-01,,0
DD-007453,2024-01-03,C-078,Kira,Guardería,200.0,Transferencia,EMP-07,,1
DD-007482,2024-01-03,C-099,Gordo,Guardería,150.0,Efectivo,EMP-03,traer vacunas,0
DD-007467,2024-01-03,C-090,Coco,Guardería,250.0,Tarjeta,EMP-08,cliente frecuente,0
DD-007481,2024-01-03,C-099,Gordo,Hotel,540.0,Efectivo,EMP-03,requiere cita previa,0
DD-007707,2024-01-03,C-213,Pancho,Guardería,230.0,Tarjeta,EMP-08,pago pendiente,0
DD-007852,2024-01-03,C-292,Chico,Corte,280.0,Efectivo,EMP-02,,0
DD-007617,2024-01-03,C-159,Sultan,Guardería,220.0,Efectivo,EMP-04,,0
DD-007600,2024-01-03,C-153,Chato,Baño,290.0,Efectivo,EMP-05,cliente frecuente,0
DD-007566,2024-01-03,C-140,Chispa,Baño,390.0,Transferencia,EMP-05,,0
DD-007820,2024-01-03,C-266,Rex,Guardería,230.0,Tarjeta,EMP-02,alérgico a champú,0
DD-007457,2024-01-03,C-080,Luna,Baño,400.0,Efectivo,EMP-08,,1
DD-007375,2024-01-03,C-031,Ringo,Corte,260.0,Efectivo,EMP-04,pago pendiente,1
DD-007459,2024-01-03,C-083,Duke,Baño,400.0,Tarjeta,EMP-08,perro agresivo,0
DD-007899,2024-01-03,C-316,Nina,Baño,270.0,Efectivo,EMP-02,,0
DD-007372,2024-01-03,C-030,Bear,Guardería,220.0,Efectivo,EMP-03,perro agresivo,1
DD-007792,2024-01-04,C-251,Blanca,Guardería,230.0,Efectivo,EMP-06,propina incluida,0
DD-007904,2024-01-04,C-317,Beto,Hotel,350.0,Efectivo,EMP-08,descuento aplicado,0
DD-007454,2024-01-04,C-078,Kira,Hotel,570.0,Tarjeta,EMP-01,pago pendiente,1
DD-007683,2024-01-04,C-201,Rosa,Guardería,190.0,Tarjeta,EMP-08,,0
DD-007795,2024-01-04,C-252,Kira,Hotel,530.0,Tarjeta,EMP-02,alérgico a champú,0
DD-007434,2024-01-04,C-063,Estrella,Baño,220.0,Efectivo,EMP-06,cliente VIP,1
DD-007718,2024-01-04,C-221,Beto,Adiestramiento,630.0,Efectivo,EMP-02,pago pendiente,0
DD-007523,2024-01-04,C-117,Daisy,Guardería,150.0,Tarjeta,EMP-02,,0
DD-007436,2024-01-04,C-067,Bonita,Hotel,590.0,Transferencia,EMP-05,primera visita,1
DD-007480,2024-01-04,C-098,Ringo,Baño,320.0,Tarjeta,EMP-03,cliente VIP,0
DD-007722,2024-01-04,C-224,Zeus,Guardería,170.0,Transferencia,EMP-03,alérgico a champú,0
DD-007741,2024-01-04,C-232,Thor,Baño,200.0,Tarjeta,EMP-01,,0
DD-007788,2024-01-04,C-249,Kira,Guardería,210.0,Tarjeta,EMP-04,primera visita,0
DD-007658,2024-01-04,C-182,Negro,Hotel,590.0,Efectivo,EMP-08,,0
DD-007666,2024-01-04,C-189,Zeus,Guardería,240.0,Transferencia,EMP-04,,0
DD-007346,2024-01-04,C-011,Daisy,Baño,450.0,Efectivo,EMP-02,propina incluida,1
DD-007445,2024-01-04,C-071,Daisy,Guardería,230.0,Tarjeta,EMP-06,,1
DD-007824,2024-01-04,C-269,Maya,Guardería,240.0,Efectivo,EMP-04,,0
DD-007366,2024-01-04,C-028,Princesa,Guardería,200.0,Efectivo,EMP-04,,1
DD-007584,2024-01-04,C-147,Rex,Guardería,170.0,Efectivo,EMP-06,perro agresivo,0
DD-007888,2024-01-04,C-310,Paloma,Corte,340.0,Tarjeta,EMP-03,perro agresivo,0
DD-007484,2024-01-05,C-100,Rosa,Guardería,170.0,Tarjeta,EMP-05,,0
DD-007476,2024-01-05,C-095,Nala,Adiestramiento,500.0,Transferencia,EMP-04,perro agresivo,0
DD-007418,2024-01-05,C-052,Estrella,Baño,330.0,Efectivo,EMP-02,primera visita,1
DD-007675,2024-01-05,C-194,Nina,Baño,250.0,Efectivo,EMP-02,pago pendiente,0
DD-007713,2024-01-05,C-218,Mia,Hotel,450.0,Tarjeta,EMP-03,cliente VIP,0
DD-007473,2024-01-05,C-094,Bear,Hotel,480.0,Transferencia,EMP-06,descuento aplicado,0
DD-007471,2024-01-05,C-093,Thor,Guardería,160.0,Tarjeta,EMP-05,requiere cita previa,0
DD-007850,2024-01-05,C-287,Maya,Hotel,580.0,Efectivo,EMP-05,perro agresivo,0
DD-007350,2024-01-05,C-013,Coco,Baño,330.0,Tarjeta,EMP-06,requiere cita previa,1
DD-007802,2024-01-05,C-255,Frida,Baño,450.0,Efectivo,EMP-05,,0
DD-007587,2024-01-05,C-149,Toby,Guardería,250.0,Efectivo,EMP-02,,0
DD-007642,2024-01-05,C-174,Chispa,Corte,390.0,Tarjeta,EMP-07,,0
DD-007588,2024-01-05,C-149,Toby,Guardería,250.0,Tarjeta,EMP-06,primera visita,0
DD-007351,2024-01-05,C-014,Nena,Guardería,170.0,Efectivo,EMP-03,,1
DD-007887,2024-01-05,C-310,Paloma,Baño,210.0,Efectivo,EMP-05,,0
DD-007331,2024-01-05,C-005,Canela,Guardería,200.0,Efectivo,EMP-05,pago pendiente,1
DD-007382,2024-01-05,C-035,Pancho,Baño,450.0,Efectivo,EMP-04,primera visita,1
DD-007638,2024-01-06,C-172,Tito,Guardería,220.0,Tarjeta,EMP-08,descuento aplicado,0
DD-007437,2024-01-06,C-067,Bonita,Guardería,220.0,Efectivo,EMP-05,primera visita,1
DD-007438,2024-01-06,C-067,Bonita,Hotel,460.0,Tarjeta,EMP-08,,1
DD-007429,2024-01-06,C-060,Lobo,Baño,320.0,Tarjeta,EMP-03,cliente frecuente,1
DD-007657,2024-01-06,C-181,Nala,Guardería,240.0,Tarjeta,EMP-03,cliente frecuente,0
DD-007777,2024-01-06,C-245,Frida,Guardería,240.0,Efectivo,EMP-07,cliente VIP,0
DD-007478,2024-01-06,C-097,Bella,Guardería,170.0,Tarjeta,EMP-01,perro agresivo,0
DD-007572,2024-01-06,C-143,Rex,Guardería,150.0,Efectivo,EMP-05,pago pendiente,0
DD-007414,2024-01-06,C-049,Max,Guardería,240.0,Efectivo,EMP-06,,1
DD-007532,2024-01-06,C-123,Ringo,Baño,260.0,Efectivo,EMP-06,perro agresivo,0
DD-007708,2024-01-06,C-214,Gordo,Guardería,240.0,Transferencia,EMP-03,,0
DD-007582,2024-01-06,C-146,Ringo,Guardería,240.0,Efectivo,EMP-08,descuento aplicado,0
DD-007343,2024-01-06,C-010,Maya,Hotel,520.0,Transferencia,EMP-01,,1
DD-007387,2024-01-06,C-038,Buddy,Corte,400.0,Tarjeta,EMP-05,descuento aplicado,1
DD-007908,2024-01-06,C-320,Negro,Hotel,490.0,Efectivo,EMP-04,pago pendiente,0
DD-007392,2024-01-06,C-040,Manchas,Guardería,230.0,Efectivo,EMP-06,requiere cita previa,1
DD-007773,2024-01-06,C-243,Maya,Hotel,400.0,Efectivo,EMP-02,,0
DD-007885,2024-01-06,C-309,Boby,Baño,340.0,Transferencia,EMP-08,descuento aplicado,0
DD-007720,2024-01-06,C-221,Beto,Corte,260.0,Tarjeta,EMP-06,,0
DD-007668,2024-01-06,C-190,Beto,Guardería,150.0,Efectivo,EMP-07,traer vacunas,0
DD-007882,2024-01-06,C-309,Boby,Baño,350.0,Efectivo,EMP-06,,0
DD-007487,2024-01-06,C-101,Fifi,Guardería,200.0,Tarjeta,EMP-05,traer vacunas,0
DD-007770,2024-01-06,C-242,Sammy,Guardería,210.0,Tarjeta,EMP-03,traer vacunas,0
DD-007499,2024-01-06,C-106,Charlie,Hotel,570.0,Tarjeta,EMP-04,descuento aplicado,0
DD-007611,2024-01-06,C-157,Thor,Corte,300.0,Tarjeta,EMP-04,,0
DD-007726,2024-01-06,C-224,Zeus,Corte,480.0,Efectivo,EMP-06,,0
DD-007605,2024-01-07,C-154,Nena,Corte,450.0,Efectivo,EMP-05,,0
DD-007455,2024-01-07,C-078,Kira,Baño,310.0,Efectivo,EMP-08,perro agresivo,1
DD-007581,2024-01-07,C-146,Ringo,Baño,220.0,Transferencia,EMP-08,pago pendiente,0
DD-007646,2024-01-07,C-177,Princesa,Baño,370.0,Tarjeta,EMP-05,pago pendiente,0
DD-007465,2024-01-07,C-087,Sasha,Guardería,180.0,Tarjeta,EMP-06,primera visita,0
DD-007537,2024-01-07,C-126,Manchas,Guardería,210.0,Tarjeta,EMP-08,alérgico a champú,0
DD-007536,2024-01-07,C-126,Manchas,Baño,390.0,Efectivo,EMP-01,propina incluida,0
DD-007501,2024-01-07,C-108,Sasha,Corte,270.0,Tarjeta,EMP-07,cliente VIP,0
DD-007529,2024-01-07,C-121,Duke,Hotel,530.0,Tarjeta,EMP-02,primera visita,0
DD-007743,2024-01-07,C-233,Manchas,Baño,280.0,Efectivo,EMP-07,cliente frecuente,0
DD-007625,2024-01-07,C-166,Boby,Adiestramiento,720.0,Efectivo,EMP-08,cliente VIP,0
DD-007483,2024-01-07,C-100,Rosa,Baño,250.0,Tarjeta,EMP-04,,0
DD-007711,2024-01-07,C-216,Bonita,Hotel,580.0,Tarjeta,EMP-02,cliente VIP,0
DD-007404,2024-01-07,C-045,Thor,Baño,300.0,Efectivo,EMP-05,primera visita,1
DD-007876,2024-01-07,C-306,Pepa,Guardería,250.0,Tarjeta,EMP-05,traer vacunas,0
DD-007660,2024-01-07,C-182,Negro,Baño,250.0,Efectivo,EMP-07,propina incluida,0
DD-007442,2024-01-07,C-068,Lola,Baño,330.0,Transferencia,EMP-02,perro agresivo,1
DD-007335,2024-01-07,C-006,Thor,Guardería,170.0,Transferencia,EMP-03,traer vacunas,1
DD-007338,2024-01-08,C-008,Boby,Hotel,490.0,Tarjeta,EMP-03,,1
DD-007748,2024-01-08,C-235,Blanca,Guardería,150.0,Efectivo,EMP-05,,0
DD-007755,2024-01-08,C-238,Max,Adiestramiento,480.0,Tarjeta,EMP-06,,0
DD-007394,2024-01-08,C-041,Tigrillo,Guardería,150.0,Tarjeta,EMP-06,,1
DD-007358,2024-01-08,C-018,Toby,Guardería,210.0,Transferencia,EMP-07,,1
DD-007413,2024-01-08,C-049,Max,Guardería,200.0,Tarjeta,EMP-06,,1
DD-007628,2024-01-08,C-168,Charlie,Guardería,240.0,Efectivo,EMP-07,,0
DD-007432,2024-01-08,C-062,Zeus,Baño,260.0,Efectivo,EMP-03,,1
DD-007470,2024-01-08,C-093,Thor,Guardería,150.0,Efectivo,EMP-03,pago pendiente,0
DD-007865,2024-01-08,C-298,Ringo,Baño,230.0,Efectivo,EMP-03,,0
DD-007325,2024-01-08,C-002,Mia,Hotel,360.0,Tarjeta,EMP-02,pago pendiente,1
DD-007698,2024-01-08,C-208,Coco,Adiestramiento,640.0,Efectivo,EMP-03,,0
DD-007341,2024-01-08,C-010,Maya,Baño,240.0,Efectivo,EMP-03,,1
DD-007644,2024-01-08,C-175,Panda,Guardería,230.0,Transferencia,EMP-06,requiere cita previa,0
DD-007621,2024-01-08,C-162,Kira,Adiestramiento,690.0,Transferencia,EMP-01,propina incluida,0
DD-007817,2024-01-08,C-263,Nena,Baño,200.0,Efectivo,EMP-02,traer vacunas,0
DD-007763,2024-01-08,C-241,Canela,Baño,410.0,Tarjeta,EMP-07,pago pendiente,0
DD-007401,2024-01-08,C-043,Luna,Guardería,150.0,Efectivo,EMP-07,perro agresivo,1
DD-007552,2024-01-08,C-135,Bella,Adiestramiento,790.0,Tarjeta,EMP-08,pago pendiente,0
DD-007624,2024-01-08,C-165,Frida,Baño,450.0,Tarjeta,EMP-06,cliente frecuente,0
DD-007488,2024-01-08,C-101,Fifi,Corte,490.0,Efectivo,EMP-06,requiere cita previa,0
DD-007564,2024-01-08,C-139,Panda,Corte,360.0,Tarjeta,EMP-01,descuento aplicado,0
DD-007609,2024-01-08,C-156,Beto,Hotel,470.0,Efectivo,EMP-02,,0
DD-007729,2024-01-09,C-225,Simba,Guardería,200.0,Tarjeta,EMP-06,perro agresivo,0
DD-007496,2024-01-09,C-104,Rosa,Guardería,190.0,Tarjeta,EMP-06,,0
DD-007784,2024-01-09,C-246,Luna,Corte,380.0,Tarjeta,EMP-03,,0
DD-007831,2024-01-09,C-273,Nena,Baño,410.0,Transferencia,EMP-03,,0
DD-007592,2024-01-09,C-151,Rocky,Guardería,170.0,Tarjeta,EMP-03,,0
DD-007548,2024-01-09,C-131,Sultan,Guardería,250.0,Tarjeta,EMP-04,descuento aplicado,0
DD-007495,2024-01-09,C-103,Panda,Baño,380.0,Efectivo,EMP-01,perro agresivo,0
DD-007880,2024-01-09,C-308,Nina,Guardería,240.0,Tarjeta,EMP-03,,0
DD-007344,2024-01-09,C-010,Maya,Adiestramiento,750.0,Tarjeta,EMP-03,requiere cita previa,1
DD-007790,2024-01-09,C-250,Pepa,Corte,460.0,Tarjeta,EMP-06,,0
DD-007897,2024-01-09,C-314,Blanca,Corte,400.0,Tarjeta,EMP-08,cliente VIP,0
DD-007630,2024-01-09,C-169,Gordo,Guardería,170.0,Efectivo,EMP-07,propina incluida,0
DD-007585,2024-01-09,C-148,Lola,Baño,310.0,Efectivo,EMP-03,,0
DD-007619,2024-01-09,C-160,Boby,Baño,300.0,Tarjeta,EMP-05,,0
DD-007333,2024-01-09,C-006,Thor,Hotel,550.0,Efectivo,EMP-02,,1
DD-007894,2024-01-09,C-313,Nala,Hotel,400.0,Efectivo,EMP-04,requiere cita previa,0
DD-007430,2024-01-09,C-061,Toby,Baño,220.0,Transferencia,EMP-08,requiere cita previa,1
DD-007771,2024-01-09,C-242,Sammy,Baño,210.0,Tarjeta,EMP-03,perro agresivo,0
DD-007816,2024-01-09,C-262,Charlie,Hotel,420.0,Efectivo,EMP-03,alérgico a champú,0
DD-007653,2024-01-09,C-180,Buddy,Guardería,170.0,Tarjeta,EMP-04,,0
DD-007859,2024-01-09,C-296,Duke,Guardería,250.0,Transferencia,EMP-08,cliente VIP,0
DD-007530,2024-01-09,C-121,Duke,Baño,230.0,Tarjeta,EMP-06,,0
DD-007837,2024-01-10,C-276,Charlie,Baño,240.0,Efectivo,EMP-06,perro agresivo,0
DD-007810,2024-01-10,C-260,Bonita,Baño,340.0,Transferencia,EMP-02,,0
DD-007525,2024-01-10,C-119,Canela,Hotel,480.0,Efectivo,EMP-08,traer vacunas,0
DD-007691,2024-01-10,C-204,Nala,Corte,480.0,Efectivo,EMP-08,,0
DD-007522,2024-01-10,C-117,Daisy,Corte,280.0,Tarjeta,EMP-08,,0
DD-007398,2024-01-10,C-042,Nena,Guardería,190.0,Tarjeta,EMP-02,,1
DD-007547,2024-01-10,C-130,Gordo,Baño,210.0,Efectivo,EMP-01,cliente VIP,0
DD-007893,2024-01-10,C-313,Nala,Guardería,180.0,Efectivo,EMP-07,,0
DD-007500,2024-01-10,C-107,Lobo,Guardería,160.0,Efectivo,EMP-05,,0
DD-007623,2024-01-10,C-164,Gus,Adiestramiento,640.0,Tarjeta,EMP-03,alérgico a champú,0
DD-007863,2024-01-10,C-297,Sasha,Guardería,230.0,Transferencia,EMP-01,,0
DD-007701,2024-01-10,C-209,Manchas,Guardería,200.0,Efectivo,EMP-01,cliente VIP,0
DD-007807,2024-01-10,C-259,Paloma,Guardería,230.0,Transferencia,EMP-01,,0
DD-007367,2024-01-10,C-029,Gus,Adiestramiento,420.0,Tarjeta,EMP-01,,1
DD-007861,2024-01-10,C-297,Sasha,Baño,320.0,Efectivo,EMP-06,,0
DD-007879,2024-01-10,C-308,Nina,Baño,320.0,Efectivo,EMP-01,,0
DD-007670,2024-01-10,C-190,Beto,Guardería,220.0,Efectivo,EMP-05,requiere cita previa,0
DD-007347,2024-01-10,C-011,Daisy,Baño,250.0,Tarjeta,EMP-03,descuento aplicado,1
DD-007631,2024-01-10,C-169,Gordo,Baño,410.0,Transferencia,EMP-08,,0
DD-007774,2024-01-10,C-243,Maya,Baño,450.0,Efectivo,EMP-06,traer vacunas,0
DD-007693,2024-01-11,C-206,Simba,Guardería,180.0,Tarjeta,EMP-05,cliente VIP,0
DD-007826,2024-01-11,C-269,Maya,Baño,220.0,Efectivo,EMP-07,,0
DD-007545,2024-01-11,C-129,Tigrillo,Guardería,180.0,Tarjeta,EMP-07,,0
DD-007836,2024-01-11,C-276,Charlie,Guardería,240.0,Tarjeta,EMP-06,,0
DD-007829,2024-01-11,C-271,Pancho,Baño,430.0,Efectivo,EMP-08,alérgico a champú,0
DD-007813,2024-01-11,C-261,Sultan,Baño,280.0,Tarjeta,EMP-02,,0
DD-007544,2024-01-11,C-129,Tigrillo,Guardería,200.0,Efectivo,EMP-07,descuento aplicado,0
DD-007704,2024-01-11,C-211,Lobo,Corte,470.0,Efectivo,EMP-04,primera visita,0
DD-007384,2024-01-11,C-037,Toby,Guardería,160.0,Efectivo,EMP-05,,1
DD-007339,2024-01-11,C-008,Boby,Guardería,150.0,Efectivo,EMP-06,traer vacunas,1
DD-007531,2024-01-11,C-121,Duke,Baño,220.0,Efectivo,EMP-03,perro agresivo,0
DD-007360,2024-01-11,C-019,Canela,Baño,200.0,Transferencia,EMP-03,cliente VIP,1
DD-007359,2024-01-11,C-019,Canela,Guardería,160.0,Tarjeta,EMP-05,descuento aplicado,1
DD-007492,2024-01-11,C-103,Panda,Baño,350.0,Transferencia,EMP-05,,0
DD-007494,2024-01-11,C-103,Panda,Guardería,160.0,Efectivo,EMP-07,,0
DD-007497,2024-01-11,C-104,Rosa,Baño,370.0,Efectivo,EMP-02,cliente VIP,0
DD-007714,2024-01-11,C-218,Mia,Hotel,580.0,Efectivo,EMP-05,cliente frecuente,0
DD-007409,2024-01-11,C-047,Gus,Guardería,200.0,Transferencia,EMP-02,,1
DD-007728,2024-01-11,C-225,Simba,Guardería,190.0,Efectivo,EMP-08,cliente VIP,0
DD-007845,2024-01-11,C-280,Nena,Baño,440.0,Tarjeta,EMP-07,,0
DD-007775,2024-01-11,C-244,Coco,Baño,220.0,Tarjeta,EMP-05,,0
DD-007516,2024-01-11,C-115,Charlie,Guardería,220.0,Efectivo,EMP-02,primera visita,0
DD-007601,2024-01-11,C-153,Chato,Guardería,200.0,Tarjeta,EMP-01,primera visita,0
DD-007733,2024-01-11,C-227,Maya,Guardería,250.0,Efectivo,EMP-04,propina incluida,0
DD-007606,2024-01-11,C-154,Nena,Corte,270.0,Efectivo,EMP-07,traer vacunas,0
DD-007697,2024-01-12,C-207,Ringo,Guardería,190.0,Efectivo,EMP-01,,0
DD-007447,2024-01-12,C-072,Chico,Baño,260.0,Transferencia,EMP-06,cliente frecuente,1
DD-007661,2024-01-12,C-183,Sammy,Baño,210.0,Transferencia,EMP-07,,0
DD-007477,2024-01-12,C-095,Nala,Corte,310.0,Tarjeta,EMP-08,,0
DD-007839,2024-01-12,C-277,Panda,Baño,310.0,Efectivo,EMP-08,,0
DD-007422,2024-01-12,C-055,Bear,Hotel,560.0,Efectivo,EMP-04,,1
DD-007524,2024-01-12,C-118,Bonita,Corte,270.0,Transferencia,EMP-07,propina incluida,0
DD-007327,2024-01-12,C-004,Paloma,Hotel,540.0,Tarjeta,EMP-08,traer vacunas,1
DD-007399,2024-01-12,C-042,Nena,Guardería,200.0,Transferencia,EMP-07,primera visita,1
DD-007900,2024-01-12,C-316,Nina,Baño,350.0,Tarjeta,EMP-01,,0
DD-007505,2024-01-12,C-109,Lobo,Baño,320.0,Efectivo,EMP-08,cliente VIP,0
DD-007337,2024-01-12,C-007,Tito,Guardería,180.0,Efectivo,EMP-04,alérgico a champú,1
DD-007549,2024-01-12,C-131,Sultan,Guardería,200.0,Efectivo,EMP-03,,0
DD-007686,2024-01-12,C-202,Tigrillo,Corte,290.0,Efectivo,EMP-08,,0
DD-007822,2024-01-12,C-269,Maya,Corte,480.0,Tarjeta,EMP-02,perro agresivo,0
DD-007506,2024-01-12,C-109,Lobo,Guardería,200.0,Tarjeta,EMP-02,alérgico a champú,0
DD-007330,2024-01-13,C-005,Canela,Guardería,190.0,Efectivo,EMP-07,perro agresivo,1
DD-007622,2024-01-13,C-163,Rocky,Corte,370.0,Efectivo,EMP-03,,0
DD-007637,2024-01-13,C-171,Bear,Baño,220.0,Transferencia,EMP-07,propina incluida,0
DD-007590,2024-01-13,C-149,Toby,Guardería,200.0,Tarjeta,EMP-05,perro agresivo,0
DD-007742,2024-01-13,C-233,Manchas,Guardería,200.0,Efectivo,EMP-02,perro agresivo,0
DD-007796,2024-01-13,C-252,Kira,Baño,300.0,Tarjeta,EMP-04,requiere cita previa,0
DD-007580,2024-01-13,C-146,Ringo,Baño,240.0,Efectivo,EMP-04,,0
DD-007730,2024-01-13,C-225,Simba,Adiestramiento,500.0,Efectivo,EMP-02,propina incluida,0
DD-007345,2024-01-13,C-010,Maya,Corte,420.0,Tarjeta,EMP-01,descuento aplicado,1
DD-007872,2024-01-13,C-304,Buddy,Baño,210.0,Tarjeta,EMP-08,requiere cita previa,0
DD-007423,2024-01-13,C-055,Bear,Guardería,190.0,Tarjeta,EMP-04,perro agresivo,1
DD-007907,2024-01-13,C-319,Princesa,Baño,280.0,Tarjeta,EMP-07,,0
DD-007408,2024-01-13,C-047,Gus,Baño,320.0,Efectivo,EMP-06,descuento aplicado,1
DD-007463,2024-01-13,C-086,Gordo,Baño,320.0,Tarjeta,EMP-01,,0
DD-007854,2024-01-13,C-293,Blanca,Hotel,560.0,Transferencia,EMP-03,propina incluida,0
DD-007449,2024-01-13,C-075,Chato,Guardería,200.0,Transferencia,EMP-05,pago pendiente,1
DD-007551,2024-01-13,C-133,Gus,Adiestramiento,540.0,Tarjeta,EMP-08,,0
DD-007444,2024-01-13,C-069,Paloma,Corte,350.0,Tarjeta,EMP-01,,1
DD-007379,2024-01-13,C-032,Tito,Baño,280.0,Tarjeta,EMP-02,primera visita,1
DD-007526,2024-01-13,C-119,Canela,Baño,440.0,Efectivo,EMP-08,,0
DD-007446,2024-01-13,C-072,Chico,Baño,280.0,Efectivo,EMP-04,traer vacunas,1
DD-007716,2024-01-14,C-220,Sammy,Guardería,220.0,Efectivo,EMP-02,,0
DD-007687,2024-01-14,C-202,Tigrillo,Baño,340.0,Tarjeta,EMP-08,pago pendiente,0
DD-007674,2024-01-14,C-194,Nina,Hotel,370.0,Efectivo,EMP-08,perro agresivo,0
DD-007479,2024-01-14,C-097,Bella,Guardería,170.0,Efectivo,EMP-08,,0
DD-007744,2024-01-14,C-233,Manchas,Baño,330.0,Tarjeta,EMP-03,perro agresivo,0
DD-007608,2024-01-14,C-156,Beto,Baño,310.0,Tarjeta,EMP-04,,0
DD-007353,2024-01-14,C-015,Panda,Guardería,190.0,Efectivo,EMP-06,descuento aplicado,1
DD-007703,2024-01-14,C-211,Lobo,Baño,250.0,Efectivo,EMP-05,descuento aplicado,0
DD-007349,2024-01-14,C-013,Coco,Guardería,190.0,Transferencia,EMP-07,cliente frecuente,1
DD-007574,2024-01-14,C-144,Rex,Baño,220.0,Efectivo,EMP-08,primera visita,0
DD-007550,2024-01-14,C-132,Blanca,Guardería,150.0,Efectivo,EMP-08,,0
DD-007791,2024-01-15,C-251,Blanca,Guardería,180.0,Transferencia,EMP-05,,0
DD-007746,2024-01-15,C-234,Toby,Baño,310.0,Transferencia,EMP-04,descuento aplicado,0
DD-007851,2024-01-15,C-291,Blanca,Guardería,190.0,Efectivo,EMP-01,traer vacunas,0
DD-007424,2024-01-15,C-055,Bear,Guardería,200.0,Tarjeta,EMP-07,,1
DD-007747,2024-01-15,C-234,Toby,Baño,320.0,Efectivo,EMP-06,propina incluida,0
DD-007443,2024-01-15,C-068,Lola,Baño,300.0,Tarjeta,EMP-08,,1
DD-007472,2024-01-15,C-094,Bear,Baño,250.0,Efectivo,EMP-01,,0
DD-007428,2024-01-15,C-058,Gordo,Guardería,250.0,Tarjeta,EMP-03,propina incluida,1
DD-007521,2024-01-15,C-116,Bonita,Guardería,200.0,Tarjeta,EMP-03,,0
DD-007823,2024-01-15,C-269,Maya,Guardería,210.0,Efectivo,EMP-07,,0
DD-007595,2024-01-15,C-152,Rex,Baño,280.0,Efectivo,EMP-07,propina incluida,0
DD-007534,2024-01-15,C-123,Ringo,Guardería,240.0,Transferencia,EMP-02,,0
DD-007393,2024-01-15,C-041,Tigrillo,Corte,360.0,Efectivo,EMP-06,propina incluida,1
DD-007761,2024-01-15,C-240,Mia,Hotel,450.0,Efectivo,EMP-01,,0
DD-007519,2024-01-16,C-116,Bonita,Hotel,370.0,Tarjeta,EMP-08,propina incluida,0
DD-007557,2024-01-16,C-136,Simba,Guardería,230.0,Tarjeta,EMP-02,,0
DD-007593,2024-01-16,C-151,Rocky,Baño,390.0,Efectivo,EMP-01,traer vacunas,0
DD-007586,2024-01-16,C-148,Lola,Baño,370.0,Tarjeta,EMP-08,,0
DD-007828,2024-01-16,C-271,Pancho,Guardería,160.0,Tarjeta,EMP-01,requiere cita previa,0
DD-007721,2024-01-16,C-223,Sasha,Baño,320.0,Efectivo,EMP-02,primera visita,0
DD-007561,2024-01-16,C-138,Bear,Guardería,170.0,Efectivo,EMP-05,descuento aplicado,0
DD-007906,2024-01-16,C-319,Princesa,Hotel,360.0,Efectivo,EMP-02,,0
DD-007679,2024-01-16,C-198,Chato,Guardería,170.0,Efectivo,EMP-02,cliente VIP,0
DD-007719,2024-01-16,C-221,Beto,Guardería,160.0,Efectivo,EMP-03,perro agresivo,0
DD-007336,2024-01-16,C-007,Tito,Guardería,180.0,Efectivo,EMP-04,,1
DD-007514,2024-01-16,C-113,Lola,Hotel,450.0,Tarjeta,EMP-07,alérgico a champú,0
DD-007892,2024-01-16,C-312,Bella,Guardería,210.0,Efectivo,EMP-06,requiere cita previa,0
DD-007654,2024-01-16,C-180,Buddy,Hotel,560.0,Tarjeta,EMP-01,cliente frecuente,0
DD-007709,2024-01-16,C-215,Daisy,Guardería,160.0,Transferencia,EMP-01,requiere cita previa,0
DD-007745,2024-01-16,C-233,Manchas,Corte,440.0,Transferencia,EMP-04,primera visita,0
DD-007702,2024-01-16,C-210,Max,Guardería,160.0,Tarjeta,EMP-06,,0
DD-007731,2024-01-16,C-227,Maya,Guardería,170.0,Efectivo,EMP-03,descuento aplicado,0
DD-007452,2024-01-17,C-077,Kira,Adiestramiento,700.0,Transferencia,EMP-01,cliente frecuente,1
DD-007781,2024-01-17,C-246,Luna,Hotel,380.0,Transferencia,EMP-01,cliente VIP,0
DD-007751,2024-01-17,C-236,Frida,Baño,270.0,Efectivo,EMP-04,,0
DD-007456,2024-01-17,C-079,Charlie,Guardería,150.0,Tarjeta,EMP-01,,1
DD-007645,2024-01-17,C-177,Princesa,Guardería,220.0,Efectivo,EMP-04,pago pendiente,0
DD-007448,2024-01-17,C-072,Chico,Hotel,390.0,Tarjeta,EMP-03,propina incluida,1
DD-007567,2024-01-17,C-140,Chispa,Guardería,180.0,Transferencia,EMP-02,alérgico a champú,0
DD-007641,2024-01-17,C-174,Chispa,Guardería,210.0,Tarjeta,EMP-06,cliente frecuente,0
DD-007724,2024-01-17,C-224,Zeus,Baño,420.0,Transferencia,EMP-03,cliente VIP,0
DD-007848,2024-01-17,C-282,Rosa,Adiestramiento,460.0,Tarjeta,EMP-08,alérgico a champú,0
DD-007688,2024-01-17,C-202,Tigrillo,Baño,390.0,Transferencia,EMP-06,,0
DD-007604,2024-01-17,C-154,Nena,Corte,410.0,Efectivo,EMP-03,primera visita,0
DD-007515,2024-01-17,C-114,Rocky,Baño,280.0,Efectivo,EMP-03,primera visita,0
DD-007612,2024-01-17,C-157,Thor,Hotel,580.0,Efectivo,EMP-07,,0
DD-007614,2024-01-17,C-158,Negro,Baño,380.0,Efectivo,EMP-08,,0
DD-007898,2024-01-17,C-315,Zeus,Guardería,160.0,Efectivo,EMP-01,,0
DD-007830,2024-01-17,C-272,Boby,Baño,400.0,Tarjeta,EMP-05,traer vacunas,0
DD-007680,2024-01-17,C-198,Chato,Guardería,190.0,Tarjeta,EMP-01,primera visita,0
DD-007643,2024-01-17,C-175,Panda,Baño,240.0,Efectivo,EMP-08,traer vacunas,0
DD-007627,2024-01-17,C-168,Charlie,Corte,260.0,Transferencia,EMP-01,cliente frecuente,0
DD-007853,2024-01-17,C-292,Chico,Corte,380.0,Efectivo,EMP-07,traer vacunas,0
DD-007334,2024-01-17,C-006,Thor,Hotel,560.0,Tarjeta,EMP-01,primera visita,1
DD-007520,2024-01-17,C-116,Bonita,Guardería,220.0,Transferencia,EMP-06,,0
DD-007490,2024-01-17,C-102,Chispa,Guardería,200.0,Efectivo,EMP-03,,0
DD-007364,2024-01-18,C-026,Mia,Hotel,440.0,Efectivo,EMP-05,,1
DD-007397,2024-01-18,C-042,Nena,Guardería,250.0,Transferencia,EMP-02,propina incluida,1
DD-007402,2024-01-18,C-043,Luna,Guardería,160.0,Tarjeta,EMP-02,,1
DD-007369,2024-01-18,C-030,Bear,Corte,280.0,Transferencia,EMP-02,,1
DD-007764,2024-01-18,C-241,Canela,Guardería,230.0,Tarjeta,EMP-05,,0
DD-007374,2024-01-18,C-030,Bear,Guardería,190.0,Tarjeta,EMP-01,,1
DD-007905,2024-01-18,C-318,Negro,Baño,420.0,Transferencia,EMP-05,cliente frecuente,0
DD-007821,2024-01-18,C-268,Nala,Baño,290.0,Efectivo,EMP-05,,0
DD-007433,2024-01-18,C-063,Estrella,Guardería,160.0,Tarjeta,EMP-07,,1
DD-007607,2024-01-18,C-155,Nala,Baño,360.0,Efectivo,EMP-06,propina incluida,0
DD-007602,2024-01-18,C-153,Chato,Baño,260.0,Efectivo,EMP-06,,0
DD-007838,2024-01-18,C-276,Charlie,Guardería,240.0,Tarjeta,EMP-06,pago pendiente,0
DD-007626,2024-01-18,C-166,Boby,Guardería,200.0,Efectivo,EMP-08,primera visita,0
DD-007629,2024-01-18,C-168,Charlie,Corte,330.0,Transferencia,EMP-06,,0
DD-007801,2024-01-18,C-255,Frida,Guardería,200.0,Transferencia,EMP-04,,0
DD-007538,2024-01-18,C-126,Manchas,Guardería,200.0,Efectivo,EMP-04,cliente frecuente,0
DD-007328,2024-01-18,C-005,Canela,Guardería,220.0,Efectivo,EMP-08,,1
DD-007486,2024-01-18,C-100,Rosa,Guardería,210.0,Tarjeta,EMP-07,cliente frecuente,0
DD-007469,2024-01-18,C-092,Rocky,Baño,230.0,Tarjeta,EMP-02,cliente VIP,0
DD-007737,2024-01-18,C-230,Chico,Adiestramiento,780.0,Efectivo,EMP-04,,0
DD-007613,2024-01-18,C-158,Negro,Hotel,400.0,Efectivo,EMP-05,perro agresivo,0
DD-007370,2024-01-19,C-030,Bear,Adiestramiento,580.0,Efectivo,EMP-04,pago pendiente,1
DD-007734,2024-01-19,C-228,Sasha,Baño,280.0,Transferencia,EMP-04,,0
DD-007832,2024-01-19,C-273,Nena,Guardería,160.0,Efectivo,EMP-04,cliente frecuente,0
DD-007694,2024-01-19,C-206,Simba,Guardería,190.0,Tarjeta,EMP-06,cliente VIP,0
DD-007886,2024-01-19,C-310,Paloma,Guardería,190.0,Tarjeta,EMP-02,traer vacunas,0
DD-007383,2024-01-19,C-035,Pancho,Baño,300.0,Transferencia,EMP-08,descuento aplicado,1
DD-007527,2024-01-19,C-120,Duke,Corte,380.0,Efectivo,EMP-08,,0
DD-007825,2024-01-19,C-269,Maya,Hotel,560.0,Transferencia,EMP-04,perro agresivo,0
DD-007403,2024-01-19,C-045,Thor,Baño,330.0,Tarjeta,EMP-05,cliente frecuente,1
DD-007543,2024-01-19,C-128,Chico,Guardería,200.0,Efectivo,EMP-05,cliente frecuente,0
DD-007406,2024-01-19,C-046,Chato,Guardería,210.0,Transferencia,EMP-01,pago pendiente,1
DD-007376,2024-01-19,C-031,Ringo,Baño,380.0,Tarjeta,EMP-02,primera visita,1
DD-007512,2024-01-19,C-112,Princesa,Corte,400.0,Efectivo,EMP-05,descuento aplicado,0
DD-007502,2024-01-19,C-108,Sasha,Guardería,200.0,Transferencia,EMP-03,,0
DD-007493,2024-01-19,C-103,Panda,Corte,340.0,Tarjeta,EMP-03,,0
DD-007356,2024-01-19,C-016,Max,Guardería,230.0,Efectivo,EMP-04,cliente VIP,1
DD-007901,2024-01-19,C-316,Nina,Baño,430.0,Efectivo,EMP-03,,0
DD-007632,2024-01-19,C-170,Frida,Corte,380.0,Efectivo,EMP-04,,0
DD-007798,2024-01-19,C-254,Fifi,Corte,290.0,Efectivo,EMP-07,alérgico a champú,0
DD-007856,2024-01-19,C-293,Blanca,Hotel,420.0,Tarjeta,EMP-02,,0
DD-007576,2024-01-20,C-144,Rex,Corte,370.0,Transferencia,EMP-01,traer vacunas,0
DD-007439,2024-01-20,C-067,Bonita,Guardería,190.0,Efectivo,EMP-01,,1
DD-007352,2024-01-20,C-015,Panda,Hotel,550.0,Tarjeta,EMP-01,perro agresivo,1
DD-007381,2024-01-20,C-034,Gus,Guardería,150.0,Efectivo,EMP-04,alérgico a champú,1
DD-007377,2024-01-20,C-032,Tito,Baño,430.0,Tarjeta,EMP-08,,1
DD-007583,2024-01-20,C-146,Ringo,Guardería,170.0,Transferencia,EMP-06,,0
DD-007329,2024-01-20,C-005,Canela,Guardería,190.0,Tarjeta,EMP-07,,1
DD-007871,2024-01-20,C-304,Buddy,Guardería,180.0,Tarjeta,EMP-04,cliente VIP,0
DD-007878,2024-01-20,C-307,Daisy,Guardería,170.0,Efectivo,EMP-02,,0
DD-007676,2024-01-20,C-197,Mia,Guardería,160.0,Efectivo,EMP-03,,0
DD-007881,2024-01-20,C-308,Nina,Corte,440.0,Efectivo,EMP-04,,0
DD-007678,2024-01-20,C-198,Chato,Guardería,240.0,Efectivo,EMP-06,primera visita,0
DD-007340,2024-01-20,C-009,Rosa,Baño,210.0,Tarjeta,EMP-04,primera visita,1
DD-007511,2024-01-20,C-112,Princesa,Baño,280.0,Efectivo,EMP-08,cliente frecuente,0
DD-007386,2024-01-20,C-037,Toby,Guardería,200.0,Tarjeta,EMP-06,primera visita,1
DD-007794,2024-01-20,C-252,Kira,Baño,250.0,Efectivo,EMP-01,,0
DD-007712,2024-01-21,C-217,Sultan,Baño,220.0,Tarjeta,EMP-02,cliente VIP,0
DD-007867,2024-01-21,C-301,Gus,Guardería,220.0,Efectivo,EMP-02,propina incluida,0
DD-007667,2024-01-21,C-190,Beto,Guardería,250.0,Tarjeta,EMP-05,,0
DD-007568,2024-01-21,C-140,Chispa,Hotel,360.0,Tarjeta,EMP-06,propina incluida,0
DD-007565,2024-01-21,C-139,Panda,Baño,240.0,Transferencia,EMP-08,perro agresivo,0
DD-007563,2024-01-21,C-139,Panda,Corte,380.0,Tarjeta,EMP-01,,0
DD-007553,2024-01-21,C-135,Bella,Guardería,190.0,Efectivo,EMP-08,,0
DD-007842,2024-01-21,C-279,Coco,Hotel,530.0,Tarjeta,EMP-01,,0
DD-007844,2024-01-21,C-280,Nena,Corte,350.0,Efectivo,EMP-08,,0
DD-007855,2024-01-21,C-293,Blanca,Baño,390.0,Tarjeta,EMP-05,primera visita,0
DD-007780,2024-01-21,C-246,Luna,Baño,310.0,Tarjeta,EMP-02,alérgico a champú,0
DD-007426,2024-01-21,C-058,Gordo,Guardería,230.0,Tarjeta,EMP-04,cliente frecuente,1
DD-007669,2024-01-21,C-190,Beto,Baño,280.0,Tarjeta,EMP-06,alérgico a champú,0
DD-007739,2024-01-21,C-231,Fifi,Guardería,170.0,Transferencia,EMP-06,alérgico a champú,0
DD-007772,2024-01-21,C-243,Maya,Guardería,220.0,Tarjeta,EMP-08,,0
DD-007417,2024-01-21,C-052,Estrella,Baño,240.0,Efectivo,EMP-02,propina incluida,1
DD-007415,2024-01-21,C-050,Max,Guardería,190.0,Efectivo,EMP-08,,1
DD-007684,2024-01-21,C-201,Rosa,Guardería,230.0,Tarjeta,EMP-08,cliente VIP,0
DD-007890,2024-01-21,C-311,Nala,Adiestramiento,480.0,Tarjeta,EMP-01,traer vacunas,0
DD-007891,2024-01-21,C-312,Bella,Guardería,190.0,Efectivo,EMP-03,descuento aplicado,0
DD-007671,2024-01-21,C-191,Sammy,Corte,400.0,Tarjeta,EMP-03,descuento aplicado,0
DD-007324,2024-01-22,C-001,Lobo,Guardería,220.0,Efectivo,EMP-04,,1
DD-007758,2024-01-22,C-239,Pancho,Corte,250.0,Tarjeta,EMP-01,perro agresivo,0
DD-007860,2024-01-22,C-296,Duke,Corte,440.0,Transferencia,EMP-02,traer vacunas,0
DD-007857,2024-01-22,C-294,Rex,Guardería,160.0,Tarjeta,EMP-06,requiere cita previa,0
DD-007883,2024-01-22,C-309,Boby,Guardería,250.0,Efectivo,EMP-03,primera visita,0
DD-007768,2024-01-22,C-242,Sammy,Baño,210.0,Efectivo,EMP-08,alérgico a champú,0
DD-007767,2024-01-22,C-241,Canela,Corte,260.0,Tarjeta,EMP-08,cliente VIP,0
DD-007760,2024-01-22,C-240,Mia,Corte,310.0,Tarjeta,EMP-06,requiere cita previa,0
DD-007769,2024-01-22,C-242,Sammy,Guardería,210.0,Efectivo,EMP-07,,0
DD-007451,2024-01-22,C-076,Bear,Guardería,210.0,Efectivo,EMP-08,cliente VIP,1
DD-007491,2024-01-22,C-103,Panda,Baño,400.0,Efectivo,EMP-05,pago pendiente,0
DD-007685,2024-01-22,C-201,Rosa,Baño,300.0,Tarjeta,EMP-06,,0
DD-007710,2024-01-22,C-215,Daisy,Guardería,230.0,Tarjeta,EMP-07,perro agresivo,0
DD-007569,2024-01-22,C-141,Maya,Adiestramiento,550.0,Efectivo,EMP-02,,0
DD-007647,2024-01-22,C-177,Princesa,Guardería,240.0,Efectivo,EMP-07,descuento aplicado,0
DD-007559,2024-01-22,C-137,Sasha,Baño,220.0,Tarjeta,EMP-07,primera visita,0
DD-007373,2024-01-22,C-030,Bear,Adiestramiento,790.0,Efectivo,EMP-02,requiere cita previa,1
DD-007513,2024-01-22,C-112,Princesa,Corte,420.0,Tarjeta,EMP-03,alérgico a champú,0
DD-007740,2024-01-22,C-231,Fifi,Corte,330.0,Efectivo,EMP-04,traer vacunas,0
DD-007355,2024-01-23,C-016,Max,Corte,470.0,Tarjeta,EMP-04,,1
DD-007603,2024-01-23,C-154,Nena,Guardería,190.0,Tarjeta,EMP-08,,0
DD-007466,2024-01-23,C-089,Panda,Corte,300.0,Transferencia,EMP-05,propina incluida,0
DD-007636,2024-01-23,C-170,Frida,Adiestramiento,450.0,Transferencia,EMP-07,traer vacunas,0
DD-007690,2024-01-23,C-204,Nala,Hotel,530.0,Tarjeta,EMP-07,,0
DD-007797,2024-01-23,C-253,Luna,Baño,360.0,Efectivo,EMP-02,alérgico a champú,0
DD-007416,2024-01-23,C-050,Max,Hotel,530.0,Efectivo,EMP-01,cliente VIP,1
DD-007635,2024-01-23,C-170,Frida,Baño,440.0,Tarjeta,EMP-07,,0
DD-007540,2024-01-23,C-127,Beto,Baño,220.0,Tarjeta,EMP-08,,0
DD-007705,2024-01-23,C-212,Negro,Baño,270.0,Transferencia,EMP-04,cliente frecuente,0
DD-007783,2024-01-23,C-246,Luna,Baño,390.0,Transferencia,EMP-05,alérgico a champú,0
DD-007811,2024-01-23,C-260,Bonita,Baño,220.0,Efectivo,EMP-02,perro agresivo,0
DD-007706,2024-01-23,C-213,Pancho,Corte,290.0,Efectivo,EMP-07,,0
DD-007749,2024-01-23,C-235,Blanca,Baño,360.0,Transferencia,EMP-01,,0
DD-007700,2024-01-23,C-209,Manchas,Guardería,210.0,Transferencia,EMP-04,perro agresivo,0
DD-007895,2024-01-23,C-314,Blanca,Corte,350.0,Tarjeta,EMP-01,,0
DD-007776,2024-01-24,C-245,Frida,Guardería,160.0,Efectivo,EMP-07,,0
DD-007489,2024-01-24,C-102,Chispa,Baño,410.0,Tarjeta,EMP-03,,0
DD-007902,2024-01-24,C-316,Nina,Baño,240.0,Tarjeta,EMP-07,,0
DD-007539,2024-01-24,C-127,Beto,Corte,320.0,Tarjeta,EMP-01,,0
DD-007849,2024-01-24,C-286,Estrella,Baño,300.0,Tarjeta,EMP-07,traer vacunas,0
DD-007533,2024-01-24,C-123,Ringo,Baño,430.0,Efectivo,EMP-03,,0
DD-007846,2024-01-24,C-281,Bear,Guardería,210.0,Tarjeta,EMP-05,,0
DD-007818,2024-01-24,C-263,Nena,Guardería,240.0,Efectivo,EMP-06,,0
DD-007450,2024-01-24,C-075,Chato,Guardería,160.0,Transferencia,EMP-02,,1
DD-007819,2024-01-24,C-265,Duke,Hotel,510.0,Efectivo,EMP-02,,0
DD-007599,2024-01-24,C-153,Chato,Hotel,350.0,Tarjeta,EMP-02,,0
DD-007874,2024-01-24,C-304,Buddy,Hotel,410.0,Tarjeta,EMP-03,,0
DD-007696,2024-01-24,C-206,Simba,Hotel,360.0,Tarjeta,EMP-07,primera visita,0
DD-007411,2024-01-24,C-048,Buddy,Hotel,500.0,Efectivo,EMP-04,,1
DD-007461,2024-01-24,C-084,Pancho,Guardería,230.0,Tarjeta,EMP-05,alérgico a champú,0
DD-007752,2024-01-24,C-237,Tito,Adiestramiento,730.0,Efectivo,EMP-03,,0
DD-007715,2024-01-24,C-218,Mia,Guardería,170.0,Efectivo,EMP-01,,0
DD-007725,2024-01-24,C-224,Zeus,Guardería,220.0,Tarjeta,EMP-04,,0
DD-007396,2024-01-24,C-041,Tigrillo,Baño,280.0,Tarjeta,EMP-02,pago pendiente,1
DD-007541,2024-01-25,C-128,Chico,Adiestramiento,760.0,Tarjeta,EMP-01,requiere cita previa,0
DD-007812,2024-01-25,C-260,Bonita,Baño,280.0,Efectivo,EMP-04,,0
DD-007809,2024-01-25,C-260,Bonita,Baño,320.0,Efectivo,EMP-07,cliente VIP,0
DD-007556,2024-01-25,C-136,Simba,Adiestramiento,520.0,Tarjeta,EMP-02,perro agresivo,0
DD-007363,2024-01-25,C-024,Sultan,Hotel,530.0,Efectivo,EMP-05,,1
DD-007805,2024-01-25,C-258,Lola,Guardería,170.0,Transferencia,EMP-05,pago pendiente,0
DD-007578,2024-01-25,C-145,Lola,Baño,290.0,Tarjeta,EMP-05,,0
DD-007673,2024-01-25,C-193,Zeus,Guardería,160.0,Tarjeta,EMP-02,alérgico a champú,0
DD-007695,2024-01-25,C-206,Simba,Guardería,170.0,Tarjeta,EMP-06,,0
DD-007765,2024-01-25,C-241,Canela,Corte,320.0,Efectivo,EMP-05,requiere cita previa,0
DD-007766,2024-01-25,C-241,Canela,Hotel,500.0,Efectivo,EMP-01,,0
DD-007518,2024-01-25,C-116,Bonita,Baño,400.0,Tarjeta,EMP-08,primera visita,0
DD-007427,2024-01-25,C-058,Gordo,Guardería,150.0,Efectivo,EMP-06,requiere cita previa,1
DD-007431,2024-01-25,C-061,Toby,Guardería,180.0,Tarjeta,EMP-05,,1
DD-007754,2024-01-25,C-238,Max,Hotel,450.0,Efectivo,EMP-05,primera visita,0
DD-007390,2024-01-25,C-039,Tigrillo,Guardería,220.0,Transferencia,EMP-08,primera visita,1
DD-007858,2024-01-25,C-295,Chico,Hotel,580.0,Efectivo,EMP-04,,0
DD-007651,2024-01-25,C-178,Coco,Guardería,250.0,Tarjeta,EMP-07,,0
DD-007736,2024-01-25,C-230,Chico,Guardería,240.0,Transferencia,EMP-05,perro agresivo,0
DD-007648,2024-01-25,C-178,Coco,Guardería,170.0,Tarjeta,EMP-04,pago pendiente,0
DD-007407,2024-01-25,C-047,Gus,Guardería,220.0,Tarjeta,EMP-02,perro agresivo,1
DD-007570,2024-01-26,C-142,Estrella,Corte,290.0,Transferencia,EMP-03,perro agresivo,0
DD-007577,2024-01-26,C-145,Lola,Baño,260.0,Tarjeta,EMP-05,pago pendiente,0
DD-007509,2024-01-26,C-110,Pancho,Guardería,210.0,Tarjeta,EMP-08,cliente frecuente,0
DD-007560,2024-01-26,C-138,Bear,Guardería,210.0,Efectivo,EMP-07,alérgico a champú,0
DD-007555,2024-01-26,C-135,Bella,Baño,430.0,Transferencia,EMP-01,descuento aplicado,0
DD-007554,2024-01-26,C-135,Bella,Adiestramiento,720.0,Tarjeta,EMP-07,,0
DD-007368,2024-01-26,C-029,Gus,Guardería,180.0,Tarjeta,EMP-08,,1
DD-007835,2024-01-26,C-275,Lobo,Corte,260.0,Tarjeta,EMP-05,perro agresivo,0
DD-007420,2024-01-26,C-054,Mia,Guardería,180.0,Efectivo,EMP-01,cliente frecuente,1
DD-007468,2024-01-26,C-090,Coco,Adiestramiento,670.0,Tarjeta,EMP-08,cliente frecuente,0
DD-007378,2024-01-26,C-032,Tito,Hotel,520.0,Tarjeta,EMP-01,alérgico a champú,1
DD-007786,2024-01-26,C-248,Thor,Guardería,210.0,Efectivo,EMP-01,,0
DD-007639,2024-01-26,C-172,Tito,Guardería,220.0,Tarjeta,EMP-04,requiere cita previa,0
DD-007380,2024-01-26,C-033,Max,Baño,300.0,Tarjeta,EMP-06,,1
DD-007633,2024-01-26,C-170,Frida,Baño,400.0,Efectivo,EMP-07,,0
DD-007738,2024-01-27,C-230,Chico,Hotel,380.0,Transferencia,EMP-04,,0
DD-007864,2024-01-27,C-298,Ringo,Baño,240.0,Tarjeta,EMP-08,,0
DD-007847,2024-01-27,C-281,Bear,Baño,240.0,Efectivo,EMP-06,,0
DD-007517,2024-01-27,C-116,Bonita,Baño,360.0,Efectivo,EMP-02,,0
DD-007841,2024-01-27,C-278,Estrella,Hotel,440.0,Efectivo,EMP-02,cliente VIP,0
DD-007634,2024-01-27,C-170,Frida,Guardería,150.0,Tarjeta,EMP-06,,0
DD-007354,2024-01-27,C-015,Panda,Guardería,190.0,Efectivo,EMP-01,,1
DD-007875,2024-01-27,C-306,Pepa,Corte,260.0,Efectivo,EMP-06,pago pendiente,0
DD-007535,2024-01-27,C-124,Manchas,Hotel,400.0,Tarjeta,EMP-03,primera visita,0
DD-007365,2024-01-27,C-027,Zeus,Guardería,150.0,Transferencia,EMP-06,primera visita,1
DD-007332,2024-01-27,C-006,Thor,Adiestramiento,430.0,Tarjeta,EMP-04,primera visita,1
DD-007727,2024-01-27,C-224,Zeus,Adiestramiento,530.0,Tarjeta,EMP-08,,0
DD-007598,2024-01-27,C-152,Rex,Guardería,220.0,Transferencia,EMP-01,propina incluida,0
DD-007362,2024-01-27,C-023,Tito,Guardería,220.0,Efectivo,EMP-06,cliente VIP,1
DD-007699,2024-01-27,C-208,Coco,Hotel,390.0,Efectivo,EMP-05,primera visita,0
DD-007460,2024-01-28,C-083,Duke,Guardería,200.0,Tarjeta,EMP-01,,0
DD-007799,2024-01-28,C-254,Fifi,Baño,420.0,Tarjeta,EMP-05,traer vacunas,0
DD-007474,2024-01-28,C-095,Nala,Guardería,220.0,Tarjeta,EMP-06,propina incluida,0
DD-007662,2024-01-28,C-183,Sammy,Hotel,480.0,Tarjeta,EMP-03,,0
DD-007759,2024-01-28,C-240,Mia,Baño,390.0,Efectivo,EMP-03,,0
DD-007677,2024-01-28,C-197,Mia,Guardería,240.0,Efectivo,EMP-08,,0
DD-007589,2024-01-28,C-149,Toby,Guardería,230.0,Transferencia,EMP-05,primera visita,0
DD-007361,2024-01-28,C-021,Rocky,Corte,310.0,Transferencia,EMP-06,perro agresivo,1
DD-007326,2024-01-28,C-004,Paloma,Guardería,160.0,Tarjeta,EMP-06,,1
DD-007421,2024-01-29,C-054,Mia,Hotel,480.0,Efectivo,EMP-01,perro agresivo,1
DD-007458,2024-01-29,C-081,Luna,Guardería,160.0,Transferencia,EMP-05,,0
DD-007389,2024-01-29,C-038,Buddy,Guardería,220.0,Efectivo,EMP-04,,1
DD-007440,2024-01-29,C-068,Lola,Baño,220.0,Tarjeta,EMP-06,,1
DD-007400,2024-01-29,C-043,Luna,Guardería,180.0,Transferencia,EMP-02,,1
DD-007348,2024-01-29,C-012,Chispa,Guardería,160.0,Transferencia,EMP-05,alérgico a champú,1
DD-007435,2024-01-29,C-065,Buddy,Baño,450.0,Tarjeta,EMP-04,cliente frecuente,1
DD-007419,2024-01-29,C-053,Buddy,Hotel,590.0,Tarjeta,EMP-07,cliente frecuente,1
DD-007896,2024-01-29,C-314,Blanca,Hotel,510.0,Efectivo,EMP-04,,0
DD-007665,2024-01-29,C-187,Simba,Baño,430.0,Tarjeta,EMP-08,traer vacunas,0
DD-007464,2024-01-29,C-086,Gordo,Guardería,170.0,Tarjeta,EMP-07,alérgico a champú,0
DD-007778,2024-01-29,C-245,Frida,Guardería,220.0,Transferencia,EMP-04,alérgico a champú,0
DD-007618,2024-01-29,C-159,Sultan,Guardería,180.0,Efectivo,EMP-08,primera visita,0
DD-007656,2024-01-29,C-180,Buddy,Corte,480.0,Transferencia,EMP-03,cliente frecuente,0
DD-007620,2024-01-29,C-161,Chispa,Corte,300.0,Efectivo,EMP-05,,0
DD-007510,2024-01-29,C-111,Thor,Guardería,160.0,Efectivo,EMP-01,traer vacunas,0
DD-007610,2024-01-29,C-156,Beto,Guardería,210.0,Tarjeta,EMP-06,,0
DD-007596,2024-01-29,C-152,Rex,Hotel,490.0,Tarjeta,EMP-08,perro agresivo,0
DD-007573,2024-01-29,C-143,Rex,Adiestramiento,600.0,Efectivo,EMP-05,requiere cita previa,0
DD-007615,2024-01-29,C-158,Negro,Baño,320.0,Transferencia,EMP-03,pago pendiente,0
DD-007498,2024-01-29,C-106,Charlie,Guardería,150.0,Efectivo,EMP-04,,0
DD-007732,2024-01-30,C-227,Maya,Hotel,450.0,Efectivo,EMP-07,primera visita,0
DD-007735,2024-01-30,C-228,Sasha,Guardería,210.0,Transferencia,EMP-05,,0
DD-007410,2024-01-30,C-048,Buddy,Guardería,200.0,Transferencia,EMP-04,,1
DD-007756,2024-01-30,C-238,Max,Guardería,210.0,Efectivo,EMP-06,,0
DD-007804,2024-01-30,C-257,Canela,Corte,260.0,Efectivo,EMP-06,alérgico a champú,0
DD-007594,2024-01-30,C-151,Rocky,Baño,220.0,Tarjeta,EMP-02,,0
DD-007827,2024-01-30,C-271,Pancho,Baño,380.0,Efectivo,EMP-05,,0
DD-007803,2024-01-30,C-256,Chato,Baño,310.0,Transferencia,EMP-01,,0
DD-007388,2024-01-30,C-038,Buddy,Corte,350.0,Tarjeta,EMP-03,pago pendiente,1
DD-007395,2024-01-30,C-041,Tigrillo,Baño,250.0,Efectivo,EMP-08,primera visita,1
DD-007808,2024-01-30,C-259,Paloma,Adiestramiento,490.0,Tarjeta,EMP-08,,0
DD-007659,2024-01-30,C-182,Negro,Baño,390.0,Efectivo,EMP-01,,0
DD-007692,2024-01-30,C-204,Nala,Corte,360.0,Transferencia,EMP-05,,0
DD-007873,2024-01-30,C-304,Buddy,Guardería,170.0,Tarjeta,EMP-05,pago pendiente,0
DD-007903,2024-01-30,C-316,Nina,Guardería,240.0,Efectivo,EMP-05,perro agresivo,0
DD-007528,2024-01-30,C-120,Duke,Guardería,210.0,Efectivo,EMP-03,cliente frecuente,0
DD-007843,2024-01-30,C-279,Coco,Guardería,200.0,Efectivo,EMP-05,,0
DD-007672,2024-01-30,C-192,Sammy,Guardería,230.0,Tarjeta,EMP-03,requiere cita previa,0
DD-007357,2024-01-30,C-017,Canela,Guardería,150.0,Tarjeta,EMP-01,,1
DD-007782,2024-01-30,C-246,Luna,Guardería,230.0,Tarjeta,EMP-01,pago pendiente,0
DD-007862,2024-01-30,C-297,Sasha,Corte,460.0,Efectivo,EMP-01,propina incluida,0
DD-007649,2024-01-30,C-178,Coco,Hotel,430.0,Efectivo,EMP-08,primera visita,0
DD-007652,2024-01-30,C-179,Nina,Adiestramiento,660.0,Transferencia,EMP-04,perro agresivo,0
DD-007462,2024-01-30,C-086,Gordo,Baño,410.0,Transferencia,EMP-01,cliente VIP,0
DD-007616,2024-01-30,C-159,Sultan,Guardería,220.0,Efectivo,EMP-01,propina incluida,0
DD-007579,2024-01-30,C-145,Lola,Baño,220.0,Tarjeta,EMP-05,,0
DD-007371,2024-01-31,C-030,Bear,Guardería,160.0,Tarjeta,EMP-04,,1
DD-007441,2024-01-31,C-068,Lola,Hotel,450.0,Transferencia,EMP-06,,1
DD-007412,2024-01-31,C-049,Max,Guardería,200.0,Tarjeta,EMP-03,cliente frecuente,1
DD-007391,2024-01-31,C-039,Tigrillo,Adiestramiento,420.0,Tarjeta,EMP-01,propina incluida,1
DD-007717,2024-01-31,C-220,Sammy,Baño,260.0,Transferencia,EMP-02,,0
DD-007753,2024-01-31,C-238,Max,Corte,500.0,Tarjeta,EMP-02,perro agresivo,0
DD-007640,2024-01-31,C-173,Charlie,Baño,380.0,Efectivo,EMP-03,,0
DD-007789,2024-01-31,C-250,Pepa,Guardería,240.0,Efectivo,EMP-05,cliente frecuente,0
DD-007793,2024-01-31,C-251,Blanca,Baño,220.0,Tarjeta,EMP-02,alérgico a champú,0
DD-007682,2024-01-31,C-201,Rosa,Baño,300.0,Efectivo,EMP-02,requiere cita previa,0
DD-007571,2024-01-31,C-142,Estrella,Corte,310.0,Efectivo,EMP-04,,0
DD-007562,2024-01-31,C-139,Panda,Guardería,240.0,Efectivo,EMP-03,,0
DD-007558,2024-01-31,C-137,Sasha,Baño,360.0,Tarjeta,EMP-03,,0
DD-007507,2024-01-31,C-110,Pancho,Guardería,170.0,Efectivo,EMP-08,cliente VIP,0
DD-007425,2024-01-31,C-057,Bella,Guardería,200.0,Tarjeta,EMP-01,perro agresivo,1
DD-007815,2024-01-31,C-262,Charlie,Guardería,150.0,Transferencia,EMP-03,descuento aplicado,0
DD-008152,2024-02-01,C-182,Negro,Baño,300.0,Efectivo,EMP-03,perro agresivo,0
DD-008149,2024-02-01,C-180,Buddy,Guardería,150.0,Efectivo,EMP-02,,0
DD-008228,2024-02-01,C-241,Canela,Hotel,580.0,Efectivo,EMP-02,traer vacunas,0
DD-007952,2024-02-01,C-038,Buddy,Baño,310.0,Transferencia,EMP-08,perro agresivo,1
DD-008261,2024-02-01,C-268,Nala,Guardería,230.0,Efectivo,EMP-07,requiere cita previa,0
DD-008084,2024-02-01,C-135,Bella,Guardería,160.0,Efectivo,EMP-03,,0
DD-008001,2024-02-01,C-081,Luna,Baño,440.0,Tarjeta,EMP-01,primera visita,0
DD-008006,2024-02-01,C-083,Duke,Guardería,170.0,Tarjeta,EMP-05,,0
DD-008209,2024-02-01,C-223,Sasha,Hotel,500.0,Tarjeta,EMP-08,,0
DD-008285,2024-02-01,C-289,Kira,Guardería,230.0,Efectivo,EMP-06,cliente VIP,0
DD-008085,2024-02-01,C-138,Bear,Guardería,220.0,Efectivo,EMP-01,,0
DD-008172,2024-02-01,C-194,Nina,Baño,360.0,Efectivo,EMP-03,,0
DD-008124,2024-02-01,C-164,Gus,Corte,390.0,Efectivo,EMP-08,requiere cita previa,0
DD-008179,2024-02-01,C-203,Princesa,Baño,350.0,Efectivo,EMP-06,,0
DD-007917,2024-02-01,C-011,Daisy,Baño,290.0,Tarjeta,EMP-01,,1
DD-008289,2024-02-02,C-294,Rex,Guardería,170.0,Efectivo,EMP-04,perro agresivo,0
DD-008295,2024-02-02,C-298,Ringo,Guardería,180.0,Transferencia,EMP-08,,0
DD-008131,2024-02-02,C-168,Charlie,Baño,430.0,Efectivo,EMP-06,,0
DD-008278,2024-02-02,C-282,Rosa,Guardería,220.0,Efectivo,EMP-03,,0
DD-008200,2024-02-02,C-216,Bonita,Baño,230.0,Efectivo,EMP-05,primera visita,0
DD-008143,2024-02-02,C-174,Chispa,Baño,310.0,Efectivo,EMP-05,primera visita,0
DD-008078,2024-02-02,C-131,Sultan,Corte,300.0,Efectivo,EMP-07,,0
DD-007915,2024-02-02,C-010,Maya,Guardería,170.0,Efectivo,EMP-07,,1
DD-008250,2024-02-02,C-259,Paloma,Baño,400.0,Tarjeta,EMP-07,,0
DD-008163,2024-02-02,C-189,Zeus,Guardería,230.0,Efectivo,EMP-03,descuento aplicado,0
DD-008258,2024-02-02,C-264,Sultan,Baño,400.0,Transferencia,EMP-04,,0
DD-008050,2024-02-02,C-112,Princesa,Guardería,170.0,Tarjeta,EMP-01,perro agresivo,0
DD-007971,2024-02-02,C-058,Gordo,Guardería,190.0,Efectivo,EMP-01,descuento aplicado,1
DD-008178,2024-02-02,C-202,Tigrillo,Guardería,180.0,Tarjeta,EMP-03,perro agresivo,0
DD-008266,2024-02-03,C-273,Nena,Guardería,170.0,Efectivo,EMP-07,,0
DD-007961,2024-02-03,C-048,Buddy,Guardería,250.0,Efectivo,EMP-03,alérgico a champú,1
DD-008248,2024-02-03,C-258,Lola,Guardería,150.0,Efectivo,EMP-06,,0
DD-008011,2024-02-03,C-088,Simba,Guardería,240.0,Tarjeta,EMP-05,requiere cita previa,0
DD-008064,2024-02-03,C-122,Pepa,Corte,380.0,Tarjeta,EMP-01,primera visita,0
DD-008181,2024-02-03,C-203,Princesa,Guardería,230.0,Efectivo,EMP-03,,0
DD-008173,2024-02-03,C-194,Nina,Hotel,470.0,Efectivo,EMP-03,,0
DD-007984,2024-02-03,C-070,Buddy,Baño,350.0,Efectivo,EMP-02,,1
DD-008291,2024-02-03,C-295,Chico,Adiestramiento,410.0,Tarjeta,EMP-06,descuento aplicado,0
DD-008311,2024-02-03,C-308,Nina,Baño,360.0,Tarjeta,EMP-04,pago pendiente,0
DD-008136,2024-02-03,C-170,Frida,Guardería,240.0,Tarjeta,EMP-02,requiere cita previa,0
DD-007988,2024-02-03,C-072,Chico,Guardería,150.0,Transferencia,EMP-04,requiere cita previa,1
DD-007993,2024-02-03,C-075,Chato,Hotel,480.0,Efectivo,EMP-02,pago pendiente,1
DD-008313,2024-02-03,C-308,Nina,Adiestramiento,710.0,Tarjeta,EMP-02,perro agresivo,0
DD-008150,2024-02-03,C-180,Buddy,Corte,390.0,Tarjeta,EMP-08,,0
DD-008212,2024-02-03,C-226,Chispa,Baño,230.0,Transferencia,EMP-04,,0
DD-008214,2024-02-03,C-227,Maya,Guardería,220.0,Tarjeta,EMP-02,cliente VIP,0
DD-007986,2024-02-04,C-071,Daisy,Guardería,160.0,Tarjeta,EMP-01,perro agresivo,1
DD-008304,2024-02-04,C-305,Paloma,Hotel,540.0,Tarjeta,EMP-04,pago pendiente,0
DD-008205,2024-02-04,C-219,Nina,Guardería,190.0,Efectivo,EMP-01,cliente frecuente,0
DD-008051,2024-02-04,C-112,Princesa,Corte,400.0,Tarjeta,EMP-02,pago pendiente,0
DD-008301,2024-02-04,C-302,Fifi,Baño,320.0,Tarjeta,EMP-03,cliente VIP,0
DD-008054,2024-02-04,C-114,Rocky,Guardería,180.0,Efectivo,EMP-04,,0
DD-008056,2024-02-04,C-115,Charlie,Hotel,500.0,Efectivo,EMP-02,descuento aplicado,0
DD-008293,2024-02-04,C-297,Sasha,Guardería,240.0,Efectivo,EMP-01,cliente frecuente,0
DD-008065,2024-02-04,C-123,Ringo,Guardería,170.0,Efectivo,EMP-01,,0
DD-008086,2024-02-04,C-138,Bear,Guardería,230.0,Tarjeta,EMP-07,requiere cita previa,0
DD-008299,2024-02-04,C-301,Gus,Hotel,550.0,Efectivo,EMP-03,primera visita,0
DD-008280,2024-02-04,C-284,Duke,Guardería,180.0,Efectivo,EMP-08,propina incluida,0
DD-008127,2024-02-04,C-166,Boby,Guardería,220.0,Tarjeta,EMP-02,pago pendiente,0
DD-008125,2024-02-04,C-165,Frida,Corte,400.0,Tarjeta,EMP-08,,0
DD-008213,2024-02-04,C-227,Maya,Guardería,190.0,Tarjeta,EMP-07,,0
DD-008198,2024-02-05,C-215,Daisy,Guardería,200.0,Tarjeta,EMP-04,,0
DD-008016,2024-02-05,C-090,Coco,Adiestramiento,510.0,Transferencia,EMP-08,cliente frecuente,0
DD-007978,2024-02-05,C-062,Zeus,Guardería,210.0,Efectivo,EMP-01,primera visita,1
DD-008033,2024-02-05,C-100,Rosa,Guardería,180.0,Efectivo,EMP-08,traer vacunas,0
DD-008072,2024-02-05,C-128,Chico,Baño,350.0,Transferencia,EMP-02,,0
DD-008326,2024-02-05,C-318,Negro,Guardería,200.0,Tarjeta,EMP-02,alérgico a champú,0
DD-008169,2024-02-05,C-192,Sammy,Baño,210.0,Efectivo,EMP-03,,0
DD-008215,2024-02-05,C-228,Sasha,Baño,360.0,Efectivo,EMP-02,alérgico a champú,0
DD-008140,2024-02-05,C-173,Charlie,Adiestramiento,580.0,Transferencia,EMP-02,cliente VIP,0
DD-008139,2024-02-05,C-173,Charlie,Baño,350.0,Efectivo,EMP-08,cliente VIP,0
DD-008116,2024-02-05,C-160,Boby,Hotel,480.0,Tarjeta,EMP-07,,0
DD-008036,2024-02-05,C-101,Fifi,Guardería,180.0,Tarjeta,EMP-06,descuento aplicado,0
DD-008237,2024-02-05,C-248,Thor,Hotel,360.0,Tarjeta,EMP-07,,0
DD-008113,2024-02-05,C-158,Negro,Baño,200.0,Tarjeta,EMP-01,propina incluida,0
DD-008102,2024-02-05,C-152,Rex,Baño,350.0,Efectivo,EMP-02,descuento aplicado,0
DD-008099,2024-02-05,C-149,Toby,Guardería,250.0,Efectivo,EMP-01,traer vacunas,0
DD-007921,2024-02-05,C-018,Toby,Guardería,160.0,Efectivo,EMP-05,,1
DD-007994,2024-02-05,C-076,Bear,Guardería,200.0,Tarjeta,EMP-08,alérgico a champú,1
DD-008189,2024-02-06,C-207,Ringo,Baño,220.0,Tarjeta,EMP-04,,0
DD-008122,2024-02-06,C-163,Rocky,Guardería,190.0,Efectivo,EMP-01,pago pendiente,0
DD-008186,2024-02-06,C-205,Pepa,Guardería,210.0,Efectivo,EMP-08,primera visita,0
DD-008224,2024-02-06,C-236,Frida,Hotel,400.0,Transferencia,EMP-05,,0
DD-008188,2024-02-06,C-206,Simba,Baño,420.0,Efectivo,EMP-03,,0
DD-008031,2024-02-06,C-100,Rosa,Baño,270.0,Efectivo,EMP-06,pago pendiente,0
DD-008111,2024-02-06,C-156,Beto,Guardería,200.0,Efectivo,EMP-08,propina incluida,0
DD-007967,2024-02-06,C-055,Bear,Guardería,170.0,Efectivo,EMP-07,traer vacunas,1
DD-007951,2024-02-06,C-037,Toby,Guardería,190.0,Tarjeta,EMP-01,alérgico a champú,1
DD-007955,2024-02-06,C-044,Tigrillo,Guardería,170.0,Efectivo,EMP-03,,1
DD-008302,2024-02-06,C-302,Fifi,Adiestramiento,790.0,Efectivo,EMP-05,propina incluida,0
DD-007942,2024-02-06,C-030,Bear,Baño,340.0,Tarjeta,EMP-05,descuento aplicado,1
DD-007987,2024-02-06,C-071,Daisy,Adiestramiento,420.0,Tarjeta,EMP-06,,1
DD-007973,2024-02-06,C-060,Lobo,Baño,220.0,Tarjeta,EMP-05,,1
DD-007918,2024-02-06,C-015,Panda,Guardería,150.0,Transferencia,EMP-03,,1
DD-007912,2024-02-06,C-006,Thor,Baño,400.0,Efectivo,EMP-03,,1
DD-008230,2024-02-07,C-243,Maya,Guardería,240.0,Tarjeta,EMP-07,,0
DD-008108,2024-02-07,C-155,Nala,Hotel,420.0,Transferencia,EMP-05,,0
DD-008265,2024-02-07,C-273,Nena,Baño,280.0,Efectivo,EMP-06,requiere cita previa,0
DD-008052,2024-02-07,C-113,Lola,Guardería,160.0,Tarjeta,EMP-04,cliente frecuente,0
DD-007964,2024-02-07,C-050,Max,Guardería,220.0,Transferencia,EMP-07,,1
DD-007930,2024-02-07,C-023,Tito,Corte,360.0,Efectivo,EMP-05,cliente VIP,1
DD-008231,2024-02-07,C-244,Coco,Hotel,560.0,Tarjeta,EMP-04,cliente VIP,0
DD-008309,2024-02-07,C-307,Daisy,Guardería,180.0,Tarjeta,EMP-07,cliente VIP,0
DD-007985,2024-02-07,C-070,Buddy,Guardería,240.0,Tarjeta,EMP-03,alérgico a champú,1
DD-008145,2024-02-07,C-176,Estrella,Hotel,460.0,Tarjeta,EMP-03,,0
DD-008327,2024-02-07,C-319,Princesa,Baño,320.0,Efectivo,EMP-01,perro agresivo,0
DD-007948,2024-02-07,C-036,Rex,Adiestramiento,740.0,Tarjeta,EMP-06,propina incluida,1
DD-008144,2024-02-07,C-175,Panda,Guardería,210.0,Transferencia,EMP-02,,0
DD-008063,2024-02-07,C-122,Pepa,Guardería,220.0,Efectivo,EMP-01,traer vacunas,0
DD-008273,2024-02-08,C-280,Nena,Corte,270.0,Tarjeta,EMP-02,descuento aplicado,0
DD-008092,2024-02-08,C-143,Rex,Baño,330.0,Efectivo,EMP-03,cliente frecuente,0
DD-008241,2024-02-08,C-251,Blanca,Baño,380.0,Efectivo,EMP-06,primera visita,0
DD-008134,2024-02-08,C-169,Gordo,Guardería,230.0,Tarjeta,EMP-07,propina incluida,0
DD-008229,2024-02-08,C-241,Canela,Corte,450.0,Transferencia,EMP-08,,0
DD-007956,2024-02-08,C-044,Tigrillo,Hotel,560.0,Tarjeta,EMP-01,,1
DD-007936,2024-02-08,C-026,Mia,Hotel,560.0,Efectivo,EMP-03,,1
DD-008166,2024-02-08,C-190,Beto,Guardería,200.0,Tarjeta,EMP-04,primera visita,0
DD-008257,2024-02-08,C-263,Nena,Corte,350.0,Transferencia,EMP-01,descuento aplicado,0
DD-008087,2024-02-08,C-138,Bear,Adiestramiento,520.0,Efectivo,EMP-02,descuento aplicado,0
DD-008014,2024-02-08,C-090,Coco,Hotel,520.0,Transferencia,EMP-08,descuento aplicado,0
DD-008238,2024-02-08,C-250,Pepa,Guardería,180.0,Tarjeta,EMP-08,perro agresivo,0
DD-008277,2024-02-08,C-281,Bear,Guardería,160.0,Efectivo,EMP-05,cliente frecuente,0
DD-007969,2024-02-09,C-058,Gordo,Adiestramiento,680.0,Efectivo,EMP-05,,1
DD-007966,2024-02-09,C-054,Mia,Corte,460.0,Transferencia,EMP-04,requiere cita previa,1
DD-007914,2024-02-09,C-008,Boby,Corte,320.0,Efectivo,EMP-05,perro agresivo,1
DD-007927,2024-02-09,C-021,Rocky,Guardería,220.0,Tarjeta,EMP-02,traer vacunas,1
DD-008066,2024-02-09,C-124,Manchas,Guardería,170.0,Tarjeta,EMP-04,descuento aplicado,0
DD-008053,2024-02-09,C-113,Lola,Adiestramiento,440.0,Tarjeta,EMP-07,,0
DD-008270,2024-02-09,C-276,Charlie,Guardería,150.0,Tarjeta,EMP-08,,0
DD-008094,2024-02-09,C-145,Lola,Corte,380.0,Tarjeta,EMP-01,traer vacunas,0
DD-008321,2024-02-09,C-313,Nala,Guardería,180.0,Efectivo,EMP-04,,0
DD-008174,2024-02-09,C-194,Nina,Corte,370.0,Efectivo,EMP-06,traer vacunas,0
DD-008003,2024-02-09,C-081,Luna,Corte,500.0,Transferencia,EMP-05,traer vacunas,0
DD-007976,2024-02-09,C-061,Toby,Corte,430.0,Efectivo,EMP-07,cliente VIP,1
DD-008294,2024-02-09,C-297,Sasha,Baño,240.0,Transferencia,EMP-04,primera visita,0
DD-008243,2024-02-09,C-253,Luna,Guardería,160.0,Efectivo,EMP-08,,0
DD-008069,2024-02-10,C-126,Manchas,Guardería,240.0,Transferencia,EMP-08,cliente frecuente,0
DD-008222,2024-02-10,C-235,Blanca,Guardería,200.0,Tarjeta,EMP-01,alérgico a champú,0
DD-008074,2024-02-10,C-129,Tigrillo,Baño,310.0,Efectivo,EMP-01,,0
DD-008076,2024-02-10,C-130,Gordo,Guardería,150.0,Transferencia,EMP-08,requiere cita previa,0
DD-008201,2024-02-10,C-216,Bonita,Corte,400.0,Transferencia,EMP-08,,0
DD-008128,2024-02-10,C-166,Boby,Corte,340.0,Tarjeta,EMP-06,,0
DD-007938,2024-02-10,C-027,Zeus,Hotel,540.0,Efectivo,EMP-04,,1
DD-008282,2024-02-10,C-286,Estrella,Guardería,220.0,Efectivo,EMP-01,,0
DD-008028,2024-02-10,C-098,Ringo,Baño,440.0,Efectivo,EMP-08,traer vacunas,0
DD-008048,2024-02-10,C-110,Pancho,Baño,310.0,Efectivo,EMP-06,traer vacunas,0
DD-008104,2024-02-10,C-153,Chato,Corte,380.0,Tarjeta,EMP-06,perro agresivo,0
DD-008272,2024-02-10,C-279,Coco,Baño,220.0,Transferencia,EMP-01,,0
DD-008268,2024-02-10,C-274,Nena,Baño,270.0,Transferencia,EMP-05,,0
DD-008049,2024-02-11,C-111,Thor,Baño,250.0,Efectivo,EMP-02,cliente frecuente,0
DD-007954,2024-02-11,C-043,Luna,Hotel,560.0,Tarjeta,EMP-06,alérgico a champú,1
DD-008024,2024-02-11,C-096,Chato,Guardería,230.0,Tarjeta,EMP-02,,0
DD-007944,2024-02-11,C-031,Ringo,Adiestramiento,570.0,Efectivo,EMP-01,,1
DD-008090,2024-02-11,C-140,Chispa,Guardería,220.0,Efectivo,EMP-05,,0
DD-008319,2024-02-11,C-313,Nala,Baño,400.0,Efectivo,EMP-07,,0
DD-008225,2024-02-11,C-238,Max,Guardería,200.0,Tarjeta,EMP-05,,0
DD-008017,2024-02-11,C-090,Coco,Guardería,170.0,Transferencia,EMP-04,cliente frecuente,0
DD-007958,2024-02-11,C-045,Thor,Corte,360.0,Tarjeta,EMP-04,perro agresivo,1
DD-008305,2024-02-11,C-306,Pepa,Baño,320.0,Tarjeta,EMP-06,cliente frecuente,0
DD-008070,2024-02-11,C-127,Beto,Guardería,200.0,Efectivo,EMP-01,,0
DD-008255,2024-02-11,C-263,Nena,Corte,280.0,Tarjeta,EMP-05,cliente VIP,0
DD-008007,2024-02-11,C-084,Pancho,Baño,230.0,Efectivo,EMP-04,requiere cita previa,0
DD-007933,2024-02-11,C-023,Tito,Corte,350.0,Tarjeta,EMP-05,,1
DD-007963,2024-02-11,C-049,Max,Hotel,500.0,Efectivo,EMP-02,,1
DD-008135,2024-02-12,C-170,Frida,Corte,470.0,Efectivo,EMP-07,perro agresivo,0
DD-008177,2024-02-12,C-201,Rosa,Guardería,210.0,Tarjeta,EMP-01,traer vacunas,0
DD-008317,2024-02-12,C-313,Nala,Guardería,170.0,Tarjeta,EMP-06,traer vacunas,0
DD-008320,2024-02-12,C-313,Nala,Baño,360.0,Tarjeta,EMP-04,descuento aplicado,0
DD-008234,2024-02-12,C-245,Frida,Adiestramiento,640.0,Transferencia,EMP-06,alérgico a champú,0
DD-008165,2024-02-12,C-189,Zeus,Corte,480.0,Efectivo,EMP-04,,0
DD-008159,2024-02-12,C-187,Simba,Baño,400.0,Efectivo,EMP-08,descuento aplicado,0
DD-007939,2024-02-12,C-028,Princesa,Guardería,220.0,Efectivo,EMP-02,alérgico a champú,1
DD-008182,2024-02-12,C-204,Nala,Hotel,490.0,Tarjeta,EMP-06,,0
DD-008290,2024-02-12,C-294,Rex,Hotel,540.0,Efectivo,EMP-08,primera visita,0
DD-008047,2024-02-12,C-110,Pancho,Baño,350.0,Transferencia,EMP-06,traer vacunas,0
DD-008312,2024-02-13,C-308,Nina,Baño,350.0,Efectivo,EMP-08,cliente frecuente,0
DD-008098,2024-02-13,C-147,Rex,Hotel,390.0,Tarjeta,EMP-06,,0
DD-008242,2024-02-13,C-252,Kira,Corte,250.0,Tarjeta,EMP-08,pago pendiente,0
DD-007928,2024-02-13,C-022,Sammy,Guardería,190.0,Efectivo,EMP-04,,1
DD-007946,2024-02-13,C-033,Max,Guardería,230.0,Transferencia,EMP-05,alérgico a champú,1
DD-008035,2024-02-13,C-101,Fifi,Hotel,360.0,Efectivo,EMP-01,,0
DD-008073,2024-02-13,C-128,Chico,Guardería,230.0,Efectivo,EMP-07,pago pendiente,0
DD-008071,2024-02-13,C-127,Beto,Baño,240.0,Efectivo,EMP-08,primera visita,0
DD-008217,2024-02-13,C-229,Bella,Adiestramiento,660.0,Transferencia,EMP-02,,0
DD-007945,2024-02-13,C-032,Tito,Guardería,160.0,Tarjeta,EMP-08,,1
DD-008199,2024-02-13,C-216,Bonita,Corte,440.0,Efectivo,EMP-05,requiere cita previa,0
DD-008303,2024-02-13,C-304,Buddy,Corte,420.0,Efectivo,EMP-07,primera visita,0
DD-008021,2024-02-13,C-094,Bear,Guardería,190.0,Tarjeta,EMP-03,,0
DD-008038,2024-02-13,C-103,Panda,Baño,350.0,Tarjeta,EMP-01,,0
DD-008274,2024-02-13,C-280,Nena,Guardería,250.0,Efectivo,EMP-06,,0
DD-008196,2024-02-14,C-214,Gordo,Baño,260.0,Efectivo,EMP-04,,0
DD-007949,2024-02-14,C-037,Toby,Hotel,570.0,Tarjeta,EMP-03,propina incluida,1
DD-008020,2024-02-14,C-093,Thor,Baño,440.0,Tarjeta,EMP-05,,0
DD-008103,2024-02-14,C-153,Chato,Guardería,170.0,Tarjeta,EMP-05,cliente VIP,0
DD-008244,2024-02-14,C-255,Frida,Guardería,240.0,Efectivo,EMP-06,cliente VIP,0
DD-008037,2024-02-14,C-102,Chispa,Guardería,240.0,Efectivo,EMP-08,,0
DD-008161,2024-02-14,C-188,Chico,Corte,280.0,Transferencia,EMP-02,requiere cita previa,0
DD-008096,2024-02-14,C-146,Ringo,Adiestramiento,650.0,Efectivo,EMP-01,requiere cita previa,0
DD-008219,2024-02-14,C-231,Fifi,Corte,320.0,Tarjeta,EMP-01,requiere cita previa,0
DD-008310,2024-02-14,C-308,Nina,Guardería,160.0,Tarjeta,EMP-04,propina incluida,0
DD-007953,2024-02-14,C-039,Tigrillo,Guardería,180.0,Transferencia,EMP-02,pago pendiente,1
DD-007924,2024-02-15,C-020,Fifi,Guardería,230.0,Tarjeta,EMP-04,cliente frecuente,1
DD-008168,2024-02-15,C-191,Sammy,Guardería,230.0,Transferencia,EMP-07,,0
DD-007926,2024-02-15,C-021,Rocky,Adiestramiento,720.0,Tarjeta,EMP-04,cliente frecuente,1
DD-007913,2024-02-15,C-007,Tito,Hotel,600.0,Transferencia,EMP-05,cliente VIP,1
DD-008197,2024-02-15,C-215,Daisy,Hotel,400.0,Efectivo,EMP-06,,0
DD-007992,2024-02-15,C-074,Fifi,Baño,430.0,Efectivo,EMP-06,requiere cita previa,1
DD-008194,2024-02-15,C-211,Lobo,Corte,450.0,Efectivo,EMP-02,cliente VIP,0
DD-008030,2024-02-15,C-099,Gordo,Guardería,220.0,Transferencia,EMP-06,pago pendiente,0
DD-008088,2024-02-15,C-139,Panda,Hotel,380.0,Tarjeta,EMP-04,,0
DD-008100,2024-02-15,C-149,Toby,Hotel,540.0,Tarjeta,EMP-02,,0
DD-008283,2024-02-15,C-287,Maya,Baño,300.0,Tarjeta,EMP-02,,0
DD-008045,2024-02-15,C-109,Lobo,Guardería,220.0,Efectivo,EMP-06,traer vacunas,0
DD-008105,2024-02-15,C-153,Chato,Guardería,250.0,Efectivo,EMP-07,perro agresivo,0
DD-008081,2024-02-16,C-134,Luna,Adiestramiento,500.0,Tarjeta,EMP-03,requiere cita previa,0
DD-007925,2024-02-16,C-020,Fifi,Adiestramiento,760.0,Transferencia,EMP-08,requiere cita previa,1
DD-007941,2024-02-16,C-030,Bear,Hotel,560.0,Tarjeta,EMP-03,,1
DD-007934,2024-02-16,C-025,Lola,Hotel,530.0,Tarjeta,EMP-01,perro agresivo,1
DD-008207,2024-02-16,C-223,Sasha,Guardería,250.0,Tarjeta,EMP-06,traer vacunas,0
DD-008322,2024-02-16,C-314,Blanca,Baño,440.0,Efectivo,EMP-01,perro agresivo,0
DD-008012,2024-02-16,C-088,Simba,Baño,410.0,Tarjeta,EMP-02,,0
DD-007982,2024-02-16,C-067,Bonita,Adiestramiento,440.0,Tarjeta,EMP-04,cliente VIP,1
DD-008185,2024-02-16,C-205,Pepa,Hotel,430.0,Tarjeta,EMP-01,requiere cita previa,0
DD-008120,2024-02-16,C-162,Kira,Guardería,220.0,Efectivo,EMP-08,perro agresivo,0
DD-008325,2024-02-16,C-315,Zeus,Guardería,220.0,Transferencia,EMP-08,alérgico a champú,0
DD-008236,2024-02-16,C-246,Luna,Guardería,220.0,Transferencia,EMP-07,alérgico a champú,0
DD-008091,2024-02-16,C-142,Estrella,Baño,220.0,Efectivo,EMP-07,cliente VIP,0
DD-008259,2024-02-16,C-266,Rex,Guardería,220.0,Tarjeta,EMP-05,requiere cita previa,0
DD-008253,2024-02-17,C-262,Charlie,Guardería,230.0,Efectivo,EMP-02,,0
DD-007962,2024-02-17,C-048,Buddy,Baño,240.0,Efectivo,EMP-01,,1
DD-008318,2024-02-17,C-313,Nala,Guardería,250.0,Tarjeta,EMP-05,requiere cita previa,0
DD-007965,2024-02-17,C-054,Mia,Guardería,250.0,Efectivo,EMP-04,,1
DD-008208,2024-02-17,C-223,Sasha,Guardería,230.0,Efectivo,EMP-02,,0
DD-008175,2024-02-17,C-195,Rocky,Baño,390.0,Tarjeta,EMP-06,perro agresivo,0
DD-008115,2024-02-17,C-159,Sultan,Guardería,210.0,Transferencia,EMP-05,,0
DD-008249,2024-02-17,C-258,Lola,Adiestramiento,680.0,Tarjeta,EMP-03,perro agresivo,0
DD-008095,2024-02-17,C-145,Lola,Corte,280.0,Efectivo,EMP-03,requiere cita previa,0
DD-008246,2024-02-17,C-257,Canela,Guardería,180.0,Tarjeta,EMP-05,,0
DD-008235,2024-02-17,C-246,Luna,Guardería,150.0,Tarjeta,EMP-02,,0
DD-008240,2024-02-17,C-251,Blanca,Guardería,170.0,Tarjeta,EMP-06,,0
DD-008077,2024-02-17,C-130,Gordo,Hotel,360.0,Efectivo,EMP-06,,0
DD-007950,2024-02-17,C-037,Toby,Baño,390.0,Efectivo,EMP-04,perro agresivo,1
DD-008133,2024-02-17,C-169,Gordo,Baño,400.0,Tarjeta,EMP-06,,0
DD-008106,2024-02-17,C-154,Nena,Guardería,160.0,Efectivo,EMP-02,propina incluida,0
DD-007920,2024-02-18,C-018,Toby,Guardería,230.0,Efectivo,EMP-05,perro agresivo,1
DD-008029,2024-02-18,C-099,Gordo,Guardería,250.0,Efectivo,EMP-05,traer vacunas,0
DD-007947,2024-02-18,C-034,Gus,Guardería,220.0,Transferencia,EMP-05,pago pendiente,1
DD-008271,2024-02-18,C-278,Estrella,Guardería,240.0,Efectivo,EMP-08,propina incluida,0
DD-008013,2024-02-18,C-090,Coco,Baño,240.0,Efectivo,EMP-08,cliente VIP,0
DD-008121,2024-02-18,C-163,Rocky,Hotel,410.0,Tarjeta,EMP-06,cliente frecuente,0
DD-008068,2024-02-18,C-125,Tigrillo,Guardería,240.0,Efectivo,EMP-03,,0
DD-007989,2024-02-18,C-072,Chico,Corte,280.0,Efectivo,EMP-04,,1
DD-008262,2024-02-18,C-271,Pancho,Corte,480.0,Transferencia,EMP-06,pago pendiente,0
DD-008141,2024-02-18,C-173,Charlie,Baño,400.0,Efectivo,EMP-04,,0
DD-008292,2024-02-18,C-297,Sasha,Adiestramiento,580.0,Tarjeta,EMP-04,traer vacunas,0
DD-008276,2024-02-18,C-281,Bear,Guardería,230.0,Efectivo,EMP-04,cliente VIP,0
DD-007999,2024-02-18,C-080,Luna,Baño,310.0,Efectivo,EMP-01,alérgico a champú,1
DD-008138,2024-02-18,C-172,Tito,Baño,250.0,Efectivo,EMP-02,,0
DD-008220,2024-02-18,C-232,Thor,Guardería,200.0,Transferencia,EMP-08,,0
DD-007979,2024-02-18,C-063,Estrella,Hotel,490.0,Efectivo,EMP-03,alérgico a champú,1
DD-007943,2024-02-19,C-030,Bear,Baño,350.0,Efectivo,EMP-07,,1
DD-008008,2024-02-19,C-085,Beto,Baño,430.0,Tarjeta,EMP-05,pago pendiente,0
DD-008114,2024-02-19,C-159,Sultan,Guardería,160.0,Efectivo,EMP-07,primera visita,0
DD-008119,2024-02-19,C-162,Kira,Corte,380.0,Efectivo,EMP-06,cliente VIP,0
DD-008195,2024-02-19,C-214,Gordo,Baño,430.0,Efectivo,EMP-02,,0
DD-008000,2024-02-19,C-081,Luna,Hotel,560.0,Efectivo,EMP-08,traer vacunas,0
DD-008300,2024-02-19,C-301,Gus,Baño,210.0,Tarjeta,EMP-07,,0
DD-007977,2024-02-19,C-061,Toby,Guardería,200.0,Efectivo,EMP-01,,1
DD-008256,2024-02-19,C-263,Nena,Baño,360.0,Transferencia,EMP-07,perro agresivo,0
DD-008109,2024-02-19,C-155,Nala,Baño,300.0,Efectivo,EMP-05,,0
DD-008093,2024-02-19,C-144,Rex,Guardería,250.0,Transferencia,EMP-08,propina incluida,0
DD-008156,2024-02-19,C-184,Mia,Baño,270.0,Efectivo,EMP-03,propina incluida,0
DD-008158,2024-02-19,C-185,Toby,Corte,280.0,Tarjeta,EMP-03,alérgico a champú,0
DD-008263,2024-02-19,C-272,Boby,Baño,250.0,Efectivo,EMP-05,propina incluida,0
DD-008162,2024-02-19,C-189,Zeus,Baño,410.0,Efectivo,EMP-06,,0
DD-008041,2024-02-19,C-108,Sasha,Baño,300.0,Efectivo,EMP-07,pago pendiente,0
DD-008018,2024-02-19,C-091,Kira,Guardería,180.0,Tarjeta,EMP-07,requiere cita previa,0
DD-008101,2024-02-19,C-150,Duke,Baño,320.0,Transferencia,EMP-06,descuento aplicado,0
DD-008026,2024-02-19,C-097,Bella,Guardería,230.0,Tarjeta,EMP-03,,0
DD-007959,2024-02-19,C-046,Chato,Baño,390.0,Efectivo,EMP-08,primera visita,1
DD-008022,2024-02-19,C-094,Bear,Baño,440.0,Efectivo,EMP-07,,0
DD-008227,2024-02-19,C-240,Mia,Guardería,220.0,Efectivo,EMP-07,requiere cita previa,0
DD-008117,2024-02-19,C-160,Boby,Adiestramiento,420.0,Transferencia,EMP-02,,0
DD-008275,2024-02-20,C-280,Nena,Guardería,160.0,Efectivo,EMP-05,cliente VIP,0
DD-008315,2024-02-20,C-311,Nala,Guardería,170.0,Tarjeta,EMP-07,cliente frecuente,0
DD-008202,2024-02-20,C-216,Bonita,Guardería,220.0,Tarjeta,EMP-02,,0
DD-008218,2024-02-20,C-230,Chico,Guardería,220.0,Tarjeta,EMP-06,,0
DD-008129,2024-02-20,C-167,Coco,Baño,300.0,Efectivo,EMP-05,,0
DD-008034,2024-02-20,C-100,Rosa,Guardería,200.0,Tarjeta,EMP-05,descuento aplicado,0
DD-008015,2024-02-20,C-090,Coco,Guardería,180.0,Transferencia,EMP-08,primera visita,0
DD-008057,2024-02-20,C-116,Bonita,Baño,450.0,Efectivo,EMP-01,descuento aplicado,0
DD-008082,2024-02-20,C-134,Luna,Guardería,250.0,Tarjeta,EMP-01,perro agresivo,0
DD-007983,2024-02-20,C-068,Lola,Guardería,240.0,Transferencia,EMP-06,,1
DD-007931,2024-02-20,C-023,Tito,Guardería,240.0,Efectivo,EMP-01,,1
DD-007929,2024-02-20,C-022,Sammy,Baño,440.0,Efectivo,EMP-02,cliente VIP,1
DD-008160,2024-02-20,C-188,Chico,Guardería,220.0,Efectivo,EMP-07,,0
DD-008171,2024-02-20,C-193,Zeus,Corte,500.0,Efectivo,EMP-06,requiere cita previa,0
DD-008042,2024-02-20,C-108,Sasha,Adiestramiento,520.0,Tarjeta,EMP-06,,0
DD-008190,2024-02-20,C-207,Ringo,Baño,230.0,Efectivo,EMP-07,,0
DD-007911,2024-02-21,C-002,Mia,Corte,320.0,Efectivo,EMP-03,,1
DD-008142,2024-02-21,C-174,Chispa,Baño,360.0,Tarjeta,EMP-08,,0
DD-007916,2024-02-21,C-010,Maya,Hotel,370.0,Tarjeta,EMP-04,perro agresivo,1
DD-007991,2024-02-21,C-074,Fifi,Guardería,210.0,Efectivo,EMP-07,alérgico a champú,1
DD-008148,2024-02-21,C-179,Nina,Guardería,200.0,Efectivo,EMP-01,,0
DD-007996,2024-02-21,C-077,Kira,Adiestramiento,430.0,Tarjeta,EMP-04,cliente VIP,1
DD-008151,2024-02-21,C-181,Nala,Guardería,160.0,Efectivo,EMP-02,,0
DD-008306,2024-02-21,C-307,Daisy,Corte,450.0,Tarjeta,EMP-05,traer vacunas,0
DD-008075,2024-02-21,C-130,Gordo,Corte,350.0,Efectivo,EMP-05,cliente VIP,0
DD-008279,2024-02-21,C-283,Princesa,Baño,380.0,Tarjeta,EMP-03,pago pendiente,0
DD-008204,2024-02-21,C-217,Sultan,Baño,290.0,Transferencia,EMP-06,primera visita,0
DD-008164,2024-02-21,C-189,Zeus,Baño,350.0,Efectivo,EMP-04,alérgico a champú,0
DD-008027,2024-02-21,C-097,Bella,Guardería,180.0,Efectivo,EMP-01,cliente frecuente,0
DD-008193,2024-02-21,C-210,Max,Baño,300.0,Tarjeta,EMP-04,alérgico a champú,0
DD-008251,2024-02-22,C-260,Bonita,Guardería,230.0,Tarjeta,EMP-02,,0
DD-008060,2024-02-22,C-119,Canela,Baño,310.0,Efectivo,EMP-06,pago pendiente,0
DD-008080,2024-02-22,C-134,Luna,Baño,220.0,Efectivo,EMP-02,,0
DD-007995,2024-02-22,C-076,Bear,Baño,350.0,Efectivo,EMP-07,cliente frecuente,1
DD-008097,2024-02-22,C-146,Ringo,Corte,400.0,Transferencia,EMP-02,,0
DD-008023,2024-02-22,C-095,Nala,Guardería,200.0,Efectivo,EMP-03,,0
DD-008288,2024-02-22,C-293,Blanca,Guardería,200.0,Tarjeta,EMP-07,cliente frecuente,0
DD-008297,2024-02-22,C-299,Negro,Guardería,150.0,Tarjeta,EMP-05,,0
DD-008192,2024-02-22,C-210,Max,Guardería,230.0,Transferencia,EMP-02,,0
DD-008223,2024-02-22,C-235,Blanca,Guardería,160.0,Efectivo,EMP-05,descuento aplicado,0
DD-008226,2024-02-22,C-238,Max,Guardería,190.0,Tarjeta,EMP-02,descuento aplicado,0
DD-008324,2024-02-22,C-314,Blanca,Guardería,160.0,Efectivo,EMP-06,propina incluida,0
DD-008211,2024-02-22,C-225,Simba,Guardería,180.0,Tarjeta,EMP-03,requiere cita previa,0
DD-008314,2024-02-23,C-309,Boby,Adiestramiento,480.0,Tarjeta,EMP-01,,0
DD-007998,2024-02-23,C-079,Charlie,Adiestramiento,620.0,Efectivo,EMP-07,,1
DD-008286,2024-02-23,C-290,Lola,Guardería,230.0,Tarjeta,EMP-06,propina incluida,0
DD-008130,2024-02-23,C-167,Coco,Baño,260.0,Tarjeta,EMP-06,requiere cita previa,0
DD-008247,2024-02-23,C-257,Canela,Corte,470.0,Transferencia,EMP-07,descuento aplicado,0
DD-007909,2024-02-23,C-001,Lobo,Guardería,150.0,Efectivo,EMP-07,cliente VIP,1
DD-008252,2024-02-23,C-261,Sultan,Hotel,600.0,Efectivo,EMP-03,,0
DD-008062,2024-02-23,C-119,Canela,Corte,460.0,Tarjeta,EMP-05,,0
DD-008019,2024-02-23,C-093,Thor,Guardería,230.0,Tarjeta,EMP-01,pago pendiente,0
DD-007990,2024-02-23,C-073,Max,Corte,380.0,Tarjeta,EMP-05,perro agresivo,1
DD-008112,2024-02-23,C-157,Thor,Adiestramiento,640.0,Tarjeta,EMP-02,traer vacunas,0
DD-008123,2024-02-23,C-163,Rocky,Guardería,200.0,Tarjeta,EMP-06,perro agresivo,0
DD-008167,2024-02-23,C-191,Sammy,Baño,420.0,Efectivo,EMP-07,primera visita,0
DD-007972,2024-02-23,C-060,Lobo,Guardería,240.0,Tarjeta,EMP-01,,1
DD-008107,2024-02-23,C-154,Nena,Baño,200.0,Tarjeta,EMP-03,,0
DD-008187,2024-02-24,C-206,Simba,Guardería,220.0,Efectivo,EMP-01,perro agresivo,0
DD-008180,2024-02-24,C-203,Princesa,Guardería,230.0,Efectivo,EMP-04,perro agresivo,0
DD-007923,2024-02-24,C-020,Fifi,Baño,370.0,Tarjeta,EMP-02,perro agresivo,1
DD-008039,2024-02-24,C-103,Panda,Guardería,240.0,Tarjeta,EMP-02,primera visita,0
DD-007997,2024-02-24,C-077,Kira,Baño,260.0,Tarjeta,EMP-08,alérgico a champú,1
DD-007957,2024-02-24,C-044,Tigrillo,Baño,450.0,Efectivo,EMP-07,,1
DD-007960,2024-02-24,C-046,Chato,Adiestramiento,670.0,Transferencia,EMP-05,requiere cita previa,1
DD-008221,2024-02-24,C-234,Toby,Guardería,250.0,Efectivo,EMP-04,,0
DD-008083,2024-02-24,C-134,Luna,Guardería,160.0,Efectivo,EMP-02,,0
DD-008307,2024-02-24,C-307,Daisy,Corte,380.0,Efectivo,EMP-06,perro agresivo,0
DD-008146,2024-02-24,C-177,Princesa,Guardería,230.0,Efectivo,EMP-07,cliente frecuente,0
DD-008132,2024-02-24,C-168,Charlie,Corte,500.0,Efectivo,EMP-04,propina incluida,0
DD-008154,2024-02-24,C-183,Sammy,Guardería,180.0,Tarjeta,EMP-04,perro agresivo,0
DD-008009,2024-02-25,C-086,Gordo,Hotel,350.0,Tarjeta,EMP-05,perro agresivo,0
DD-007980,2024-02-25,C-066,Rocky,Corte,350.0,Tarjeta,EMP-01,,1
DD-007922,2024-02-25,C-019,Canela,Guardería,240.0,Tarjeta,EMP-05,primera visita,1
DD-008323,2024-02-25,C-314,Blanca,Guardería,240.0,Efectivo,EMP-03,,0
DD-008032,2024-02-25,C-100,Rosa,Guardería,230.0,Tarjeta,EMP-03,requiere cita previa,0
DD-008260,2024-02-25,C-267,Daisy,Guardería,220.0,Efectivo,EMP-07,traer vacunas,0
DD-008079,2024-02-25,C-133,Gus,Guardería,210.0,Transferencia,EMP-05,,0
DD-008239,2024-02-25,C-250,Pepa,Guardería,250.0,Efectivo,EMP-03,pago pendiente,0
DD-008203,2024-02-25,C-217,Sultan,Guardería,220.0,Efectivo,EMP-01,,0
DD-008067,2024-02-25,C-125,Tigrillo,Guardería,220.0,Efectivo,EMP-01,,0
DD-008147,2024-02-25,C-178,Coco,Guardería,190.0,Efectivo,EMP-01,requiere cita previa,0
DD-008254,2024-02-25,C-262,Charlie,Guardería,180.0,Transferencia,EMP-05,perro agresivo,0
DD-008216,2024-02-25,C-228,Sasha,Baño,350.0,Efectivo,EMP-03,,0
DD-008153,2024-02-26,C-183,Sammy,Corte,370.0,Transferencia,EMP-06,cliente frecuente,0
DD-008137,2024-02-26,C-172,Tito,Guardería,190.0,Efectivo,EMP-08,descuento aplicado,0
DD-007940,2024-02-26,C-029,Gus,Guardería,250.0,Tarjeta,EMP-06,,1
DD-007975,2024-02-26,C-060,Lobo,Baño,210.0,Efectivo,EMP-08,primera visita,1
DD-008233,2024-02-26,C-245,Frida,Baño,380.0,Efectivo,EMP-05,descuento aplicado,0
DD-008296,2024-02-26,C-298,Ringo,Guardería,190.0,Efectivo,EMP-03,alérgico a champú,0
DD-008210,2024-02-26,C-225,Simba,Guardería,220.0,Tarjeta,EMP-07,,0
DD-008155,2024-02-26,C-184,Mia,Baño,330.0,Tarjeta,EMP-03,traer vacunas,0
DD-007910,2024-02-26,C-001,Lobo,Guardería,190.0,Efectivo,EMP-05,,1
DD-008157,2024-02-26,C-185,Toby,Corte,260.0,Efectivo,EMP-02,,0
DD-008267,2024-02-26,C-273,Nena,Guardería,220.0,Tarjeta,EMP-01,perro agresivo,0
DD-008040,2024-02-26,C-108,Sasha,Corte,440.0,Efectivo,EMP-06,,0
DD-008170,2024-02-26,C-192,Sammy,Baño,210.0,Efectivo,EMP-01,requiere cita previa,0
DD-008061,2024-02-26,C-119,Canela,Baño,260.0,Tarjeta,EMP-07,pago pendiente,0
DD-008002,2024-02-26,C-081,Luna,Guardería,170.0,Efectivo,EMP-07,,0
DD-008043,2024-02-26,C-109,Lobo,Baño,310.0,Efectivo,EMP-04,requiere cita previa,0
DD-008005,2024-02-26,C-082,Zeus,Adiestramiento,650.0,Efectivo,EMP-05,cliente VIP,0
DD-008025,2024-02-26,C-096,Chato,Baño,300.0,Efectivo,EMP-02,,0
DD-008058,2024-02-26,C-116,Bonita,Adiestramiento,670.0,Efectivo,EMP-06,requiere cita previa,0
DD-008287,2024-02-26,C-292,Chico,Baño,280.0,Tarjeta,EMP-08,,0
DD-008269,2024-02-27,C-276,Charlie,Guardería,220.0,Tarjeta,EMP-01,,0
DD-007932,2024-02-27,C-023,Tito,Guardería,150.0,Tarjeta,EMP-08,cliente frecuente,1
DD-008264,2024-02-27,C-272,Boby,Baño,300.0,Tarjeta,EMP-05,traer vacunas,0
DD-007935,2024-02-27,C-025,Lola,Baño,200.0,Tarjeta,EMP-06,alérgico a champú,1
DD-008191,2024-02-27,C-208,Coco,Baño,430.0,Tarjeta,EMP-08,cliente frecuente,0
DD-008044,2024-02-27,C-109,Lobo,Baño,330.0,Transferencia,EMP-01,,0
DD-008055,2024-02-27,C-115,Charlie,Guardería,160.0,Tarjeta,EMP-04,,0
DD-008176,2024-02-27,C-199,Pepa,Guardería,200.0,Efectivo,EMP-01,primera visita,0
DD-007970,2024-02-27,C-058,Gordo,Guardería,180.0,Transferencia,EMP-04,primera visita,1
DD-008281,2024-02-27,C-286,Estrella,Guardería,210.0,Transferencia,EMP-07,requiere cita previa,0
DD-008118,2024-02-27,C-160,Boby,Hotel,480.0,Tarjeta,EMP-05,,0
DD-008004,2024-02-27,C-082,Zeus,Corte,370.0,Efectivo,EMP-07,traer vacunas,0
DD-008184,2024-02-27,C-205,Pepa,Baño,390.0,Tarjeta,EMP-04,,0
DD-008232,2024-02-27,C-245,Frida,Adiestramiento,470.0,Efectivo,EMP-06,perro agresivo,0
DD-008010,2024-02-28,C-086,Gordo,Baño,290.0,Transferencia,EMP-05,cliente frecuente,0
DD-008059,2024-02-28,C-117,Daisy,Baño,210.0,Transferencia,EMP-05,descuento aplicado,0
DD-008046,2024-02-28,C-109,Lobo,Guardería,170.0,Tarjeta,EMP-01,,0
DD-007981,2024-02-28,C-066,Rocky,Guardería,190.0,Tarjeta,EMP-01,alérgico a champú,1
DD-008298,2024-02-28,C-301,Gus,Corte,340.0,Tarjeta,EMP-05,descuento aplicado,0
DD-008206,2024-02-28,C-220,Sammy,Guardería,170.0,Efectivo,EMP-08,,0
DD-008126,2024-02-28,C-165,Frida,Baño,440.0,Efectivo,EMP-08,,0
DD-007937,2024-02-28,C-026,Mia,Adiestramiento,730.0,Efectivo,EMP-05,primera visita,1
DD-007919,2024-02-28,C-016,Max,Guardería,240.0,Efectivo,EMP-05,perro agresivo,1
DD-008183,2024-02-28,C-204,Nala,Hotel,580.0,Tarjeta,EMP-05,,0
DD-008110,2024-02-28,C-156,Beto,Baño,320.0,Efectivo,EMP-02,pago pendiente,0
DD-008308,2024-02-29,C-307,Daisy,Baño,340.0,Tarjeta,EMP-03,,0
DD-007968,2024-02-29,C-056,Bonita,Guardería,160.0,Tarjeta,EMP-07,perro agresivo,1
DD-007974,2024-02-29,C-060,Lobo,Guardería,230.0,Efectivo,EMP-01,cliente frecuente,1
DD-008089,2024-02-29,C-139,Panda,Corte,490.0,Efectivo,EMP-04,cliente frecuente,0
DD-008245,2024-02-29,C-256,Chato,Adiestramiento,600.0,Tarjeta,EMP-03,pago pendiente,0
DD-008284,2024-02-29,C-287,Maya,Guardería,210.0,Tarjeta,EMP-01,traer vacunas,0
DD-008316,2024-02-29,C-312,Bella,Guardería,170.0,Efectivo,EMP-03,pago pendiente,0
DD-008519,2024-03-01,C-106,Charlie,Guardería,230.0,Efectivo,EMP-05,traer vacunas,0
DD-008379,2024-03-01,C-031,Ringo,Corte,500.0,Tarjeta,EMP-08,,1
DD-008384,2024-03-01,C-033,Max,Guardería,230.0,Transferencia,EMP-07,cliente frecuente,1
DD-008722,2024-03-01,C-209,Manchas,Guardería,170.0,Transferencia,EMP-02,descuento aplicado,0
DD-008397,2024-03-01,C-041,Tigrillo,Adiestramiento,620.0,Efectivo,EMP-01,traer vacunas,1
DD-008425,2024-03-01,C-052,Estrella,Baño,310.0,Efectivo,EMP-04,descuento aplicado,1
DD-008659,2024-03-01,C-180,Buddy,Adiestramiento,420.0,Tarjeta,EMP-07,,0
DD-008657,2024-03-01,C-179,Nina,Corte,260.0,Tarjeta,EMP-06,requiere cita previa,0
DD-008742,2024-03-01,C-216,Bonita,Guardería,190.0,Tarjeta,EMP-03,pago pendiente,0
DD-008443,2024-03-01,C-058,Gordo,Guardería,190.0,Tarjeta,EMP-08,perro agresivo,1
DD-008597,2024-03-01,C-152,Rex,Adiestramiento,510.0,Efectivo,EMP-08,,0
DD-008619,2024-03-01,C-163,Rocky,Baño,210.0,Tarjeta,EMP-06,requiere cita previa,0
DD-008872,2024-03-01,C-290,Lola,Guardería,240.0,Efectivo,EMP-05,,0
DD-008584,2024-03-01,C-142,Estrella,Adiestramiento,700.0,Tarjeta,EMP-06,cliente frecuente,0
DD-008557,2024-03-01,C-127,Beto,Guardería,230.0,Efectivo,EMP-05,pago pendiente,0
DD-008493,2024-03-01,C-092,Rocky,Corte,370.0,Efectivo,EMP-02,propina incluida,0
DD-008513,2024-03-01,C-104,Rosa,Guardería,220.0,Tarjeta,EMP-02,,0
DD-008514,2024-03-01,C-105,Tito,Guardería,180.0,Transferencia,EMP-04,descuento aplicado,0
DD-008518,2024-03-01,C-106,Charlie,Hotel,560.0,Efectivo,EMP-03,requiere cita previa,0
DD-008451,2024-03-01,C-064,Bella,Baño,270.0,Tarjeta,EMP-03,alérgico a champú,1
DD-008743,2024-03-01,C-218,Mia,Baño,280.0,Efectivo,EMP-02,,0
DD-008938,2024-03-01,C-315,Zeus,Baño,380.0,Efectivo,EMP-05,primera visita,0
DD-008780,2024-03-01,C-237,Tito,Guardería,150.0,Transferencia,EMP-02,perro agresivo,0
DD-008801,2024-03-01,C-249,Kira,Guardería,220.0,Transferencia,EMP-03,,0
DD-008770,2024-03-01,C-232,Thor,Guardería,160.0,Tarjeta,EMP-02,propina incluida,0
DD-008888,2024-03-02,C-295,Chico,Guardería,170.0,Tarjeta,EMP-07,perro agresivo,0
DD-008871,2024-03-02,C-289,Kira,Guardería,180.0,Efectivo,EMP-07,,0
DD-008418,2024-03-02,C-050,Max,Guardería,220.0,Tarjeta,EMP-03,,1
DD-008728,2024-03-02,C-211,Lobo,Baño,350.0,Efectivo,EMP-08,descuento aplicado,0
DD-008673,2024-03-02,C-187,Simba,Hotel,400.0,Tarjeta,EMP-08,,0
DD-008370,2024-03-02,C-025,Lola,Baño,420.0,Tarjeta,EMP-07,,1
DD-008765,2024-03-02,C-230,Chico,Guardería,210.0,Efectivo,EMP-04,cliente VIP,0
DD-008395,2024-03-02,C-040,Manchas,Guardería,200.0,Efectivo,EMP-07,,1
DD-008923,2024-03-02,C-306,Pepa,Corte,490.0,Tarjeta,EMP-01,,0
DD-008805,2024-03-02,C-251,Blanca,Guardería,180.0,Tarjeta,EMP-04,descuento aplicado,0
DD-008365,2024-03-02,C-022,Sammy,Guardería,210.0,Tarjeta,EMP-05,alérgico a champú,1
DD-008928,2024-03-03,C-309,Boby,Baño,300.0,Tarjeta,EMP-02,propina incluida,0
DD-008332,2024-03-03,C-003,Bella,Corte,360.0,Efectivo,EMP-01,cliente frecuente,1
DD-008762,2024-03-03,C-229,Bella,Guardería,250.0,Efectivo,EMP-05,propina incluida,0
DD-008711,2024-03-03,C-203,Princesa,Hotel,600.0,Tarjeta,EMP-02,primera visita,0
DD-008852,2024-03-03,C-282,Rosa,Corte,350.0,Transferencia,EMP-06,descuento aplicado,0
DD-008539,2024-03-03,C-118,Bonita,Baño,220.0,Transferencia,EMP-03,,0
DD-008702,2024-03-03,C-196,Nina,Guardería,230.0,Transferencia,EMP-04,,0
DD-008699,2024-03-03,C-196,Nina,Guardería,190.0,Efectivo,EMP-03,perro agresivo,0
DD-008674,2024-03-03,C-188,Chico,Guardería,210.0,Efectivo,EMP-07,cliente VIP,0
DD-008414,2024-03-03,C-050,Max,Hotel,390.0,Tarjeta,EMP-01,cliente frecuente,1
DD-008714,2024-03-03,C-205,Pepa,Adiestramiento,400.0,Efectivo,EMP-03,primera visita,0
DD-008428,2024-03-03,C-054,Mia,Corte,400.0,Efectivo,EMP-01,perro agresivo,1
DD-008410,2024-03-03,C-047,Gus,Guardería,250.0,Efectivo,EMP-06,,1
DD-008824,2024-03-03,C-266,Rex,Hotel,580.0,Tarjeta,EMP-06,,0
DD-008591,2024-03-03,C-145,Lola,Baño,260.0,Efectivo,EMP-08,,0
DD-008630,2024-03-03,C-169,Gordo,Guardería,160.0,Efectivo,EMP-03,,0
DD-008781,2024-03-03,C-237,Tito,Baño,370.0,Tarjeta,EMP-05,alérgico a champú,0
DD-008354,2024-03-03,C-018,Toby,Guardería,180.0,Efectivo,EMP-08,requiere cita previa,1
DD-008356,2024-03-03,C-020,Fifi,Guardería,190.0,Transferencia,EMP-06,propina incluida,1
DD-008752,2024-03-03,C-221,Beto,Guardería,220.0,Transferencia,EMP-08,pago pendiente,0
DD-008581,2024-03-03,C-141,Maya,Baño,330.0,Tarjeta,EMP-08,propina incluida,0
DD-008750,2024-03-03,C-220,Sammy,Corte,310.0,Efectivo,EMP-07,propina incluida,0
DD-008633,2024-03-03,C-171,Bear,Corte,330.0,Efectivo,EMP-07,,0
DD-008405,2024-03-04,C-044,Tigrillo,Corte,450.0,Tarjeta,EMP-06,requiere cita previa,1
DD-008818,2024-03-04,C-262,Charlie,Guardería,190.0,Transferencia,EMP-08,,0
DD-008900,2024-03-04,C-299,Negro,Baño,290.0,Efectivo,EMP-01,,0
DD-008612,2024-03-04,C-160,Boby,Hotel,460.0,Tarjeta,EMP-04,,0
DD-008661,2024-03-04,C-180,Buddy,Adiestramiento,440.0,Tarjeta,EMP-05,,0
DD-008517,2024-03-04,C-106,Charlie,Guardería,230.0,Efectivo,EMP-06,cliente VIP,0
DD-008368,2024-03-04,C-023,Tito,Baño,300.0,Efectivo,EMP-01,,1
DD-008347,2024-03-04,C-014,Nena,Guardería,170.0,Transferencia,EMP-03,,1
DD-008577,2024-03-04,C-139,Panda,Guardería,230.0,Tarjeta,EMP-02,traer vacunas,0
DD-008802,2024-03-04,C-250,Pepa,Hotel,530.0,Efectivo,EMP-05,pago pendiente,0
DD-008811,2024-03-04,C-255,Frida,Baño,390.0,Tarjeta,EMP-08,,0
DD-008440,2024-03-04,C-058,Gordo,Guardería,210.0,Tarjeta,EMP-03,traer vacunas,1
DD-008538,2024-03-04,C-117,Daisy,Guardería,220.0,Tarjeta,EMP-03,,0
DD-008390,2024-03-04,C-037,Toby,Hotel,480.0,Efectivo,EMP-01,cliente VIP,1
DD-008420,2024-03-05,C-050,Max,Adiestramiento,710.0,Tarjeta,EMP-06,,1
DD-008775,2024-03-05,C-234,Toby,Hotel,540.0,Efectivo,EMP-05,descuento aplicado,0
DD-008863,2024-03-05,C-287,Maya,Adiestramiento,740.0,Tarjeta,EMP-08,,0
DD-008907,2024-03-05,C-302,Fifi,Guardería,180.0,Efectivo,EMP-03,,0
DD-008856,2024-03-05,C-283,Princesa,Baño,290.0,Efectivo,EMP-03,propina incluida,0
DD-008676,2024-03-05,C-188,Chico,Baño,450.0,Tarjeta,EMP-03,primera visita,0
DD-008496,2024-03-05,C-093,Thor,Guardería,230.0,Efectivo,EMP-05,traer vacunas,0
DD-008559,2024-03-05,C-129,Tigrillo,Hotel,380.0,Transferencia,EMP-02,,0
DD-008430,2024-03-05,C-054,Mia,Baño,380.0,Efectivo,EMP-06,,1
DD-008618,2024-03-05,C-162,Kira,Baño,350.0,Efectivo,EMP-02,alérgico a champú,0
DD-008681,2024-03-05,C-190,Beto,Corte,430.0,Efectivo,EMP-07,,0
DD-008895,2024-03-05,C-297,Sasha,Corte,340.0,Efectivo,EMP-06,cliente frecuente,0
DD-008727,2024-03-05,C-211,Lobo,Guardería,250.0,Tarjeta,EMP-01,cliente frecuente,0
DD-008796,2024-03-05,C-247,Rosa,Guardería,210.0,Efectivo,EMP-04,primera visita,0
DD-008694,2024-03-05,C-193,Zeus,Baño,360.0,Tarjeta,EMP-06,,0
DD-008535,2024-03-05,C-116,Bonita,Guardería,190.0,Tarjeta,EMP-07,,0
DD-008546,2024-03-05,C-122,Pepa,Guardería,180.0,Tarjeta,EMP-03,propina incluida,0
DD-008887,2024-03-05,C-295,Chico,Hotel,520.0,Efectivo,EMP-02,perro agresivo,0
DD-008832,2024-03-05,C-271,Pancho,Adiestramiento,690.0,Efectivo,EMP-08,,0
DD-008835,2024-03-05,C-272,Boby,Baño,420.0,Tarjeta,EMP-04,alérgico a champú,0
DD-008778,2024-03-06,C-237,Tito,Baño,350.0,Efectivo,EMP-06,pago pendiente,0
DD-008736,2024-03-06,C-214,Gordo,Corte,360.0,Tarjeta,EMP-02,perro agresivo,0
DD-008562,2024-03-06,C-130,Gordo,Guardería,240.0,Tarjeta,EMP-08,requiere cita previa,0
DD-008823,2024-03-06,C-265,Duke,Baño,270.0,Efectivo,EMP-06,descuento aplicado,0
DD-008452,2024-03-06,C-064,Bella,Guardería,210.0,Tarjeta,EMP-06,cliente VIP,1
DD-008476,2024-03-06,C-083,Duke,Guardería,220.0,Efectivo,EMP-08,,0
DD-008875,2024-03-06,C-290,Lola,Baño,270.0,Efectivo,EMP-08,,0
DD-008731,2024-03-06,C-213,Pancho,Guardería,240.0,Efectivo,EMP-08,,0
DD-008364,2024-03-06,C-022,Sammy,Guardería,200.0,Tarjeta,EMP-02,cliente frecuente,1
DD-008458,2024-03-06,C-069,Paloma,Guardería,150.0,Tarjeta,EMP-04,primera visita,1
DD-008460,2024-03-06,C-070,Buddy,Baño,220.0,Tarjeta,EMP-01,descuento aplicado,1
DD-008607,2024-03-06,C-157,Thor,Guardería,150.0,Efectivo,EMP-01,cliente frecuente,0
DD-008909,2024-03-06,C-302,Fifi,Hotel,460.0,Efectivo,EMP-04,,0
DD-008603,2024-03-06,C-155,Nala,Guardería,190.0,Efectivo,EMP-01,perro agresivo,0
DD-008889,2024-03-06,C-295,Chico,Adiestramiento,690.0,Efectivo,EMP-07,,0
DD-008371,2024-03-06,C-025,Lola,Hotel,420.0,Transferencia,EMP-06,,1
DD-008512,2024-03-06,C-104,Rosa,Baño,230.0,Transferencia,EMP-01,perro agresivo,0
DD-008475,2024-03-06,C-082,Zeus,Baño,450.0,Efectivo,EMP-02,perro agresivo,0
DD-008544,2024-03-06,C-120,Duke,Baño,240.0,Tarjeta,EMP-01,,0
DD-008652,2024-03-06,C-177,Princesa,Corte,490.0,Efectivo,EMP-07,cliente frecuente,0
DD-008853,2024-03-06,C-283,Princesa,Baño,380.0,Efectivo,EMP-06,propina incluida,0
DD-008408,2024-03-06,C-047,Gus,Guardería,210.0,Tarjeta,EMP-04,,1
DD-008426,2024-03-06,C-052,Estrella,Baño,260.0,Transferencia,EMP-02,cliente frecuente,1
DD-008433,2024-03-06,C-055,Bear,Guardería,250.0,Tarjeta,EMP-07,perro agresivo,1
DD-008776,2024-03-06,C-236,Frida,Guardería,160.0,Efectivo,EMP-08,,0
DD-008401,2024-03-06,C-042,Nena,Guardería,220.0,Efectivo,EMP-04,,1
DD-008708,2024-03-06,C-202,Tigrillo,Hotel,520.0,Efectivo,EMP-04,,0
DD-008710,2024-03-06,C-203,Princesa,Hotel,510.0,Tarjeta,EMP-01,,0
DD-008361,2024-03-07,C-021,Rocky,Adiestramiento,660.0,Tarjeta,EMP-01,primera visita,1
DD-008578,2024-03-07,C-139,Panda,Guardería,220.0,Transferencia,EMP-08,pago pendiente,0
DD-008532,2024-03-07,C-115,Charlie,Guardería,180.0,Tarjeta,EMP-06,traer vacunas,0
DD-008696,2024-03-07,C-194,Nina,Guardería,190.0,Tarjeta,EMP-04,,0
DD-008799,2024-03-07,C-248,Thor,Guardería,230.0,Tarjeta,EMP-03,,0
DD-008816,2024-03-07,C-258,Lola,Guardería,160.0,Transferencia,EMP-04,,0
DD-008927,2024-03-07,C-309,Boby,Corte,360.0,Tarjeta,EMP-07,,0
DD-008589,2024-03-07,C-144,Rex,Adiestramiento,480.0,Tarjeta,EMP-03,,0
DD-008838,2024-03-07,C-274,Nena,Baño,430.0,Efectivo,EMP-05,,0
DD-008481,2024-03-07,C-086,Gordo,Baño,420.0,Tarjeta,EMP-04,,0
DD-008515,2024-03-07,C-105,Tito,Corte,430.0,Transferencia,EMP-02,propina incluida,0
DD-008553,2024-03-07,C-125,Tigrillo,Baño,200.0,Efectivo,EMP-04,perro agresivo,0
DD-008807,2024-03-07,C-252,Kira,Guardería,200.0,Tarjeta,EMP-05,cliente frecuente,0
DD-008570,2024-03-07,C-134,Luna,Baño,350.0,Tarjeta,EMP-04,requiere cita previa,0
DD-008450,2024-03-07,C-063,Estrella,Baño,230.0,Efectivo,EMP-06,requiere cita previa,1
DD-008628,2024-03-07,C-168,Charlie,Baño,250.0,Transferencia,EMP-06,requiere cita previa,0
DD-008374,2024-03-07,C-026,Mia,Guardería,250.0,Tarjeta,EMP-05,,1
DD-008561,2024-03-07,C-130,Gordo,Guardería,170.0,Tarjeta,EMP-03,descuento aplicado,0
DD-008641,2024-03-07,C-173,Charlie,Adiestramiento,430.0,Efectivo,EMP-06,propina incluida,0
DD-008378,2024-03-07,C-031,Ringo,Baño,240.0,Tarjeta,EMP-05,,1
DD-008850,2024-03-07,C-280,Nena,Corte,470.0,Tarjeta,EMP-08,requiere cita previa,0
DD-008734,2024-03-07,C-214,Gordo,Baño,290.0,Tarjeta,EMP-05,traer vacunas,0
DD-008580,2024-03-08,C-141,Maya,Baño,310.0,Transferencia,EMP-01,propina incluida,0
DD-008793,2024-03-08,C-245,Frida,Guardería,190.0,Efectivo,EMP-01,perro agresivo,0
DD-008551,2024-03-08,C-125,Tigrillo,Baño,320.0,Efectivo,EMP-06,,0
DD-008330,2024-03-08,C-002,Mia,Corte,270.0,Tarjeta,EMP-06,requiere cita previa,1
DD-008893,2024-03-08,C-296,Duke,Guardería,160.0,Efectivo,EMP-08,,0
DD-008945,2024-03-08,C-319,Princesa,Baño,330.0,Efectivo,EMP-06,cliente VIP,0
DD-008847,2024-03-08,C-279,Coco,Corte,320.0,Efectivo,EMP-01,requiere cita previa,0
DD-008808,2024-03-08,C-253,Luna,Baño,400.0,Efectivo,EMP-06,cliente VIP,0
DD-008703,2024-03-08,C-197,Mia,Corte,340.0,Efectivo,EMP-03,,0
DD-008625,2024-03-08,C-167,Coco,Guardería,160.0,Tarjeta,EMP-03,,0
DD-008695,2024-03-08,C-193,Zeus,Guardería,150.0,Efectivo,EMP-03,,0
DD-008837,2024-03-08,C-274,Nena,Corte,370.0,Efectivo,EMP-05,,0
DD-008936,2024-03-08,C-315,Zeus,Hotel,440.0,Efectivo,EMP-07,descuento aplicado,0
DD-008474,2024-03-08,C-082,Zeus,Guardería,160.0,Tarjeta,EMP-02,cliente frecuente,0
DD-008527,2024-03-08,C-110,Pancho,Baño,240.0,Tarjeta,EMP-06,requiere cita previa,0
DD-008601,2024-03-08,C-155,Nala,Corte,490.0,Efectivo,EMP-07,cliente VIP,0
DD-008353,2024-03-08,C-018,Toby,Guardería,170.0,Efectivo,EMP-05,,1
DD-008759,2024-03-08,C-227,Maya,Guardería,230.0,Tarjeta,EMP-07,traer vacunas,0
DD-008351,2024-03-08,C-016,Max,Guardería,190.0,Efectivo,EMP-07,alérgico a champú,1
DD-008611,2024-03-08,C-159,Sultan,Guardería,190.0,Efectivo,EMP-04,cliente frecuente,0
DD-008343,2024-03-08,C-013,Coco,Corte,380.0,Efectivo,EMP-02,,1
DD-008504,2024-03-09,C-098,Ringo,Guardería,160.0,Transferencia,EMP-06,,0
DD-008541,2024-03-09,C-119,Canela,Corte,460.0,Transferencia,EMP-08,requiere cita previa,0
DD-008828,2024-03-09,C-267,Daisy,Corte,340.0,Tarjeta,EMP-08,primera visita,0
DD-008833,2024-03-09,C-272,Boby,Corte,380.0,Efectivo,EMP-02,,0
DD-008773,2024-03-09,C-234,Toby,Baño,420.0,Transferencia,EMP-03,alérgico a champú,0
DD-008732,2024-03-09,C-213,Pancho,Corte,480.0,Tarjeta,EMP-08,,0
DD-008935,2024-03-09,C-315,Zeus,Adiestramiento,780.0,Transferencia,EMP-02,perro agresivo,0
DD-008363,2024-03-09,C-022,Sammy,Corte,410.0,Tarjeta,EMP-04,,1
DD-008506,2024-03-09,C-100,Rosa,Guardería,180.0,Efectivo,EMP-01,propina incluida,0
DD-008897,2024-03-09,C-298,Ringo,Baño,350.0,Tarjeta,EMP-06,descuento aplicado,0
DD-008701,2024-03-09,C-196,Nina,Guardería,160.0,Tarjeta,EMP-04,perro agresivo,0
DD-008899,2024-03-09,C-299,Negro,Baño,280.0,Tarjeta,EMP-05,,0
DD-008335,2024-03-09,C-005,Canela,Guardería,200.0,Tarjeta,EMP-04,cliente VIP,1
DD-008579,2024-03-09,C-141,Maya,Guardería,210.0,Efectivo,EMP-01,,0
DD-008621,2024-03-09,C-164,Gus,Baño,340.0,Transferencia,EMP-04,descuento aplicado,0
DD-008564,2024-03-09,C-131,Sultan,Hotel,550.0,Efectivo,EMP-08,,0
DD-008862,2024-03-09,C-286,Estrella,Guardería,240.0,Tarjeta,EMP-01,requiere cita previa,0
DD-008640,2024-03-09,C-173,Charlie,Guardería,220.0,Tarjeta,EMP-02,cliente frecuente,0
DD-008567,2024-03-09,C-133,Gus,Guardería,190.0,Efectivo,EMP-06,,0
DD-008435,2024-03-09,C-056,Bonita,Guardería,210.0,Transferencia,EMP-01,cliente frecuente,1
DD-008423,2024-03-09,C-051,Simba,Guardería,220.0,Tarjeta,EMP-08,cliente VIP,1
DD-008677,2024-03-09,C-188,Chico,Baño,260.0,Transferencia,EMP-01,requiere cita previa,0
DD-008690,2024-03-09,C-192,Sammy,Corte,290.0,Efectivo,EMP-03,perro agresivo,0
DD-008858,2024-03-09,C-284,Duke,Corte,360.0,Efectivo,EMP-03,descuento aplicado,0
DD-008647,2024-03-10,C-176,Estrella,Hotel,510.0,Efectivo,EMP-08,cliente frecuente,0
DD-008543,2024-03-10,C-120,Duke,Adiestramiento,760.0,Tarjeta,EMP-02,,0
DD-008616,2024-03-10,C-162,Kira,Adiestramiento,440.0,Tarjeta,EMP-02,,0
DD-008819,2024-03-10,C-263,Nena,Baño,410.0,Efectivo,EMP-06,cliente VIP,0
DD-008869,2024-03-10,C-289,Kira,Guardería,230.0,Transferencia,EMP-02,traer vacunas,0
DD-008598,2024-03-10,C-152,Rex,Guardería,190.0,Tarjeta,EMP-02,,0
DD-008787,2024-03-10,C-242,Sammy,Adiestramiento,680.0,Efectivo,EMP-08,cliente frecuente,0
DD-008655,2024-03-10,C-179,Nina,Adiestramiento,420.0,Efectivo,EMP-06,,0
DD-008800,2024-03-10,C-249,Kira,Baño,360.0,Tarjeta,EMP-04,cliente frecuente,0
DD-008931,2024-03-10,C-311,Nala,Hotel,580.0,Tarjeta,EMP-02,descuento aplicado,0
DD-008914,2024-03-10,C-303,Toby,Guardería,210.0,Tarjeta,EMP-08,requiere cita previa,0
DD-008505,2024-03-10,C-100,Rosa,Baño,280.0,Efectivo,EMP-07,perro agresivo,0
DD-008427,2024-03-10,C-053,Buddy,Corte,290.0,Transferencia,EMP-03,descuento aplicado,1
DD-008902,2024-03-10,C-299,Negro,Corte,330.0,Efectivo,EMP-03,traer vacunas,0
DD-008383,2024-03-10,C-033,Max,Guardería,250.0,Tarjeta,EMP-06,propina incluida,1
DD-008912,2024-03-10,C-303,Toby,Guardería,160.0,Efectivo,EMP-01,descuento aplicado,0
DD-008878,2024-03-11,C-291,Blanca,Baño,240.0,Tarjeta,EMP-08,traer vacunas,0
DD-008438,2024-03-11,C-057,Bella,Guardería,160.0,Tarjeta,EMP-04,perro agresivo,1
DD-008389,2024-03-11,C-036,Rex,Baño,380.0,Efectivo,EMP-01,descuento aplicado,1
DD-008565,2024-03-11,C-132,Blanca,Baño,240.0,Tarjeta,EMP-02,primera visita,0
DD-008497,2024-03-11,C-094,Bear,Baño,400.0,Tarjeta,EMP-02,,0
DD-008713,2024-03-11,C-204,Nala,Corte,490.0,Efectivo,EMP-03,cliente frecuente,0
DD-008409,2024-03-11,C-047,Gus,Hotel,570.0,Efectivo,EMP-05,requiere cita previa,1
DD-008554,2024-03-11,C-125,Tigrillo,Baño,260.0,Efectivo,EMP-07,primera visita,0
DD-008482,2024-03-11,C-086,Gordo,Guardería,230.0,Tarjeta,EMP-01,requiere cita previa,0
DD-008386,2024-03-11,C-035,Pancho,Baño,440.0,Efectivo,EMP-07,alérgico a champú,1
DD-008697,2024-03-11,C-195,Rocky,Guardería,220.0,Efectivo,EMP-05,traer vacunas,0
DD-008407,2024-03-11,C-047,Gus,Guardería,180.0,Efectivo,EMP-04,,1
DD-008693,2024-03-11,C-193,Zeus,Guardería,160.0,Tarjeta,EMP-04,cliente frecuente,0
DD-008689,2024-03-11,C-192,Sammy,Guardería,230.0,Efectivo,EMP-08,alérgico a champú,0
DD-008392,2024-03-11,C-038,Buddy,Guardería,180.0,Efectivo,EMP-04,propina incluida,1
DD-008491,2024-03-11,C-090,Coco,Baño,310.0,Efectivo,EMP-06,propina incluida,0
DD-008545,2024-03-11,C-121,Duke,Baño,260.0,Tarjeta,EMP-06,perro agresivo,0
DD-008890,2024-03-11,C-296,Duke,Guardería,240.0,Efectivo,EMP-01,,0
DD-008798,2024-03-11,C-248,Thor,Hotel,390.0,Efectivo,EMP-08,,0
DD-008329,2024-03-11,C-001,Lobo,Guardería,230.0,Efectivo,EMP-01,,1
DD-008626,2024-03-11,C-168,Charlie,Guardería,170.0,Tarjeta,EMP-03,,0
DD-008788,2024-03-11,C-243,Maya,Guardería,180.0,Tarjeta,EMP-08,alérgico a champú,0
DD-008336,2024-03-11,C-006,Thor,Guardería,170.0,Tarjeta,EMP-04,cliente VIP,1
DD-008534,2024-03-11,C-116,Bonita,Guardería,240.0,Transferencia,EMP-03,,0
DD-008344,2024-03-11,C-013,Coco,Baño,200.0,Transferencia,EMP-07,cliente frecuente,1
DD-008683,2024-03-11,C-191,Sammy,Baño,280.0,Efectivo,EMP-08,,0
DD-008586,2024-03-11,C-143,Rex,Hotel,510.0,Tarjeta,EMP-04,traer vacunas,0
DD-008755,2024-03-11,C-223,Sasha,Guardería,200.0,Tarjeta,EMP-02,propina incluida,0
DD-008372,2024-03-11,C-026,Mia,Hotel,520.0,Tarjeta,EMP-08,pago pendiente,1
DD-008636,2024-03-11,C-171,Bear,Guardería,160.0,Tarjeta,EMP-06,alérgico a champú,0
DD-008825,2024-03-11,C-267,Daisy,Corte,260.0,Efectivo,EMP-02,,0
DD-008860,2024-03-11,C-285,Daisy,Baño,410.0,Transferencia,EMP-05,cliente VIP,0
DD-008664,2024-03-12,C-184,Mia,Adiestramiento,490.0,Tarjeta,EMP-01,requiere cita previa,0
DD-008631,2024-03-12,C-170,Frida,Guardería,210.0,Efectivo,EMP-04,descuento aplicado,0
DD-008617,2024-03-12,C-162,Kira,Hotel,420.0,Efectivo,EMP-02,,0
DD-008925,2024-03-12,C-308,Nina,Corte,410.0,Efectivo,EMP-07,primera visita,0
DD-008650,2024-03-12,C-176,Estrella,Corte,480.0,Efectivo,EMP-01,alérgico a champú,0
DD-008854,2024-03-12,C-283,Princesa,Baño,250.0,Tarjeta,EMP-03,descuento aplicado,0
DD-008468,2024-03-12,C-076,Bear,Guardería,230.0,Efectivo,EMP-02,,1
DD-008735,2024-03-12,C-214,Gordo,Guardería,200.0,Tarjeta,EMP-06,,0
DD-008949,2024-03-12,C-320,Negro,Baño,220.0,Tarjeta,EMP-07,primera visita,0
DD-008839,2024-03-12,C-275,Lobo,Corte,290.0,Efectivo,EMP-02,,0
DD-008794,2024-03-12,C-246,Luna,Baño,420.0,Tarjeta,EMP-04,,0
DD-008803,2024-03-12,C-251,Blanca,Corte,430.0,Efectivo,EMP-01,cliente frecuente,0
DD-008402,2024-03-12,C-042,Nena,Guardería,210.0,Tarjeta,EMP-05,,1
DD-008400,2024-03-12,C-042,Nena,Adiestramiento,750.0,Tarjeta,EMP-05,cliente frecuente,1
DD-008393,2024-03-12,C-038,Buddy,Guardería,240.0,Efectivo,EMP-03,,1
DD-008717,2024-03-12,C-207,Ringo,Corte,260.0,Efectivo,EMP-06,perro agresivo,0
DD-008680,2024-03-12,C-189,Zeus,Corte,430.0,Efectivo,EMP-04,,0
DD-008933,2024-03-12,C-312,Bella,Guardería,180.0,Tarjeta,EMP-01,perro agresivo,0
DD-008740,2024-03-12,C-215,Daisy,Baño,370.0,Efectivo,EMP-03,,0
DD-008453,2024-03-13,C-065,Buddy,Guardería,240.0,Efectivo,EMP-05,alérgico a champú,1
DD-008941,2024-03-13,C-317,Beto,Corte,280.0,Tarjeta,EMP-02,cliente frecuente,0
DD-008940,2024-03-13,C-317,Beto,Hotel,560.0,Tarjeta,EMP-07,cliente frecuente,0
DD-008422,2024-03-13,C-051,Simba,Hotel,370.0,Tarjeta,EMP-05,,1
DD-008917,2024-03-13,C-304,Buddy,Guardería,220.0,Tarjeta,EMP-01,pago pendiente,0
DD-008602,2024-03-13,C-155,Nala,Guardería,210.0,Tarjeta,EMP-04,,0
DD-008524,2024-03-13,C-108,Sasha,Corte,380.0,Tarjeta,EMP-05,cliente VIP,0
DD-008688,2024-03-13,C-192,Sammy,Baño,360.0,Transferencia,EMP-04,traer vacunas,0
DD-008851,2024-03-13,C-281,Bear,Corte,470.0,Tarjeta,EMP-01,descuento aplicado,0
DD-008861,2024-03-13,C-285,Daisy,Guardería,240.0,Transferencia,EMP-05,perro agresivo,0
DD-008662,2024-03-13,C-182,Negro,Corte,260.0,Tarjeta,EMP-05,,0
DD-008498,2024-03-13,C-095,Nala,Guardería,160.0,Transferencia,EMP-01,,0
DD-008522,2024-03-13,C-108,Sasha,Baño,230.0,Efectivo,EMP-04,cliente VIP,0
DD-008876,2024-03-13,C-291,Blanca,Guardería,250.0,Efectivo,EMP-04,traer vacunas,0
DD-008700,2024-03-14,C-196,Nina,Guardería,230.0,Tarjeta,EMP-06,pago pendiente,0
DD-008548,2024-03-14,C-122,Pepa,Guardería,170.0,Efectivo,EMP-01,,0
DD-008766,2024-03-14,C-230,Chico,Corte,480.0,Efectivo,EMP-06,pago pendiente,0
DD-008583,2024-03-14,C-142,Estrella,Baño,370.0,Tarjeta,EMP-08,perro agresivo,0
DD-008859,2024-03-14,C-284,Duke,Hotel,570.0,Efectivo,EMP-08,,0
DD-008831,2024-03-14,C-270,Luna,Guardería,160.0,Tarjeta,EMP-04,pago pendiente,0
DD-008916,2024-03-14,C-304,Buddy,Guardería,250.0,Tarjeta,EMP-05,traer vacunas,0
DD-008558,2024-03-14,C-128,Chico,Hotel,600.0,Transferencia,EMP-01,,0
DD-008419,2024-03-14,C-050,Max,Hotel,580.0,Tarjeta,EMP-02,cliente frecuente,1
DD-008660,2024-03-14,C-180,Buddy,Baño,410.0,Transferencia,EMP-07,,0
DD-008576,2024-03-14,C-138,Bear,Baño,240.0,Efectivo,EMP-02,alérgico a champú,0
DD-008540,2024-03-14,C-119,Canela,Baño,370.0,Efectivo,EMP-08,perro agresivo,0
DD-008542,2024-03-14,C-119,Canela,Corte,280.0,Efectivo,EMP-06,descuento aplicado,0
DD-008536,2024-03-14,C-116,Bonita,Corte,300.0,Efectivo,EMP-06,,0
DD-008692,2024-03-14,C-193,Zeus,Guardería,180.0,Efectivo,EMP-08,primera visita,0
DD-008845,2024-03-14,C-278,Estrella,Hotel,510.0,Tarjeta,EMP-05,pago pendiente,0
DD-008785,2024-03-14,C-241,Canela,Guardería,220.0,Tarjeta,EMP-04,,0
DD-008704,2024-03-14,C-197,Mia,Guardería,180.0,Transferencia,EMP-05,pago pendiente,0
DD-008469,2024-03-14,C-078,Kira,Adiestramiento,620.0,Tarjeta,EMP-07,alérgico a champú,1
DD-008333,2024-03-15,C-004,Paloma,Hotel,540.0,Efectivo,EMP-06,cliente VIP,1
DD-008810,2024-03-15,C-255,Frida,Guardería,190.0,Efectivo,EMP-05,,0
DD-008627,2024-03-15,C-168,Charlie,Corte,300.0,Efectivo,EMP-07,requiere cita previa,0
DD-008388,2024-03-15,C-036,Rex,Adiestramiento,510.0,Efectivo,EMP-02,propina incluida,1
DD-008454,2024-03-15,C-065,Buddy,Hotel,440.0,Efectivo,EMP-01,,1
DD-008932,2024-03-15,C-311,Nala,Guardería,220.0,Efectivo,EMP-05,requiere cita previa,0
DD-008456,2024-03-15,C-067,Bonita,Corte,280.0,Tarjeta,EMP-06,alérgico a champú,1
DD-008342,2024-03-15,C-013,Coco,Hotel,570.0,Efectivo,EMP-01,pago pendiente,1
DD-008502,2024-03-15,C-098,Ringo,Guardería,160.0,Tarjeta,EMP-01,,0
DD-008943,2024-03-15,C-318,Negro,Baño,380.0,Tarjeta,EMP-06,propina incluida,0
DD-008937,2024-03-15,C-315,Zeus,Hotel,430.0,Transferencia,EMP-06,primera visita,0
DD-008437,2024-03-15,C-057,Bella,Baño,300.0,Efectivo,EMP-03,propina incluida,1
DD-008483,2024-03-15,C-087,Sasha,Guardería,240.0,Efectivo,EMP-02,,0
DD-008666,2024-03-15,C-185,Toby,Baño,200.0,Efectivo,EMP-07,cliente VIP,0
DD-008874,2024-03-16,C-290,Lola,Guardería,220.0,Efectivo,EMP-03,traer vacunas,0
DD-008605,2024-03-16,C-156,Beto,Guardería,160.0,Tarjeta,EMP-04,descuento aplicado,0
DD-008394,2024-03-16,C-039,Tigrillo,Hotel,410.0,Efectivo,EMP-02,traer vacunas,1
DD-008753,2024-03-16,C-222,Canela,Baño,330.0,Efectivo,EMP-01,traer vacunas,0
DD-008429,2024-03-16,C-054,Mia,Baño,440.0,Tarjeta,EMP-07,pago pendiente,1
DD-008490,2024-03-16,C-089,Panda,Guardería,170.0,Transferencia,EMP-07,alérgico a champú,0
DD-008466,2024-03-16,C-074,Fifi,Guardería,250.0,Efectivo,EMP-02,pago pendiente,1
DD-008934,2024-03-16,C-314,Blanca,Hotel,430.0,Transferencia,EMP-05,primera visita,0
DD-008585,2024-03-16,C-143,Rex,Guardería,250.0,Efectivo,EMP-06,perro agresivo,0
DD-008462,2024-03-16,C-072,Chico,Guardería,230.0,Efectivo,EMP-03,,1
DD-008848,2024-03-16,C-280,Nena,Guardería,230.0,Tarjeta,EMP-07,,0
DD-008510,2024-03-16,C-104,Rosa,Guardería,220.0,Efectivo,EMP-03,,0
DD-008834,2024-03-16,C-272,Boby,Baño,350.0,Efectivo,EMP-06,cliente frecuente,0
DD-008761,2024-03-16,C-229,Bella,Guardería,180.0,Efectivo,EMP-06,,0
DD-008706,2024-03-16,C-198,Chato,Hotel,450.0,Transferencia,EMP-01,,0
DD-008629,2024-03-16,C-169,Gordo,Guardería,220.0,Tarjeta,EMP-07,,0
DD-008608,2024-03-16,C-158,Negro,Adiestramiento,550.0,Efectivo,EMP-02,cliente VIP,0
DD-008844,2024-03-16,C-278,Estrella,Hotel,380.0,Efectivo,EMP-04,pago pendiente,0
DD-008556,2024-03-16,C-127,Beto,Baño,300.0,Efectivo,EMP-03,cliente frecuente,0
DD-008381,2024-03-16,C-032,Tito,Corte,490.0,Transferencia,EMP-04,primera visita,1
DD-008367,2024-03-17,C-023,Tito,Corte,480.0,Efectivo,EMP-07,requiere cita previa,1
DD-008592,2024-03-17,C-147,Rex,Guardería,220.0,Efectivo,EMP-05,cliente VIP,0
DD-008572,2024-03-17,C-135,Bella,Guardería,230.0,Efectivo,EMP-04,pago pendiente,0
DD-008599,2024-03-17,C-152,Rex,Baño,430.0,Tarjeta,EMP-07,requiere cita previa,0
DD-008791,2024-03-17,C-244,Coco,Guardería,200.0,Transferencia,EMP-08,perro agresivo,0
DD-008511,2024-03-17,C-104,Rosa,Guardería,200.0,Tarjeta,EMP-04,,0
DD-008730,2024-03-17,C-213,Pancho,Guardería,240.0,Tarjeta,EMP-02,cliente VIP,0
DD-008552,2024-03-17,C-125,Tigrillo,Guardería,150.0,Transferencia,EMP-01,,0
DD-008455,2024-03-17,C-065,Buddy,Guardería,180.0,Transferencia,EMP-08,requiere cita previa,1
DD-008447,2024-03-17,C-060,Lobo,Baño,450.0,Tarjeta,EMP-02,perro agresivo,1
DD-008733,2024-03-17,C-213,Pancho,Hotel,490.0,Transferencia,EMP-04,pago pendiente,0
DD-008822,2024-03-17,C-265,Duke,Corte,460.0,Efectivo,EMP-08,,0
DD-008350,2024-03-17,C-016,Max,Corte,450.0,Tarjeta,EMP-07,,1
DD-008813,2024-03-17,C-257,Canela,Baño,380.0,Tarjeta,EMP-02,,0
DD-008509,2024-03-17,C-103,Panda,Baño,400.0,Tarjeta,EMP-06,,0
DD-008857,2024-03-17,C-284,Duke,Hotel,540.0,Tarjeta,EMP-01,descuento aplicado,0
DD-008903,2024-03-17,C-299,Negro,Guardería,210.0,Transferencia,EMP-01,,0
DD-008486,2024-03-17,C-088,Simba,Guardería,200.0,Tarjeta,EMP-04,,0
DD-008446,2024-03-17,C-060,Lobo,Corte,270.0,Tarjeta,EMP-08,cliente VIP,1
DD-008470,2024-03-18,C-078,Kira,Guardería,240.0,Tarjeta,EMP-05,primera visita,1
DD-008885,2024-03-18,C-295,Chico,Baño,400.0,Efectivo,EMP-06,alérgico a champú,0
DD-008842,2024-03-18,C-277,Panda,Baño,380.0,Efectivo,EMP-01,cliente VIP,0
DD-008879,2024-03-18,C-291,Blanca,Guardería,180.0,Transferencia,EMP-06,,0
DD-008439,2024-03-18,C-057,Bella,Guardería,220.0,Efectivo,EMP-01,,1
DD-008431,2024-03-18,C-054,Mia,Guardería,240.0,Tarjeta,EMP-02,,1
DD-008590,2024-03-18,C-144,Rex,Guardería,160.0,Efectivo,EMP-05,,0
DD-008622,2024-03-18,C-166,Boby,Corte,350.0,Efectivo,EMP-07,,0
DD-008911,2024-03-18,C-303,Toby,Guardería,190.0,Efectivo,EMP-03,primera visita,0
DD-008624,2024-03-18,C-166,Boby,Corte,410.0,Efectivo,EMP-03,perro agresivo,0
DD-008472,2024-03-18,C-079,Charlie,Baño,260.0,Efectivo,EMP-05,,1
DD-008767,2024-03-18,C-231,Fifi,Corte,440.0,Efectivo,EMP-01,perro agresivo,0
DD-008777,2024-03-18,C-236,Frida,Guardería,150.0,Tarjeta,EMP-05,cliente frecuente,0
DD-008867,2024-03-18,C-288,Boby,Guardería,220.0,Efectivo,EMP-08,,0
DD-008904,2024-03-18,C-301,Gus,Baño,230.0,Tarjeta,EMP-05,propina incluida,0
DD-008358,2024-03-18,C-020,Fifi,Corte,420.0,Tarjeta,EMP-01,traer vacunas,1
DD-008593,2024-03-18,C-147,Rex,Baño,300.0,Transferencia,EMP-06,,0
DD-008362,2024-03-18,C-021,Rocky,Baño,440.0,Tarjeta,EMP-08,traer vacunas,1
DD-008747,2024-03-18,C-219,Nina,Hotel,530.0,Tarjeta,EMP-04,,0
DD-008919,2024-03-18,C-305,Paloma,Guardería,170.0,Efectivo,EMP-04,,0
DD-008908,2024-03-18,C-302,Fifi,Guardería,210.0,Efectivo,EMP-01,,0
DD-008338,2024-03-18,C-007,Tito,Guardería,220.0,Tarjeta,EMP-07,primera visita,1
DD-008946,2024-03-19,C-319,Princesa,Guardería,220.0,Tarjeta,EMP-03,primera visita,0
DD-008806,2024-03-19,C-251,Blanca,Baño,390.0,Efectivo,EMP-04,pago pendiente,0
DD-008716,2024-03-19,C-206,Simba,Corte,350.0,Efectivo,EMP-05,,0
DD-008745,2024-03-19,C-219,Nina,Baño,380.0,Efectivo,EMP-01,perro agresivo,0
DD-008723,2024-03-19,C-210,Max,Guardería,160.0,Tarjeta,EMP-02,cliente VIP,0
DD-008756,2024-03-19,C-223,Sasha,Baño,230.0,Tarjeta,EMP-01,perro agresivo,0
DD-008886,2024-03-19,C-295,Chico,Guardería,160.0,Tarjeta,EMP-05,propina incluida,0
DD-008499,2024-03-19,C-095,Nala,Hotel,520.0,Efectivo,EMP-04,primera visita,0
DD-008494,2024-03-19,C-093,Thor,Corte,270.0,Transferencia,EMP-04,requiere cita previa,0
DD-008595,2024-03-19,C-150,Duke,Adiestramiento,740.0,Efectivo,EMP-08,pago pendiente,0
DD-008560,2024-03-19,C-130,Gordo,Baño,350.0,Efectivo,EMP-06,alérgico a champú,0
DD-008865,2024-03-19,C-288,Boby,Guardería,200.0,Efectivo,EMP-05,propina incluida,0
DD-008615,2024-03-19,C-161,Chispa,Corte,290.0,Efectivo,EMP-07,traer vacunas,0
DD-008929,2024-03-19,C-310,Paloma,Guardería,190.0,Efectivo,EMP-02,,0
DD-008588,2024-03-19,C-144,Rex,Baño,380.0,Efectivo,EMP-01,propina incluida,0
DD-008485,2024-03-19,C-088,Simba,Guardería,170.0,Efectivo,EMP-05,alérgico a champú,0
DD-008477,2024-03-19,C-084,Pancho,Guardería,160.0,Efectivo,EMP-01,traer vacunas,0
DD-008635,2024-03-19,C-171,Bear,Guardería,190.0,Tarjeta,EMP-06,,0
DD-008634,2024-03-19,C-171,Bear,Adiestramiento,670.0,Tarjeta,EMP-05,,0
DD-008686,2024-03-19,C-191,Sammy,Adiestramiento,570.0,Transferencia,EMP-03,requiere cita previa,0
DD-008913,2024-03-19,C-303,Toby,Guardería,250.0,Efectivo,EMP-08,perro agresivo,0
DD-008399,2024-03-20,C-041,Tigrillo,Guardería,160.0,Tarjeta,EMP-03,perro agresivo,1
DD-008620,2024-03-20,C-164,Gus,Hotel,350.0,Efectivo,EMP-08,,0
DD-008769,2024-03-20,C-232,Thor,Corte,320.0,Tarjeta,EMP-04,propina incluida,0
DD-008348,2024-03-20,C-014,Nena,Guardería,180.0,Efectivo,EMP-02,cliente VIP,1
DD-008665,2024-03-20,C-185,Toby,Hotel,580.0,Tarjeta,EMP-07,cliente VIP,0
DD-008349,2024-03-20,C-014,Nena,Guardería,230.0,Tarjeta,EMP-02,,1
DD-008339,2024-03-20,C-008,Boby,Baño,280.0,Tarjeta,EMP-01,,1
DD-008658,2024-03-20,C-180,Buddy,Guardería,240.0,Tarjeta,EMP-07,pago pendiente,0
DD-008537,2024-03-20,C-116,Bonita,Corte,420.0,Tarjeta,EMP-02,traer vacunas,0
DD-008654,2024-03-20,C-179,Nina,Corte,410.0,Tarjeta,EMP-08,descuento aplicado,0
DD-008445,2024-03-20,C-060,Lobo,Corte,290.0,Tarjeta,EMP-06,,1
DD-008644,2024-03-20,C-175,Panda,Guardería,160.0,Tarjeta,EMP-04,,0
DD-008473,2024-03-20,C-080,Luna,Baño,330.0,Efectivo,EMP-06,propina incluida,1
DD-008357,2024-03-20,C-020,Fifi,Baño,280.0,Transferencia,EMP-08,,1
DD-008726,2024-03-20,C-211,Lobo,Corte,250.0,Efectivo,EMP-03,traer vacunas,0
DD-008836,2024-03-20,C-273,Nena,Guardería,160.0,Transferencia,EMP-03,descuento aplicado,0
DD-008398,2024-03-20,C-041,Tigrillo,Guardería,240.0,Tarjeta,EMP-08,,1
DD-008404,2024-03-20,C-043,Luna,Guardería,230.0,Transferencia,EMP-06,cliente frecuente,1
DD-008797,2024-03-20,C-247,Rosa,Baño,280.0,Tarjeta,EMP-05,perro agresivo,0
DD-008328,2024-03-20,C-001,Lobo,Guardería,210.0,Efectivo,EMP-08,cliente VIP,1
DD-008691,2024-03-20,C-193,Zeus,Guardería,210.0,Tarjeta,EMP-08,propina incluida,0
DD-008488,2024-03-20,C-088,Simba,Hotel,520.0,Tarjeta,EMP-07,,0
DD-008391,2024-03-20,C-038,Buddy,Guardería,150.0,Transferencia,EMP-04,,1
DD-008645,2024-03-20,C-175,Panda,Guardería,230.0,Efectivo,EMP-03,,0
DD-008549,2024-03-20,C-122,Pepa,Adiestramiento,620.0,Efectivo,EMP-04,pago pendiente,0
DD-008910,2024-03-20,C-302,Fifi,Hotel,550.0,Transferencia,EMP-06,cliente VIP,0
DD-008568,2024-03-20,C-133,Gus,Guardería,230.0,Tarjeta,EMP-08,,0
DD-008840,2024-03-20,C-275,Lobo,Guardería,180.0,Efectivo,EMP-02,perro agresivo,0
DD-008687,2024-03-20,C-192,Sammy,Baño,230.0,Transferencia,EMP-07,,0
DD-008467,2024-03-21,C-076,Bear,Guardería,180.0,Efectivo,EMP-02,cliente frecuente,1
DD-008516,2024-03-21,C-106,Charlie,Guardería,240.0,Transferencia,EMP-03,alérgico a champú,0
DD-008944,2024-03-21,C-318,Negro,Corte,330.0,Tarjeta,EMP-06,,0
DD-008600,2024-03-21,C-153,Chato,Guardería,230.0,Tarjeta,EMP-07,,0
DD-008604,2024-03-21,C-155,Nala,Baño,240.0,Transferencia,EMP-04,cliente frecuente,0
DD-008352,2024-03-21,C-017,Canela,Guardería,190.0,Tarjeta,EMP-07,pago pendiente,1
DD-008815,2024-03-21,C-258,Lola,Corte,390.0,Tarjeta,EMP-04,requiere cita previa,0
DD-008795,2024-03-21,C-247,Rosa,Guardería,180.0,Efectivo,EMP-06,alérgico a champú,0
DD-008521,2024-03-21,C-108,Sasha,Hotel,400.0,Tarjeta,EMP-06,,0
DD-008471,2024-03-21,C-078,Kira,Corte,260.0,Efectivo,EMP-08,,1
DD-008779,2024-03-21,C-237,Tito,Adiestramiento,410.0,Transferencia,EMP-07,traer vacunas,0
DD-008751,2024-03-21,C-221,Beto,Guardería,220.0,Tarjeta,EMP-08,pago pendiente,0
DD-008403,2024-03-21,C-042,Nena,Guardería,180.0,Efectivo,EMP-05,perro agresivo,1
DD-008412,2024-03-21,C-048,Buddy,Baño,240.0,Tarjeta,EMP-08,,1
DD-008569,2024-03-21,C-134,Luna,Baño,370.0,Efectivo,EMP-07,traer vacunas,0
DD-008373,2024-03-21,C-026,Mia,Baño,430.0,Tarjeta,EMP-02,,1
DD-008382,2024-03-21,C-033,Max,Guardería,200.0,Tarjeta,EMP-07,perro agresivo,1
DD-008685,2024-03-21,C-191,Sammy,Guardería,190.0,Efectivo,EMP-05,,0
DD-008573,2024-03-21,C-136,Simba,Baño,260.0,Efectivo,EMP-01,alérgico a champú,0
DD-008436,2024-03-21,C-056,Bonita,Corte,430.0,Tarjeta,EMP-08,,1
DD-008563,2024-03-21,C-130,Gordo,Baño,330.0,Tarjeta,EMP-05,alérgico a champú,0
DD-008744,2024-03-21,C-219,Nina,Adiestramiento,470.0,Tarjeta,EMP-06,alérgico a champú,0
DD-008417,2024-03-21,C-050,Max,Corte,270.0,Efectivo,EMP-01,pago pendiente,1
DD-008387,2024-03-22,C-036,Rex,Baño,430.0,Transferencia,EMP-07,,1
DD-008721,2024-03-22,C-209,Manchas,Baño,270.0,Efectivo,EMP-01,requiere cita previa,0
DD-008610,2024-03-22,C-159,Sultan,Hotel,390.0,Efectivo,EMP-08,primera visita,0
DD-008533,2024-03-22,C-115,Charlie,Guardería,180.0,Transferencia,EMP-08,perro agresivo,0
DD-008709,2024-03-22,C-202,Tigrillo,Corte,440.0,Tarjeta,EMP-08,cliente VIP,0
DD-008830,2024-03-22,C-268,Nala,Guardería,170.0,Efectivo,EMP-08,traer vacunas,0
DD-008614,2024-03-22,C-160,Boby,Guardería,220.0,Tarjeta,EMP-08,,0
DD-008489,2024-03-22,C-089,Panda,Baño,400.0,Efectivo,EMP-03,propina incluida,0
DD-008415,2024-03-22,C-050,Max,Guardería,250.0,Tarjeta,EMP-04,,1
DD-008571,2024-03-22,C-134,Luna,Guardería,160.0,Efectivo,EMP-07,alérgico a champú,0
DD-008653,2024-03-22,C-177,Princesa,Corte,310.0,Tarjeta,EMP-06,,0
DD-008421,2024-03-22,C-051,Simba,Adiestramiento,460.0,Efectivo,EMP-07,,1
DD-008377,2024-03-22,C-029,Gus,Guardería,190.0,Efectivo,EMP-02,requiere cita previa,1
DD-008741,2024-03-22,C-216,Bonita,Baño,420.0,Efectivo,EMP-07,pago pendiente,0
DD-008449,2024-03-22,C-062,Zeus,Guardería,220.0,Transferencia,EMP-01,,1
DD-008530,2024-03-23,C-114,Rocky,Adiestramiento,750.0,Transferencia,EMP-03,alérgico a champú,0
DD-008748,2024-03-23,C-219,Nina,Guardería,150.0,Tarjeta,EMP-08,propina incluida,0
DD-008487,2024-03-23,C-088,Simba,Hotel,570.0,Transferencia,EMP-06,primera visita,0
DD-008896,2024-03-23,C-298,Ringo,Hotel,410.0,Transferencia,EMP-02,primera visita,0
DD-008760,2024-03-23,C-228,Sasha,Guardería,230.0,Efectivo,EMP-01,,0
DD-008812,2024-03-23,C-257,Canela,Guardería,200.0,Tarjeta,EMP-07,,0
DD-008891,2024-03-23,C-296,Duke,Hotel,530.0,Transferencia,EMP-01,descuento aplicado,0
DD-008707,2024-03-23,C-200,Paloma,Baño,430.0,Efectivo,EMP-01,propina incluida,0
DD-008782,2024-03-23,C-238,Max,Guardería,190.0,Tarjeta,EMP-07,alérgico a champú,0
DD-008500,2024-03-23,C-096,Chato,Hotel,400.0,Transferencia,EMP-07,primera visita,0
DD-008930,2024-03-23,C-310,Paloma,Hotel,540.0,Tarjeta,EMP-08,descuento aplicado,0
DD-008346,2024-03-23,C-014,Nena,Hotel,400.0,Tarjeta,EMP-06,,1
DD-008596,2024-03-23,C-151,Rocky,Guardería,230.0,Efectivo,EMP-05,primera visita,0
DD-008341,2024-03-23,C-010,Maya,Corte,380.0,Efectivo,EMP-07,traer vacunas,1
DD-008457,2024-03-23,C-067,Bonita,Hotel,470.0,Tarjeta,EMP-05,primera visita,1
DD-008520,2024-03-23,C-106,Charlie,Guardería,230.0,Transferencia,EMP-07,,0
DD-008484,2024-03-23,C-087,Sasha,Baño,250.0,Tarjeta,EMP-04,traer vacunas,0
DD-008926,2024-03-24,C-309,Boby,Baño,370.0,Transferencia,EMP-08,alérgico a champú,0
DD-008843,2024-03-24,C-278,Estrella,Adiestramiento,600.0,Efectivo,EMP-02,cliente frecuente,0
DD-008855,2024-03-24,C-283,Princesa,Baño,450.0,Tarjeta,EMP-02,perro agresivo,0
DD-008849,2024-03-24,C-280,Nena,Guardería,220.0,Efectivo,EMP-07,cliente frecuente,0
DD-008804,2024-03-24,C-251,Blanca,Baño,230.0,Transferencia,EMP-05,cliente frecuente,0
DD-008643,2024-03-24,C-175,Panda,Guardería,220.0,Efectivo,EMP-01,,0
DD-008718,2024-03-24,C-207,Ringo,Adiestramiento,710.0,Tarjeta,EMP-07,,0
DD-008555,2024-03-24,C-127,Beto,Baño,240.0,Efectivo,EMP-08,,0
DD-008719,2024-03-24,C-208,Coco,Corte,460.0,Transferencia,EMP-08,primera visita,0
DD-008675,2024-03-24,C-188,Chico,Hotel,380.0,Efectivo,EMP-07,alérgico a champú,0
DD-008764,2024-03-24,C-230,Chico,Hotel,560.0,Efectivo,EMP-04,,0
DD-008768,2024-03-24,C-231,Fifi,Guardería,210.0,Tarjeta,EMP-08,traer vacunas,0
DD-008582,2024-03-24,C-141,Maya,Baño,400.0,Tarjeta,EMP-07,pago pendiente,0
DD-008575,2024-03-24,C-137,Sasha,Guardería,240.0,Tarjeta,EMP-01,requiere cita previa,0
DD-008667,2024-03-24,C-185,Toby,Adiestramiento,700.0,Efectivo,EMP-02,,0
DD-008784,2024-03-24,C-241,Canela,Baño,270.0,Transferencia,EMP-03,,0
DD-008501,2024-03-24,C-097,Bella,Guardería,200.0,Efectivo,EMP-02,,0
DD-008668,2024-03-24,C-186,Frida,Corte,490.0,Tarjeta,EMP-03,,0
DD-008651,2024-03-25,C-177,Princesa,Baño,300.0,Efectivo,EMP-06,,0
DD-008642,2024-03-25,C-173,Charlie,Baño,420.0,Tarjeta,EMP-03,,0
DD-008826,2024-03-25,C-267,Daisy,Corte,400.0,Efectivo,EMP-08,pago pendiente,0
DD-008529,2024-03-25,C-112,Princesa,Baño,420.0,Tarjeta,EMP-03,,0
DD-008375,2024-03-25,C-028,Princesa,Corte,330.0,Transferencia,EMP-04,,1
DD-008360,2024-03-25,C-021,Rocky,Guardería,210.0,Efectivo,EMP-04,descuento aplicado,1
DD-008623,2024-03-25,C-166,Boby,Guardería,170.0,Efectivo,EMP-05,cliente VIP,0
DD-008724,2024-03-25,C-210,Max,Corte,330.0,Efectivo,EMP-07,,0
DD-008881,2024-03-25,C-293,Blanca,Guardería,240.0,Efectivo,EMP-06,propina incluida,0
DD-008827,2024-03-25,C-267,Daisy,Baño,410.0,Efectivo,EMP-03,perro agresivo,0
DD-008345,2024-03-25,C-014,Nena,Corte,450.0,Efectivo,EMP-01,,1
DD-008678,2024-03-25,C-188,Chico,Baño,340.0,Tarjeta,EMP-07,cliente VIP,0
DD-008609,2024-03-25,C-158,Negro,Adiestramiento,450.0,Tarjeta,EMP-01,requiere cita previa,0
DD-008948,2024-03-25,C-320,Negro,Baño,360.0,Efectivo,EMP-08,descuento aplicado,0
DD-008774,2024-03-25,C-234,Toby,Guardería,230.0,Efectivo,EMP-06,,0
DD-008820,2024-03-25,C-264,Sultan,Corte,270.0,Efectivo,EMP-05,pago pendiente,0
DD-008814,2024-03-25,C-257,Canela,Guardería,180.0,Tarjeta,EMP-03,requiere cita previa,0
DD-008942,2024-03-25,C-318,Negro,Baño,280.0,Tarjeta,EMP-03,descuento aplicado,0
DD-008746,2024-03-25,C-219,Nina,Guardería,240.0,Transferencia,EMP-03,,0
DD-008789,2024-03-25,C-243,Maya,Corte,400.0,Tarjeta,EMP-05,propina incluida,0
DD-008479,2024-03-26,C-085,Beto,Guardería,190.0,Tarjeta,EMP-04,cliente VIP,0
DD-008478,2024-03-26,C-084,Pancho,Adiestramiento,600.0,Tarjeta,EMP-05,descuento aplicado,0
DD-008786,2024-03-26,C-241,Canela,Baño,330.0,Efectivo,EMP-05,,0
DD-008783,2024-03-26,C-238,Max,Hotel,480.0,Efectivo,EMP-02,propina incluida,0
DD-008792,2024-03-26,C-245,Frida,Guardería,250.0,Efectivo,EMP-04,,0
DD-008463,2024-03-26,C-072,Chico,Baño,210.0,Tarjeta,EMP-08,,1
DD-008459,2024-03-26,C-070,Buddy,Hotel,410.0,Efectivo,EMP-05,propina incluida,1
DD-008587,2024-03-26,C-143,Rex,Hotel,490.0,Efectivo,EMP-01,,0
DD-008809,2024-03-26,C-255,Frida,Corte,290.0,Tarjeta,EMP-04,cliente VIP,0
DD-008771,2024-03-26,C-233,Manchas,Adiestramiento,790.0,Efectivo,EMP-01,alérgico a champú,0
DD-008464,2024-03-26,C-073,Max,Guardería,200.0,Efectivo,EMP-06,cliente VIP,1
DD-008739,2024-03-26,C-215,Daisy,Guardería,190.0,Efectivo,EMP-06,alérgico a champú,0
DD-008712,2024-03-26,C-204,Nala,Baño,300.0,Transferencia,EMP-08,primera visita,0
DD-008829,2024-03-26,C-267,Daisy,Baño,440.0,Tarjeta,EMP-08,perro agresivo,0
DD-008385,2024-03-26,C-035,Pancho,Guardería,210.0,Tarjeta,EMP-04,primera visita,1
DD-008894,2024-03-26,C-296,Duke,Baño,270.0,Tarjeta,EMP-03,primera visita,0
DD-008682,2024-03-26,C-190,Beto,Hotel,350.0,Tarjeta,EMP-01,,0
DD-008525,2024-03-26,C-108,Sasha,Baño,360.0,Efectivo,EMP-03,,0
DD-008376,2024-03-26,C-028,Princesa,Guardería,220.0,Tarjeta,EMP-04,alérgico a champú,1
DD-008757,2024-03-26,C-224,Zeus,Guardería,210.0,Efectivo,EMP-04,descuento aplicado,0
DD-008337,2024-03-26,C-007,Tito,Baño,300.0,Tarjeta,EMP-02,perro agresivo,1
DD-008406,2024-03-26,C-044,Tigrillo,Guardería,180.0,Efectivo,EMP-02,alérgico a champú,1
DD-008715,2024-03-26,C-205,Pepa,Adiestramiento,600.0,Tarjeta,EMP-03,cliente VIP,0
DD-008480,2024-03-26,C-086,Gordo,Guardería,220.0,Efectivo,EMP-02,cliente VIP,0
DD-008754,2024-03-26,C-222,Canela,Guardería,200.0,Efectivo,EMP-03,,0
DD-008340,2024-03-26,C-009,Rosa,Guardería,220.0,Efectivo,EMP-01,traer vacunas,1
DD-008492,2024-03-27,C-092,Rocky,Baño,310.0,Efectivo,EMP-02,descuento aplicado,0
DD-008606,2024-03-27,C-156,Beto,Guardería,210.0,Efectivo,EMP-06,,0
DD-008526,2024-03-27,C-109,Lobo,Corte,460.0,Efectivo,EMP-08,,0
DD-008873,2024-03-27,C-290,Lola,Guardería,200.0,Efectivo,EMP-04,primera visita,0
DD-008528,2024-03-27,C-112,Princesa,Baño,370.0,Transferencia,EMP-03,cliente VIP,0
DD-008898,2024-03-27,C-298,Ringo,Corte,260.0,Tarjeta,EMP-07,,0
DD-008901,2024-03-27,C-299,Negro,Baño,380.0,Efectivo,EMP-04,,0
DD-008877,2024-03-27,C-291,Blanca,Guardería,240.0,Efectivo,EMP-06,,0
DD-008790,2024-03-27,C-243,Maya,Corte,390.0,Tarjeta,EMP-08,,0
DD-008637,2024-03-27,C-171,Bear,Baño,330.0,Efectivo,EMP-06,descuento aplicado,0
DD-008465,2024-03-27,C-074,Fifi,Guardería,250.0,Transferencia,EMP-01,perro agresivo,1
DD-008656,2024-03-27,C-179,Nina,Adiestramiento,460.0,Efectivo,EMP-04,perro agresivo,0
DD-008758,2024-03-27,C-226,Chispa,Corte,340.0,Tarjeta,EMP-05,,0
DD-008738,2024-03-27,C-215,Daisy,Adiestramiento,400.0,Tarjeta,EMP-06,alérgico a champú,0
DD-008442,2024-03-27,C-058,Gordo,Baño,230.0,Efectivo,EMP-04,traer vacunas,1
DD-008441,2024-03-27,C-058,Gordo,Baño,270.0,Efectivo,EMP-06,cliente frecuente,1
DD-008613,2024-03-27,C-160,Boby,Guardería,220.0,Efectivo,EMP-02,descuento aplicado,0
DD-008380,2024-03-27,C-032,Tito,Baño,210.0,Tarjeta,EMP-07,primera visita,1
DD-008359,2024-03-27,C-020,Fifi,Guardería,170.0,Efectivo,EMP-05,descuento aplicado,1
DD-008355,2024-03-27,C-019,Canela,Guardería,160.0,Efectivo,EMP-06,requiere cita previa,1
DD-008905,2024-03-28,C-301,Gus,Guardería,220.0,Tarjeta,EMP-05,,0
DD-008918,2024-03-28,C-305,Paloma,Guardería,230.0,Efectivo,EMP-06,,0
DD-008444,2024-03-28,C-059,Pepa,Baño,430.0,Tarjeta,EMP-07,perro agresivo,1
DD-008448,2024-03-28,C-061,Toby,Guardería,160.0,Efectivo,EMP-03,primera visita,1
DD-008939,2024-03-28,C-316,Nina,Hotel,580.0,Tarjeta,EMP-05,,0
DD-008547,2024-03-28,C-122,Pepa,Adiestramiento,780.0,Transferencia,EMP-02,primera visita,0
DD-008331,2024-03-28,C-002,Mia,Corte,410.0,Transferencia,EMP-04,requiere cita previa,1
DD-008866,2024-03-28,C-288,Boby,Guardería,150.0,Tarjeta,EMP-08,,0
DD-008646,2024-03-28,C-175,Panda,Baño,340.0,Efectivo,EMP-06,requiere cita previa,0
DD-008868,2024-03-28,C-288,Boby,Guardería,240.0,Tarjeta,EMP-08,primera visita,0
DD-008648,2024-03-28,C-176,Estrella,Guardería,230.0,Efectivo,EMP-06,requiere cita previa,0
DD-008841,2024-03-28,C-277,Panda,Guardería,190.0,Tarjeta,EMP-07,descuento aplicado,0
DD-008574,2024-03-28,C-137,Sasha,Guardería,190.0,Efectivo,EMP-05,propina incluida,0
DD-008638,2024-03-28,C-171,Bear,Baño,390.0,Tarjeta,EMP-03,propina incluida,0
DD-008729,2024-03-28,C-213,Pancho,Guardería,240.0,Tarjeta,EMP-01,,0
DD-008725,2024-03-28,C-210,Max,Hotel,370.0,Tarjeta,EMP-02,,0
DD-008821,2024-03-28,C-264,Sultan,Guardería,220.0,Efectivo,EMP-02,perro agresivo,0
DD-008817,2024-03-28,C-261,Sultan,Baño,260.0,Efectivo,EMP-04,pago pendiente,0
DD-008670,2024-03-28,C-186,Frida,Corte,380.0,Efectivo,EMP-06,pago pendiente,0
DD-008671,2024-03-28,C-187,Simba,Guardería,180.0,Efectivo,EMP-02,requiere cita previa,0
DD-008846,2024-03-28,C-278,Estrella,Adiestramiento,700.0,Transferencia,EMP-08,,0
DD-008884,2024-03-28,C-294,Rex,Adiestramiento,520.0,Efectivo,EMP-02,traer vacunas,0
DD-008669,2024-03-28,C-186,Frida,Guardería,220.0,Efectivo,EMP-01,,0
DD-008698,2024-03-28,C-195,Rocky,Adiestramiento,590.0,Transferencia,EMP-08,,0
DD-008411,2024-03-29,C-047,Gus,Guardería,170.0,Tarjeta,EMP-01,alérgico a champú,1
DD-008461,2024-03-29,C-071,Daisy,Adiestramiento,690.0,Tarjeta,EMP-02,pago pendiente,1
DD-008920,2024-03-29,C-305,Paloma,Corte,430.0,Tarjeta,EMP-07,perro agresivo,0
DD-008864,2024-03-29,C-288,Boby,Corte,470.0,Efectivo,EMP-06,perro agresivo,0
DD-008870,2024-03-29,C-289,Kira,Guardería,210.0,Efectivo,EMP-08,traer vacunas,0
DD-008594,2024-03-29,C-149,Toby,Corte,430.0,Tarjeta,EMP-02,,0
DD-008720,2024-03-29,C-208,Coco,Guardería,190.0,Transferencia,EMP-05,alérgico a champú,0
DD-008566,2024-03-29,C-132,Blanca,Guardería,190.0,Efectivo,EMP-05,descuento aplicado,0
DD-008947,2024-03-29,C-319,Princesa,Guardería,220.0,Efectivo,EMP-08,primera visita,0
DD-008550,2024-03-29,C-124,Manchas,Corte,350.0,Transferencia,EMP-04,,0
DD-008684,2024-03-30,C-191,Sammy,Hotel,430.0,Tarjeta,EMP-06,alérgico a champú,0
DD-008922,2024-03-30,C-305,Paloma,Baño,330.0,Efectivo,EMP-01,,0
DD-008705,2024-03-30,C-198,Chato,Guardería,180.0,Tarjeta,EMP-02,,0
DD-008432,2024-03-30,C-054,Mia,Guardería,250.0,Tarjeta,EMP-01,descuento aplicado,1
DD-008772,2024-03-30,C-233,Manchas,Adiestramiento,510.0,Efectivo,EMP-07,,0
DD-008369,2024-03-30,C-024,Sultan,Baño,360.0,Efectivo,EMP-08,,1
DD-008531,2024-03-30,C-114,Rocky,Hotel,470.0,Efectivo,EMP-08,descuento aplicado,0
DD-008416,2024-03-30,C-050,Max,Guardería,210.0,Transferencia,EMP-06,traer vacunas,1
DD-008434,2024-03-30,C-055,Bear,Corte,410.0,Efectivo,EMP-04,,1
DD-008906,2024-03-30,C-302,Fifi,Adiestramiento,740.0,Tarjeta,EMP-03,requiere cita previa,0
DD-008649,2024-03-30,C-176,Estrella,Guardería,160.0,Efectivo,EMP-04,alérgico a champú,0
DD-008523,2024-03-30,C-108,Sasha,Guardería,220.0,Tarjeta,EMP-07,perro agresivo,0
DD-008495,2024-03-30,C-093,Thor,Hotel,450.0,Efectivo,EMP-02,perro agresivo,0
DD-008921,2024-03-30,C-305,Paloma,Baño,430.0,Tarjeta,EMP-05,,0
DD-008503,2024-03-30,C-098,Ringo,Baño,230.0,Efectivo,EMP-06,,0
DD-008880,2024-03-30,C-293,Blanca,Guardería,250.0,Efectivo,EMP-02,cliente VIP,0
DD-008663,2024-03-30,C-183,Sammy,Hotel,420.0,Efectivo,EMP-07,,0
DD-008334,2024-03-31,C-004,Paloma,Baño,400.0,Transferencia,EMP-01,cliente VIP,1
DD-008763,2024-03-31,C-229,Bella,Guardería,160.0,Efectivo,EMP-05,cliente frecuente,0
DD-008882,2024-03-31,C-293,Blanca,Baño,250.0,Transferencia,EMP-07,,0
DD-008737,2024-03-31,C-214,Gordo,Guardería,170.0,Tarjeta,EMP-07,,0
DD-008883,2024-03-31,C-294,Rex,Guardería,160.0,Efectivo,EMP-02,perro agresivo,0
DD-008508,2024-03-31,C-103,Panda,Corte,490.0,Efectivo,EMP-07,,0
DD-008507,2024-03-31,C-102,Chispa,Corte,420.0,Efectivo,EMP-04,descuento aplicado,0
DD-008749,2024-03-31,C-220,Sammy,Guardería,240.0,Efectivo,EMP-02,cliente frecuente,0
DD-008892,2024-03-31,C-296,Duke,Baño,320.0,Efectivo,EMP-02,traer vacunas,0
DD-008632,2024-03-31,C-170,Frida,Baño,340.0,Efectivo,EMP-02,descuento aplicado,0
DD-008366,2024-03-31,C-023,Tito,Adiestramiento,480.0,Tarjeta,EMP-07,propina incluida,1
DD-008915,2024-03-31,C-303,Toby,Corte,490.0,Efectivo,EMP-07,cliente frecuente,0
DD-008424,2024-03-31,C-051,Simba,Guardería,200.0,Tarjeta,EMP-05,cliente VIP,1
DD-008413,2024-03-31,C-050,Max,Guardería,170.0,Tarjeta,EMP-08,descuento aplicado,1
DD-008924,2024-03-31,C-306,Pepa,Hotel,410.0,Tarjeta,EMP-04,descuento aplicado,0
DD-008396,2024-03-31,C-041,Tigrillo,Baño,350.0,Tarjeta,EMP-06,primera visita,1
DD-008679,2024-03-31,C-188,Chico,Corte,470.0,Efectivo,EMP-05,,0
DD-008639,2024-03-31,C-172,Tito,Guardería,220.0,Tarjeta,EMP-02,traer vacunas,0
DD-008672,2024-03-31,C-187,Simba,Guardería,200.0,Transferencia,EMP-07,,0
DD-009364,2024-04-01,C-256,Chato,Guardería,230.0,Tarjeta,EMP-05,perro agresivo,0
DD-009025,2024-04-01,C-053,Buddy,Adiestramiento,610.0,Tarjeta,EMP-04,,1
DD-009351,2024-04-01,C-248,Thor,Corte,370.0,Efectivo,EMP-06,cliente frecuente,0
DD-008985,2024-04-01,C-026,Mia,Guardería,180.0,Tarjeta,EMP-05,,1
DD-009255,2024-04-01,C-186,Frida,Corte,420.0,Tarjeta,EMP-07,,0
DD-009022,2024-04-01,C-048,Buddy,Guardería,200.0,Efectivo,EMP-03,requiere cita previa,1
DD-009226,2024-04-01,C-168,Charlie,Guardería,230.0,Efectivo,EMP-02,cliente VIP,0
DD-009122,2024-04-01,C-115,Charlie,Guardería,180.0,Efectivo,EMP-01,,0
DD-009180,2024-04-01,C-143,Rex,Guardería,180.0,Efectivo,EMP-02,cliente frecuente,0
DD-009133,2024-04-01,C-122,Pepa,Baño,270.0,Tarjeta,EMP-03,,0
DD-009078,2024-04-01,C-083,Duke,Guardería,170.0,Transferencia,EMP-05,descuento aplicado,0
DD-009121,2024-04-01,C-115,Charlie,Corte,340.0,Tarjeta,EMP-03,,0
DD-009111,2024-04-01,C-108,Sasha,Hotel,560.0,Tarjeta,EMP-06,descuento aplicado,0
DD-009097,2024-04-01,C-099,Gordo,Guardería,230.0,Tarjeta,EMP-05,cliente frecuente,0
DD-009366,2024-04-01,C-257,Canela,Corte,350.0,Tarjeta,EMP-07,,0
DD-009214,2024-04-01,C-161,Chispa,Hotel,570.0,Tarjeta,EMP-08,traer vacunas,0
DD-008967,2024-04-01,C-012,Chispa,Guardería,170.0,Tarjeta,EMP-08,requiere cita previa,1
DD-009092,2024-04-01,C-097,Bella,Corte,390.0,Efectivo,EMP-03,requiere cita previa,0
DD-009156,2024-04-02,C-134,Luna,Hotel,350.0,Efectivo,EMP-04,,0
DD-009142,2024-04-02,C-128,Chico,Baño,270.0,Tarjeta,EMP-04,,0
DD-009162,2024-04-02,C-137,Sasha,Guardería,190.0,Tarjeta,EMP-04,,0
DD-009045,2024-04-02,C-066,Rocky,Guardería,220.0,Efectivo,EMP-04,cliente frecuente,1
DD-009457,2024-04-02,C-318,Negro,Guardería,220.0,Efectivo,EMP-07,descuento aplicado,0
DD-009118,2024-04-02,C-114,Rocky,Baño,350.0,Tarjeta,EMP-04,requiere cita previa,0
DD-009137,2024-04-02,C-124,Manchas,Hotel,360.0,Tarjeta,EMP-08,pago pendiente,0
DD-009279,2024-04-02,C-201,Rosa,Corte,390.0,Efectivo,EMP-08,,0
DD-009428,2024-04-02,C-300,Manchas,Adiestramiento,730.0,Efectivo,EMP-03,,0
DD-009108,2024-04-02,C-107,Lobo,Guardería,200.0,Efectivo,EMP-02,,0
DD-009262,2024-04-02,C-188,Chico,Corte,480.0,Tarjeta,EMP-03,primera visita,0
DD-009093,2024-04-02,C-098,Ringo,Guardería,180.0,Efectivo,EMP-03,,0
DD-009420,2024-04-02,C-295,Chico,Hotel,590.0,Efectivo,EMP-01,,0
DD-009072,2024-04-02,C-079,Charlie,Adiestramiento,800.0,Efectivo,EMP-04,,1
DD-009038,2024-04-03,C-060,Lobo,Baño,210.0,Tarjeta,EMP-02,primera visita,1
DD-009189,2024-04-03,C-148,Lola,Guardería,220.0,Tarjeta,EMP-07,descuento aplicado,0
DD-009205,2024-04-03,C-156,Beto,Guardería,230.0,Efectivo,EMP-04,descuento aplicado,0
DD-009221,2024-04-03,C-165,Frida,Hotel,410.0,Efectivo,EMP-05,,0
DD-009167,2024-04-03,C-139,Panda,Corte,320.0,Efectivo,EMP-08,,0
DD-009058,2024-04-03,C-073,Max,Corte,400.0,Efectivo,EMP-07,,1
DD-009310,2024-04-03,C-218,Mia,Baño,370.0,Tarjeta,EMP-06,,0
DD-009419,2024-04-03,C-294,Rex,Adiestramiento,610.0,Tarjeta,EMP-06,,0
DD-009195,2024-04-03,C-152,Rex,Guardería,160.0,Tarjeta,EMP-07,propina incluida,0
DD-009388,2024-04-03,C-279,Coco,Guardería,200.0,Efectivo,EMP-03,cliente frecuente,0
DD-009431,2024-04-03,C-303,Toby,Hotel,590.0,Efectivo,EMP-01,primera visita,0
DD-009098,2024-04-03,C-100,Rosa,Baño,410.0,Tarjeta,EMP-04,,0
DD-009397,2024-04-03,C-284,Duke,Guardería,200.0,Transferencia,EMP-01,descuento aplicado,0
DD-009083,2024-04-03,C-086,Gordo,Guardería,210.0,Tarjeta,EMP-05,,0
DD-008977,2024-04-03,C-018,Toby,Corte,470.0,Tarjeta,EMP-03,,1
DD-009398,2024-04-03,C-284,Duke,Corte,320.0,Efectivo,EMP-03,primera visita,0
DD-008969,2024-04-04,C-013,Coco,Guardería,180.0,Transferencia,EMP-04,perro agresivo,1
DD-009421,2024-04-04,C-297,Sasha,Corte,340.0,Transferencia,EMP-01,alérgico a champú,0
DD-009090,2024-04-04,C-096,Chato,Guardería,170.0,Tarjeta,EMP-08,perro agresivo,0
DD-009207,2024-04-04,C-158,Negro,Baño,400.0,Efectivo,EMP-06,alérgico a champú,0
DD-009410,2024-04-04,C-288,Boby,Corte,420.0,Efectivo,EMP-04,pago pendiente,0
DD-008973,2024-04-04,C-015,Panda,Guardería,250.0,Tarjeta,EMP-07,,1
DD-009036,2024-04-04,C-059,Pepa,Baño,230.0,Efectivo,EMP-05,traer vacunas,1
DD-009284,2024-04-04,C-206,Simba,Guardería,180.0,Tarjeta,EMP-07,requiere cita previa,0
DD-009233,2024-04-04,C-173,Charlie,Baño,430.0,Efectivo,EMP-08,,0
DD-009403,2024-04-04,C-287,Maya,Guardería,240.0,Efectivo,EMP-08,propina incluida,0
DD-008988,2024-04-04,C-026,Mia,Hotel,370.0,Efectivo,EMP-08,,1
DD-009340,2024-04-04,C-244,Coco,Guardería,240.0,Tarjeta,EMP-07,pago pendiente,0
DD-009124,2024-04-04,C-118,Bonita,Baño,420.0,Efectivo,EMP-06,perro agresivo,0
DD-009163,2024-04-04,C-137,Sasha,Corte,340.0,Tarjeta,EMP-08,,0
DD-009456,2024-04-04,C-317,Beto,Baño,290.0,Efectivo,EMP-03,,0
DD-009312,2024-04-04,C-223,Sasha,Baño,280.0,Efectivo,EMP-06,,0
DD-009148,2024-04-05,C-130,Gordo,Guardería,170.0,Tarjeta,EMP-01,,0
DD-009158,2024-04-05,C-135,Bella,Guardería,150.0,Efectivo,EMP-03,,0
DD-009131,2024-04-05,C-121,Duke,Corte,300.0,Efectivo,EMP-08,primera visita,0
DD-009135,2024-04-05,C-123,Ringo,Baño,410.0,Efectivo,EMP-04,primera visita,0
DD-009054,2024-04-05,C-071,Daisy,Guardería,190.0,Efectivo,EMP-03,cliente frecuente,1
DD-009039,2024-04-05,C-061,Toby,Guardería,240.0,Efectivo,EMP-07,perro agresivo,1
DD-009174,2024-04-05,C-141,Maya,Guardería,180.0,Tarjeta,EMP-05,pago pendiente,0
DD-009437,2024-04-05,C-305,Paloma,Baño,450.0,Tarjeta,EMP-03,,0
DD-009126,2024-04-05,C-119,Canela,Guardería,230.0,Tarjeta,EMP-07,cliente VIP,0
DD-009185,2024-04-05,C-147,Rex,Guardería,240.0,Tarjeta,EMP-04,alérgico a champú,0
DD-009223,2024-04-05,C-166,Boby,Adiestramiento,600.0,Efectivo,EMP-05,,0
DD-009303,2024-04-05,C-215,Daisy,Baño,430.0,Efectivo,EMP-01,,0
DD-009023,2024-04-05,C-049,Max,Corte,290.0,Tarjeta,EMP-07,descuento aplicado,1
DD-009332,2024-04-05,C-236,Frida,Baño,430.0,Tarjeta,EMP-05,perro agresivo,0
DD-009002,2024-04-05,C-035,Pancho,Guardería,240.0,Transferencia,EMP-08,,1
DD-008983,2024-04-05,C-023,Tito,Guardería,180.0,Efectivo,EMP-04,pago pendiente,1
DD-008981,2024-04-05,C-021,Rocky,Baño,400.0,Efectivo,EMP-07,propina incluida,1
DD-009401,2024-04-05,C-285,Daisy,Guardería,160.0,Efectivo,EMP-03,descuento aplicado,0
DD-009404,2024-04-05,C-287,Maya,Baño,210.0,Transferencia,EMP-01,descuento aplicado,0
DD-009384,2024-04-05,C-277,Panda,Adiestramiento,640.0,Efectivo,EMP-03,traer vacunas,0
DD-009242,2024-04-05,C-180,Buddy,Hotel,560.0,Tarjeta,EMP-03,,0
DD-009243,2024-04-05,C-180,Buddy,Hotel,500.0,Efectivo,EMP-06,primera visita,0
DD-009365,2024-04-06,C-257,Canela,Baño,320.0,Transferencia,EMP-01,,0
DD-009165,2024-04-06,C-137,Sasha,Guardería,230.0,Efectivo,EMP-08,primera visita,0
DD-009164,2024-04-06,C-137,Sasha,Guardería,180.0,Tarjeta,EMP-01,,0
DD-009000,2024-04-06,C-034,Gus,Corte,330.0,Tarjeta,EMP-02,,1
DD-009161,2024-04-06,C-136,Simba,Guardería,170.0,Efectivo,EMP-02,,0
DD-009320,2024-04-06,C-228,Sasha,Guardería,210.0,Efectivo,EMP-05,,0
DD-009324,2024-04-06,C-231,Fifi,Guardería,160.0,Efectivo,EMP-06,descuento aplicado,0
DD-009325,2024-04-06,C-232,Thor,Baño,210.0,Tarjeta,EMP-04,cliente VIP,0
DD-009147,2024-04-06,C-129,Tigrillo,Guardería,210.0,Efectivo,EMP-07,requiere cita previa,0
DD-009069,2024-04-06,C-079,Charlie,Guardería,220.0,Efectivo,EMP-04,descuento aplicado,1
DD-008971,2024-04-06,C-013,Coco,Corte,470.0,Efectivo,EMP-03,,1
DD-009371,2024-04-06,C-263,Nena,Baño,310.0,Tarjeta,EMP-06,alérgico a champú,0
DD-009347,2024-04-06,C-247,Rosa,Guardería,180.0,Efectivo,EMP-08,propina incluida,0
DD-009440,2024-04-06,C-307,Daisy,Baño,360.0,Transferencia,EMP-03,cliente VIP,0
DD-009102,2024-04-06,C-103,Panda,Baño,410.0,Efectivo,EMP-03,,0
DD-009370,2024-04-06,C-262,Charlie,Guardería,190.0,Efectivo,EMP-06,traer vacunas,0
DD-008993,2024-04-06,C-027,Zeus,Guardería,160.0,Tarjeta,EMP-02,cliente frecuente,1
DD-009003,2024-04-06,C-036,Rex,Guardería,190.0,Tarjeta,EMP-03,,1
DD-009239,2024-04-06,C-177,Princesa,Baño,430.0,Tarjeta,EMP-05,cliente frecuente,0
DD-009171,2024-04-06,C-141,Maya,Guardería,220.0,Efectivo,EMP-04,,0
DD-009282,2024-04-06,C-205,Pepa,Corte,350.0,Efectivo,EMP-07,propina incluida,0
DD-009294,2024-04-06,C-212,Negro,Hotel,600.0,Tarjeta,EMP-05,,0
DD-009427,2024-04-06,C-300,Manchas,Guardería,220.0,Efectivo,EMP-03,,0
DD-009177,2024-04-06,C-142,Estrella,Guardería,200.0,Tarjeta,EMP-05,,0
DD-009169,2024-04-06,C-139,Panda,Hotel,400.0,Efectivo,EMP-01,primera visita,0
DD-009004,2024-04-06,C-037,Toby,Guardería,170.0,Tarjeta,EMP-03,requiere cita previa,1
DD-009173,2024-04-06,C-141,Maya,Adiestramiento,740.0,Tarjeta,EMP-02,perro agresivo,0
DD-009172,2024-04-06,C-141,Maya,Guardería,150.0,Efectivo,EMP-03,cliente VIP,0
DD-009026,2024-04-06,C-053,Buddy,Adiestramiento,690.0,Transferencia,EMP-05,pago pendiente,1
DD-009175,2024-04-06,C-142,Estrella,Guardería,220.0,Efectivo,EMP-08,alérgico a champú,0
DD-009227,2024-04-07,C-170,Frida,Corte,360.0,Efectivo,EMP-08,alérgico a champú,0
DD-009019,2024-04-07,C-047,Gus,Guardería,170.0,Efectivo,EMP-01,propina incluida,1
DD-008986,2024-04-07,C-026,Mia,Baño,400.0,Efectivo,EMP-08,cliente VIP,1
DD-009251,2024-04-07,C-183,Sammy,Hotel,360.0,Efectivo,EMP-03,descuento aplicado,0
DD-009198,2024-04-07,C-153,Chato,Guardería,190.0,Efectivo,EMP-04,traer vacunas,0
DD-009265,2024-04-07,C-189,Zeus,Guardería,200.0,Tarjeta,EMP-03,traer vacunas,0
DD-009346,2024-04-07,C-247,Rosa,Hotel,430.0,Tarjeta,EMP-04,alérgico a champú,0
DD-009106,2024-04-07,C-106,Charlie,Baño,390.0,Transferencia,EMP-01,,0
DD-009010,2024-04-07,C-042,Nena,Guardería,230.0,Efectivo,EMP-07,propina incluida,1
DD-008991,2024-04-07,C-027,Zeus,Hotel,530.0,Transferencia,EMP-04,,1
DD-009056,2024-04-07,C-072,Chico,Baño,300.0,Efectivo,EMP-06,traer vacunas,1
DD-009315,2024-04-07,C-227,Maya,Hotel,540.0,Transferencia,EMP-04,descuento aplicado,0
DD-009047,2024-04-07,C-067,Bonita,Guardería,170.0,Efectivo,EMP-06,,1
DD-009297,2024-04-07,C-214,Gordo,Corte,340.0,Efectivo,EMP-02,perro agresivo,0
DD-009153,2024-04-07,C-131,Sultan,Guardería,180.0,Tarjeta,EMP-05,cliente frecuente,0
DD-009191,2024-04-07,C-149,Toby,Baño,420.0,Tarjeta,EMP-05,,0
DD-009333,2024-04-07,C-237,Tito,Baño,380.0,Tarjeta,EMP-02,alérgico a champú,0
DD-009286,2024-04-07,C-206,Simba,Guardería,250.0,Efectivo,EMP-02,alérgico a champú,0
DD-009041,2024-04-07,C-065,Buddy,Guardería,210.0,Tarjeta,EMP-03,,1
DD-009112,2024-04-08,C-108,Sasha,Hotel,600.0,Transferencia,EMP-07,cliente VIP,0
DD-009327,2024-04-08,C-234,Toby,Baño,430.0,Tarjeta,EMP-07,,0
DD-009389,2024-04-08,C-281,Bear,Guardería,150.0,Transferencia,EMP-03,propina incluida,0
DD-009275,2024-04-08,C-195,Rocky,Baño,450.0,Efectivo,EMP-04,primera visita,0
DD-009281,2024-04-08,C-203,Princesa,Guardería,220.0,Efectivo,EMP-08,cliente VIP,0
DD-009363,2024-04-08,C-256,Chato,Baño,370.0,Efectivo,EMP-02,,0
DD-009206,2024-04-08,C-157,Thor,Corte,450.0,Efectivo,EMP-05,alérgico a champú,0
DD-008951,2024-04-08,C-001,Lobo,Corte,440.0,Efectivo,EMP-01,descuento aplicado,1
DD-008978,2024-04-08,C-019,Canela,Hotel,590.0,Tarjeta,EMP-06,primera visita,1
DD-008959,2024-04-08,C-009,Rosa,Corte,500.0,Tarjeta,EMP-06,,1
DD-009075,2024-04-08,C-082,Zeus,Guardería,230.0,Efectivo,EMP-08,,0
DD-009085,2024-04-08,C-090,Coco,Guardería,220.0,Efectivo,EMP-03,cliente VIP,0
DD-009426,2024-04-09,C-300,Manchas,Guardería,170.0,Transferencia,EMP-01,perro agresivo,0
DD-008996,2024-04-09,C-031,Ringo,Corte,480.0,Tarjeta,EMP-04,cliente frecuente,1
DD-009240,2024-04-09,C-179,Nina,Guardería,240.0,Tarjeta,EMP-05,,0
DD-009402,2024-04-09,C-287,Maya,Guardería,170.0,Tarjeta,EMP-02,cliente frecuente,0
DD-008987,2024-04-09,C-026,Mia,Guardería,230.0,Efectivo,EMP-04,,1
DD-009192,2024-04-09,C-150,Duke,Guardería,160.0,Efectivo,EMP-04,descuento aplicado,0
DD-009168,2024-04-09,C-139,Panda,Baño,330.0,Efectivo,EMP-08,requiere cita previa,0
DD-009061,2024-04-09,C-074,Fifi,Guardería,220.0,Tarjeta,EMP-02,descuento aplicado,1
DD-009295,2024-04-09,C-213,Pancho,Corte,290.0,Tarjeta,EMP-05,alérgico a champú,0
DD-009379,2024-04-09,C-273,Nena,Corte,280.0,Transferencia,EMP-06,,0
DD-009305,2024-04-09,C-216,Bonita,Adiestramiento,570.0,Efectivo,EMP-05,descuento aplicado,0
DD-009109,2024-04-09,C-107,Lobo,Corte,340.0,Transferencia,EMP-07,descuento aplicado,0
DD-009273,2024-04-09,C-195,Rocky,Baño,340.0,Tarjeta,EMP-07,requiere cita previa,0
DD-009088,2024-04-09,C-092,Rocky,Hotel,470.0,Tarjeta,EMP-08,,0
DD-008997,2024-04-09,C-031,Ringo,Baño,280.0,Efectivo,EMP-06,requiere cita previa,1
DD-009313,2024-04-09,C-224,Zeus,Baño,230.0,Tarjeta,EMP-03,pago pendiente,0
DD-009391,2024-04-09,C-281,Bear,Guardería,210.0,Transferencia,EMP-02,,0
DD-009390,2024-04-09,C-281,Bear,Guardería,190.0,Tarjeta,EMP-08,,0
DD-009197,2024-04-10,C-153,Chato,Guardería,230.0,Tarjeta,EMP-04,requiere cita previa,0
DD-009150,2024-04-10,C-131,Sultan,Adiestramiento,640.0,Efectivo,EMP-01,,0
DD-009208,2024-04-10,C-158,Negro,Hotel,540.0,Transferencia,EMP-05,,0
DD-009184,2024-04-10,C-147,Rex,Hotel,390.0,Tarjeta,EMP-06,,0
DD-009434,2024-04-10,C-303,Toby,Baño,390.0,Tarjeta,EMP-08,perro agresivo,0
DD-009182,2024-04-10,C-147,Rex,Guardería,200.0,Tarjeta,EMP-05,,0
DD-009077,2024-04-10,C-082,Zeus,Baño,420.0,Transferencia,EMP-03,,0
DD-009298,2024-04-10,C-214,Gordo,Baño,250.0,Efectivo,EMP-06,perro agresivo,0
DD-009385,2024-04-10,C-277,Panda,Corte,340.0,Tarjeta,EMP-01,traer vacunas,0
DD-009307,2024-04-10,C-216,Bonita,Guardería,180.0,Efectivo,EMP-02,propina incluida,0
DD-009029,2024-04-10,C-053,Buddy,Baño,280.0,Efectivo,EMP-05,,1
DD-009014,2024-04-10,C-043,Luna,Baño,280.0,Tarjeta,EMP-06,alérgico a champú,1
DD-009031,2024-04-10,C-056,Bonita,Baño,320.0,Tarjeta,EMP-05,,1
DD-009337,2024-04-10,C-240,Mia,Adiestramiento,790.0,Transferencia,EMP-01,,0
DD-009396,2024-04-10,C-284,Duke,Guardería,200.0,Tarjeta,EMP-05,cliente VIP,0
DD-009181,2024-04-10,C-145,Lola,Baño,270.0,Efectivo,EMP-06,,0
DD-009423,2024-04-11,C-299,Negro,Guardería,220.0,Tarjeta,EMP-01,cliente frecuente,0
DD-009065,2024-04-11,C-077,Kira,Adiestramiento,450.0,Tarjeta,EMP-04,requiere cita previa,1
DD-009186,2024-04-11,C-147,Rex,Guardería,180.0,Efectivo,EMP-06,traer vacunas,0
DD-009187,2024-04-11,C-148,Lola,Guardería,190.0,Tarjeta,EMP-07,,0
DD-009272,2024-04-11,C-194,Nina,Hotel,370.0,Tarjeta,EMP-08,,0
DD-009042,2024-04-11,C-065,Buddy,Hotel,370.0,Efectivo,EMP-01,,1
DD-009253,2024-04-11,C-184,Mia,Adiestramiento,790.0,Transferencia,EMP-03,requiere cita previa,0
DD-009252,2024-04-11,C-184,Mia,Baño,440.0,Tarjeta,EMP-05,traer vacunas,0
DD-009016,2024-04-11,C-045,Thor,Guardería,170.0,Efectivo,EMP-07,,1
DD-009259,2024-04-11,C-188,Chico,Guardería,200.0,Transferencia,EMP-02,cliente frecuente,0
DD-009445,2024-04-11,C-310,Paloma,Guardería,190.0,Tarjeta,EMP-02,,0
DD-009138,2024-04-11,C-124,Manchas,Guardería,160.0,Transferencia,EMP-07,alérgico a champú,0
DD-009416,2024-04-11,C-294,Rex,Baño,440.0,Tarjeta,EMP-03,,0
DD-009354,2024-04-11,C-251,Blanca,Guardería,160.0,Tarjeta,EMP-04,alérgico a champú,0
DD-009116,2024-04-11,C-113,Lola,Guardería,160.0,Tarjeta,EMP-05,,0
DD-009095,2024-04-11,C-098,Ringo,Baño,330.0,Tarjeta,EMP-04,,0
DD-009130,2024-04-11,C-121,Duke,Adiestramiento,550.0,Efectivo,EMP-08,descuento aplicado,0
DD-009119,2024-04-11,C-114,Rocky,Adiestramiento,640.0,Transferencia,EMP-07,,0
DD-009405,2024-04-11,C-287,Maya,Guardería,190.0,Tarjeta,EMP-04,,0
DD-009104,2024-04-11,C-106,Charlie,Guardería,210.0,Tarjeta,EMP-04,propina incluida,0
DD-009392,2024-04-11,C-281,Bear,Guardería,240.0,Tarjeta,EMP-08,traer vacunas,0
DD-009344,2024-04-12,C-245,Frida,Corte,250.0,Tarjeta,EMP-06,,0
DD-009338,2024-04-12,C-243,Maya,Guardería,150.0,Transferencia,EMP-05,primera visita,0
DD-009449,2024-04-12,C-313,Nala,Guardería,180.0,Efectivo,EMP-02,,0
DD-009268,2024-04-12,C-192,Sammy,Guardería,220.0,Tarjeta,EMP-05,,0
DD-009080,2024-04-12,C-084,Pancho,Corte,300.0,Tarjeta,EMP-07,,0
DD-009432,2024-04-12,C-303,Toby,Baño,420.0,Efectivo,EMP-08,,0
DD-009012,2024-04-12,C-043,Luna,Guardería,160.0,Tarjeta,EMP-04,cliente VIP,1
DD-009011,2024-04-12,C-042,Nena,Guardería,240.0,Tarjeta,EMP-01,primera visita,1
DD-009033,2024-04-12,C-057,Bella,Baño,240.0,Transferencia,EMP-04,,1
DD-009188,2024-04-12,C-148,Lola,Guardería,220.0,Efectivo,EMP-03,primera visita,0
DD-009202,2024-04-12,C-155,Nala,Baño,210.0,Efectivo,EMP-06,,0
DD-009071,2024-04-12,C-079,Charlie,Baño,340.0,Efectivo,EMP-01,traer vacunas,1
DD-009170,2024-04-12,C-140,Chispa,Corte,490.0,Transferencia,EMP-08,,0
DD-009040,2024-04-12,C-065,Buddy,Hotel,530.0,Transferencia,EMP-05,,1
DD-009136,2024-04-12,C-124,Manchas,Baño,420.0,Tarjeta,EMP-07,,0
DD-009052,2024-04-12,C-070,Buddy,Corte,410.0,Efectivo,EMP-07,propina incluida,1
DD-009127,2024-04-12,C-119,Canela,Corte,260.0,Efectivo,EMP-05,descuento aplicado,0
DD-009400,2024-04-12,C-285,Daisy,Guardería,160.0,Transferencia,EMP-04,,0
DD-009212,2024-04-13,C-159,Sultan,Guardería,170.0,Efectivo,EMP-04,cliente VIP,0
DD-009439,2024-04-13,C-306,Pepa,Baño,350.0,Efectivo,EMP-03,cliente VIP,0
DD-009190,2024-04-13,C-148,Lola,Guardería,170.0,Efectivo,EMP-02,,0
DD-009100,2024-04-13,C-101,Fifi,Corte,440.0,Efectivo,EMP-03,,0
DD-009027,2024-04-13,C-053,Buddy,Guardería,240.0,Tarjeta,EMP-07,perro agresivo,1
DD-009267,2024-04-13,C-192,Sammy,Guardería,220.0,Transferencia,EMP-08,descuento aplicado,0
DD-008960,2024-04-13,C-010,Maya,Adiestramiento,420.0,Efectivo,EMP-02,requiere cita previa,1
DD-009081,2024-04-13,C-084,Pancho,Baño,430.0,Tarjeta,EMP-08,,0
DD-009292,2024-04-13,C-210,Max,Guardería,240.0,Transferencia,EMP-01,,0
DD-009374,2024-04-13,C-268,Nala,Corte,350.0,Efectivo,EMP-06,traer vacunas,0
DD-009070,2024-04-13,C-079,Charlie,Hotel,440.0,Efectivo,EMP-05,pago pendiente,1
DD-009302,2024-04-13,C-215,Daisy,Guardería,190.0,Tarjeta,EMP-03,,0
DD-009417,2024-04-13,C-294,Rex,Guardería,240.0,Transferencia,EMP-03,alérgico a champú,0
DD-009128,2024-04-13,C-119,Canela,Corte,320.0,Efectivo,EMP-01,traer vacunas,0
DD-009132,2024-04-13,C-121,Duke,Corte,340.0,Efectivo,EMP-05,,0
DD-008989,2024-04-14,C-026,Mia,Hotel,460.0,Efectivo,EMP-03,alérgico a champú,1
DD-009335,2024-04-14,C-239,Pancho,Baño,370.0,Transferencia,EMP-07,requiere cita previa,0
DD-009216,2024-04-14,C-162,Kira,Adiestramiento,700.0,Efectivo,EMP-04,perro agresivo,0
DD-009140,2024-04-14,C-127,Beto,Baño,360.0,Efectivo,EMP-01,perro agresivo,0
DD-009232,2024-04-14,C-172,Tito,Adiestramiento,770.0,Tarjeta,EMP-02,descuento aplicado,0
DD-009353,2024-04-14,C-250,Pepa,Baño,230.0,Transferencia,EMP-08,,0
DD-009030,2024-04-14,C-054,Mia,Corte,490.0,Efectivo,EMP-03,,1
DD-009113,2024-04-14,C-109,Lobo,Guardería,190.0,Tarjeta,EMP-05,,0
DD-009296,2024-04-14,C-214,Gordo,Baño,380.0,Efectivo,EMP-02,,0
DD-009453,2024-04-14,C-316,Nina,Corte,260.0,Efectivo,EMP-08,,0
DD-009361,2024-04-14,C-254,Fifi,Baño,350.0,Efectivo,EMP-01,,0
DD-009381,2024-04-14,C-274,Nena,Baño,260.0,Efectivo,EMP-02,,0
DD-009059,2024-04-14,C-074,Fifi,Guardería,220.0,Transferencia,EMP-01,perro agresivo,1
DD-009395,2024-04-14,C-282,Rosa,Baño,370.0,Efectivo,EMP-05,cliente frecuente,0
DD-009322,2024-04-14,C-229,Bella,Adiestramiento,730.0,Transferencia,EMP-01,pago pendiente,0
DD-009441,2024-04-14,C-307,Daisy,Baño,360.0,Efectivo,EMP-07,cliente VIP,0
DD-009067,2024-04-14,C-077,Kira,Guardería,160.0,Transferencia,EMP-01,,1
DD-009283,2024-04-14,C-205,Pepa,Guardería,210.0,Efectivo,EMP-01,perro agresivo,0
DD-009278,2024-04-14,C-201,Rosa,Guardería,180.0,Tarjeta,EMP-06,,0
DD-009317,2024-04-15,C-228,Sasha,Baño,290.0,Efectivo,EMP-02,requiere cita previa,0
DD-008961,2024-04-15,C-010,Maya,Guardería,230.0,Tarjeta,EMP-07,cliente frecuente,1
DD-009063,2024-04-15,C-076,Bear,Hotel,400.0,Efectivo,EMP-02,,1
DD-009183,2024-04-15,C-147,Rex,Guardería,160.0,Tarjeta,EMP-07,requiere cita previa,0
DD-008962,2024-04-15,C-010,Maya,Baño,410.0,Tarjeta,EMP-07,perro agresivo,1
DD-009079,2024-04-15,C-084,Pancho,Guardería,230.0,Efectivo,EMP-04,requiere cita previa,0
DD-009357,2024-04-15,C-252,Kira,Corte,470.0,Tarjeta,EMP-04,requiere cita previa,0
DD-009194,2024-04-15,C-151,Rocky,Guardería,190.0,Tarjeta,EMP-03,cliente frecuente,0
DD-009076,2024-04-15,C-082,Zeus,Baño,300.0,Tarjeta,EMP-04,pago pendiente,0
DD-009438,2024-04-15,C-306,Pepa,Baño,240.0,Efectivo,EMP-05,traer vacunas,0
DD-009454,2024-04-15,C-317,Beto,Guardería,200.0,Tarjeta,EMP-07,,0
DD-009299,2024-04-16,C-214,Gordo,Guardería,180.0,Tarjeta,EMP-06,,0
DD-008955,2024-04-16,C-008,Boby,Baño,250.0,Transferencia,EMP-03,pago pendiente,1
DD-009254,2024-04-16,C-186,Frida,Guardería,210.0,Tarjeta,EMP-08,,0
DD-009280,2024-04-16,C-202,Tigrillo,Baño,220.0,Transferencia,EMP-08,propina incluida,0
DD-008958,2024-04-16,C-008,Boby,Guardería,160.0,Transferencia,EMP-05,alérgico a champú,1
DD-009277,2024-04-16,C-199,Pepa,Guardería,170.0,Tarjeta,EMP-08,propina incluida,0
DD-008956,2024-04-16,C-008,Boby,Baño,330.0,Tarjeta,EMP-07,cliente frecuente,1
DD-009007,2024-04-16,C-038,Buddy,Guardería,250.0,Efectivo,EMP-02,propina incluida,1
DD-009287,2024-04-16,C-206,Simba,Baño,420.0,Efectivo,EMP-07,primera visita,0
DD-009329,2024-04-16,C-235,Blanca,Guardería,180.0,Efectivo,EMP-04,,0
DD-009289,2024-04-16,C-209,Manchas,Guardería,240.0,Efectivo,EMP-06,descuento aplicado,0
DD-009236,2024-04-16,C-175,Panda,Hotel,540.0,Tarjeta,EMP-07,,0
DD-009435,2024-04-16,C-304,Buddy,Guardería,170.0,Transferencia,EMP-07,,0
DD-009044,2024-04-16,C-066,Rocky,Guardería,250.0,Tarjeta,EMP-01,,1
DD-009101,2024-04-16,C-101,Fifi,Corte,360.0,Tarjeta,EMP-05,,0
DD-008970,2024-04-16,C-013,Coco,Corte,430.0,Efectivo,EMP-07,,1
DD-009125,2024-04-16,C-119,Canela,Guardería,240.0,Efectivo,EMP-01,,0
DD-008965,2024-04-16,C-011,Daisy,Baño,440.0,Efectivo,EMP-06,,1
DD-009144,2024-04-16,C-129,Tigrillo,Baño,300.0,Efectivo,EMP-07,,0
DD-009066,2024-04-16,C-077,Kira,Guardería,160.0,Efectivo,EMP-03,,1
DD-009369,2024-04-16,C-261,Sultan,Baño,300.0,Efectivo,EMP-08,,0
DD-009064,2024-04-16,C-076,Bear,Guardería,180.0,Efectivo,EMP-04,cliente frecuente,1
DD-009360,2024-04-16,C-253,Luna,Corte,480.0,Efectivo,EMP-07,,0
DD-009159,2024-04-16,C-136,Simba,Guardería,210.0,Efectivo,EMP-06,,0
DD-009442,2024-04-17,C-308,Nina,Baño,240.0,Efectivo,EMP-01,,0
DD-009051,2024-04-17,C-069,Paloma,Baño,220.0,Tarjeta,EMP-03,,1
DD-008964,2024-04-17,C-011,Daisy,Hotel,590.0,Efectivo,EMP-06,traer vacunas,1
DD-009330,2024-04-17,C-235,Blanca,Adiestramiento,710.0,Tarjeta,EMP-06,cliente frecuente,0
DD-009228,2024-04-17,C-171,Bear,Adiestramiento,610.0,Tarjeta,EMP-07,,0
DD-008963,2024-04-17,C-011,Daisy,Corte,390.0,Efectivo,EMP-06,descuento aplicado,1
DD-009139,2024-04-17,C-127,Beto,Baño,290.0,Tarjeta,EMP-03,,0
DD-009377,2024-04-17,C-271,Pancho,Corte,460.0,Tarjeta,EMP-04,alérgico a champú,0
DD-009300,2024-04-17,C-215,Daisy,Guardería,170.0,Tarjeta,EMP-02,cliente VIP,0
DD-009086,2024-04-17,C-092,Rocky,Baño,280.0,Efectivo,EMP-04,cliente frecuente,0
DD-008954,2024-04-17,C-007,Tito,Hotel,560.0,Efectivo,EMP-04,pago pendiente,1
DD-009151,2024-04-17,C-131,Sultan,Guardería,200.0,Tarjeta,EMP-04,cliente VIP,0
DD-009274,2024-04-17,C-195,Rocky,Corte,360.0,Tarjeta,EMP-07,,0
DD-009321,2024-04-17,C-229,Bella,Guardería,210.0,Efectivo,EMP-03,,0
DD-009430,2024-04-17,C-302,Fifi,Guardería,160.0,Efectivo,EMP-02,alérgico a champú,0
DD-009017,2024-04-17,C-045,Thor,Corte,430.0,Tarjeta,EMP-03,cliente frecuente,1
DD-009343,2024-04-17,C-245,Frida,Baño,320.0,Efectivo,EMP-04,,0
DD-009248,2024-04-17,C-182,Negro,Guardería,160.0,Tarjeta,EMP-08,traer vacunas,0
DD-009218,2024-04-17,C-163,Rocky,Guardería,250.0,Tarjeta,EMP-08,,0
DD-009359,2024-04-17,C-253,Luna,Adiestramiento,790.0,Efectivo,EMP-02,descuento aplicado,0
DD-008979,2024-04-18,C-019,Canela,Baño,290.0,Tarjeta,EMP-08,primera visita,1
DD-009376,2024-04-18,C-270,Luna,Guardería,160.0,Tarjeta,EMP-02,,0
DD-009447,2024-04-18,C-312,Bella,Baño,330.0,Transferencia,EMP-02,,0
DD-009424,2024-04-18,C-299,Negro,Baño,210.0,Transferencia,EMP-05,perro agresivo,0
DD-009129,2024-04-18,C-119,Canela,Guardería,200.0,Efectivo,EMP-03,descuento aplicado,0
DD-009024,2024-04-18,C-051,Simba,Guardería,190.0,Transferencia,EMP-01,requiere cita previa,1
DD-009350,2024-04-18,C-248,Thor,Guardería,180.0,Transferencia,EMP-08,primera visita,0
DD-008998,2024-04-18,C-033,Max,Guardería,240.0,Tarjeta,EMP-06,,1
DD-009015,2024-04-18,C-044,Tigrillo,Guardería,200.0,Efectivo,EMP-08,,1
DD-008974,2024-04-18,C-016,Max,Corte,390.0,Efectivo,EMP-04,cliente frecuente,1
DD-009115,2024-04-19,C-113,Lola,Guardería,210.0,Tarjeta,EMP-03,propina incluida,0
DD-009378,2024-04-19,C-271,Pancho,Corte,370.0,Tarjeta,EMP-03,traer vacunas,0
DD-009382,2024-04-19,C-274,Nena,Baño,310.0,Efectivo,EMP-06,,0
DD-009408,2024-04-19,C-287,Maya,Guardería,160.0,Efectivo,EMP-03,,0
DD-009314,2024-04-19,C-225,Simba,Baño,290.0,Transferencia,EMP-06,,0
DD-009238,2024-04-19,C-176,Estrella,Guardería,210.0,Efectivo,EMP-07,,0
DD-009149,2024-04-19,C-130,Gordo,Baño,410.0,Efectivo,EMP-08,,0
DD-009037,2024-04-19,C-060,Lobo,Baño,400.0,Transferencia,EMP-08,traer vacunas,1
DD-009013,2024-04-19,C-043,Luna,Corte,430.0,Tarjeta,EMP-01,traer vacunas,1
DD-009035,2024-04-19,C-058,Gordo,Baño,320.0,Transferencia,EMP-03,,1
DD-009409,2024-04-19,C-288,Boby,Guardería,170.0,Efectivo,EMP-01,traer vacunas,0
DD-009331,2024-04-19,C-235,Blanca,Guardería,240.0,Efectivo,EMP-07,,0
DD-009258,2024-04-19,C-187,Simba,Adiestramiento,420.0,Tarjeta,EMP-03,cliente VIP,0
DD-008975,2024-04-19,C-016,Max,Guardería,190.0,Tarjeta,EMP-08,traer vacunas,1
DD-009166,2024-04-19,C-139,Panda,Adiestramiento,780.0,Efectivo,EMP-08,,0
DD-009318,2024-04-20,C-228,Sasha,Guardería,240.0,Tarjeta,EMP-08,propina incluida,0
DD-009407,2024-04-20,C-287,Maya,Guardería,220.0,Tarjeta,EMP-06,cliente frecuente,0
DD-009193,2024-04-20,C-151,Rocky,Guardería,180.0,Transferencia,EMP-03,cliente frecuente,0
DD-009043,2024-04-20,C-065,Buddy,Hotel,380.0,Efectivo,EMP-06,,1
DD-009250,2024-04-20,C-183,Sammy,Baño,210.0,Transferencia,EMP-04,descuento aplicado,0
DD-009082,2024-04-20,C-085,Beto,Corte,410.0,Transferencia,EMP-08,,0
DD-009001,2024-04-20,C-035,Pancho,Adiestramiento,650.0,Transferencia,EMP-07,,1
DD-009301,2024-04-20,C-215,Daisy,Guardería,150.0,Efectivo,EMP-04,,0
DD-009005,2024-04-20,C-038,Buddy,Guardería,230.0,Efectivo,EMP-02,descuento aplicado,1
DD-009123,2024-04-20,C-117,Daisy,Guardería,230.0,Tarjeta,EMP-06,,0
DD-009244,2024-04-20,C-180,Buddy,Hotel,460.0,Efectivo,EMP-08,traer vacunas,0
DD-009020,2024-04-20,C-048,Buddy,Baño,400.0,Tarjeta,EMP-06,cliente frecuente,1
DD-009155,2024-04-20,C-134,Luna,Baño,270.0,Tarjeta,EMP-06,requiere cita previa,0
DD-009154,2024-04-20,C-132,Blanca,Corte,250.0,Transferencia,EMP-08,,0
DD-009372,2024-04-20,C-263,Nena,Guardería,240.0,Tarjeta,EMP-05,cliente frecuente,0
DD-009293,2024-04-20,C-211,Lobo,Guardería,200.0,Tarjeta,EMP-03,cliente VIP,0
DD-008990,2024-04-20,C-026,Mia,Corte,420.0,Efectivo,EMP-08,primera visita,1
DD-009373,2024-04-20,C-267,Daisy,Baño,290.0,Efectivo,EMP-03,propina incluida,0
DD-009062,2024-04-20,C-075,Chato,Corte,370.0,Transferencia,EMP-01,,1
DD-009211,2024-04-20,C-159,Sultan,Guardería,220.0,Tarjeta,EMP-01,propina incluida,0
DD-009288,2024-04-21,C-207,Ringo,Baño,360.0,Transferencia,EMP-04,,0
DD-009087,2024-04-21,C-092,Rocky,Adiestramiento,780.0,Efectivo,EMP-01,,0
DD-009336,2024-04-21,C-240,Mia,Corte,260.0,Tarjeta,EMP-01,traer vacunas,0
DD-009316,2024-04-21,C-228,Sasha,Corte,320.0,Efectivo,EMP-08,descuento aplicado,0
DD-009290,2024-04-21,C-209,Manchas,Guardería,170.0,Efectivo,EMP-03,descuento aplicado,0
DD-009387,2024-04-21,C-279,Coco,Hotel,540.0,Tarjeta,EMP-03,,0
DD-009358,2024-04-21,C-253,Luna,Baño,220.0,Tarjeta,EMP-06,,0
DD-009246,2024-04-21,C-181,Nala,Guardería,230.0,Transferencia,EMP-05,,0
DD-008957,2024-04-21,C-008,Boby,Baño,400.0,Efectivo,EMP-05,primera visita,1
DD-009285,2024-04-21,C-206,Simba,Guardería,230.0,Efectivo,EMP-08,propina incluida,0
DD-009114,2024-04-21,C-111,Thor,Adiestramiento,460.0,Efectivo,EMP-04,,0
DD-009260,2024-04-21,C-188,Chico,Adiestramiento,460.0,Efectivo,EMP-05,perro agresivo,0
DD-009046,2024-04-21,C-067,Bonita,Guardería,200.0,Transferencia,EMP-07,perro agresivo,1
DD-008994,2024-04-22,C-028,Princesa,Guardería,170.0,Efectivo,EMP-03,traer vacunas,1
DD-009326,2024-04-22,C-232,Thor,Guardería,180.0,Transferencia,EMP-01,descuento aplicado,0
DD-009328,2024-04-22,C-234,Toby,Guardería,160.0,Tarjeta,EMP-08,,0
DD-009342,2024-04-22,C-245,Frida,Guardería,180.0,Efectivo,EMP-04,pago pendiente,0
DD-009411,2024-04-22,C-289,Kira,Baño,380.0,Efectivo,EMP-02,pago pendiente,0
DD-009444,2024-04-22,C-310,Paloma,Guardería,190.0,Transferencia,EMP-04,cliente frecuente,0
DD-009209,2024-04-22,C-158,Negro,Guardería,170.0,Efectivo,EMP-01,descuento aplicado,0
DD-009094,2024-04-22,C-098,Ringo,Guardería,250.0,Transferencia,EMP-07,alérgico a champú,0
DD-009103,2024-04-22,C-103,Panda,Guardería,250.0,Tarjeta,EMP-01,,0
DD-009091,2024-04-22,C-097,Bella,Guardería,230.0,Transferencia,EMP-06,propina incluida,0
DD-009160,2024-04-22,C-136,Simba,Guardería,180.0,Efectivo,EMP-05,,0
DD-009057,2024-04-22,C-073,Max,Corte,270.0,Transferencia,EMP-05,,1
DD-009446,2024-04-22,C-311,Nala,Hotel,480.0,Efectivo,EMP-07,,0
DD-009049,2024-04-22,C-068,Lola,Hotel,380.0,Efectivo,EMP-08,descuento aplicado,1
DD-009319,2024-04-22,C-228,Sasha,Guardería,250.0,Transferencia,EMP-07,primera visita,0
DD-009213,2024-04-22,C-161,Chispa,Baño,210.0,Efectivo,EMP-02,perro agresivo,0
DD-009224,2024-04-22,C-167,Coco,Guardería,180.0,Tarjeta,EMP-02,descuento aplicado,0
DD-009229,2024-04-22,C-171,Bear,Guardería,210.0,Transferencia,EMP-04,,0
DD-009231,2024-04-22,C-172,Tito,Hotel,530.0,Efectivo,EMP-04,,0
DD-009256,2024-04-22,C-186,Frida,Corte,450.0,Efectivo,EMP-08,,0
DD-009393,2024-04-22,C-282,Rosa,Guardería,210.0,Transferencia,EMP-01,,0
DD-009261,2024-04-22,C-188,Chico,Baño,440.0,Efectivo,EMP-05,,0
DD-009414,2024-04-22,C-291,Blanca,Corte,420.0,Efectivo,EMP-05,,0
DD-009306,2024-04-22,C-216,Bonita,Guardería,160.0,Transferencia,EMP-03,,0
DD-008972,2024-04-23,C-014,Nena,Guardería,200.0,Efectivo,EMP-03,alérgico a champú,1
DD-009146,2024-04-23,C-129,Tigrillo,Baño,320.0,Tarjeta,EMP-01,descuento aplicado,0
DD-008953,2024-04-23,C-006,Thor,Baño,320.0,Efectivo,EMP-04,,1
DD-009110,2024-04-23,C-107,Lobo,Hotel,420.0,Efectivo,EMP-07,,0
DD-009120,2024-04-23,C-114,Rocky,Guardería,230.0,Tarjeta,EMP-04,pago pendiente,0
DD-009096,2024-04-23,C-098,Ringo,Baño,450.0,Efectivo,EMP-05,,0
DD-009235,2024-04-23,C-174,Chispa,Guardería,160.0,Efectivo,EMP-04,,0
DD-009429,2024-04-23,C-301,Gus,Guardería,200.0,Efectivo,EMP-04,pago pendiente,0
DD-009245,2024-04-23,C-181,Nala,Hotel,350.0,Efectivo,EMP-03,,0
DD-009249,2024-04-23,C-183,Sammy,Adiestramiento,540.0,Tarjeta,EMP-02,alérgico a champú,0
DD-009309,2024-04-23,C-218,Mia,Guardería,150.0,Transferencia,EMP-06,primera visita,0
DD-009199,2024-04-23,C-154,Nena,Corte,260.0,Efectivo,EMP-02,,0
DD-009196,2024-04-24,C-153,Chato,Corte,400.0,Tarjeta,EMP-08,alérgico a champú,0
DD-009178,2024-04-24,C-142,Estrella,Guardería,180.0,Tarjeta,EMP-06,alérgico a champú,0
DD-009263,2024-04-24,C-188,Chico,Baño,440.0,Efectivo,EMP-07,,0
DD-009152,2024-04-24,C-131,Sultan,Guardería,200.0,Efectivo,EMP-06,,0
DD-009105,2024-04-24,C-106,Charlie,Guardería,200.0,Tarjeta,EMP-05,cliente VIP,0
DD-009386,2024-04-24,C-278,Estrella,Corte,460.0,Tarjeta,EMP-02,,0
DD-009271,2024-04-24,C-194,Nina,Guardería,230.0,Efectivo,EMP-06,traer vacunas,0
DD-008952,2024-04-24,C-004,Paloma,Guardería,220.0,Efectivo,EMP-07,propina incluida,1
DD-009176,2024-04-24,C-142,Estrella,Guardería,240.0,Tarjeta,EMP-08,propina incluida,0
DD-009269,2024-04-24,C-193,Zeus,Guardería,160.0,Tarjeta,EMP-04,propina incluida,0
DD-009234,2024-04-24,C-174,Chispa,Baño,450.0,Tarjeta,EMP-01,primera visita,0
DD-009264,2024-04-24,C-189,Zeus,Corte,300.0,Tarjeta,EMP-04,perro agresivo,0
DD-009345,2024-04-24,C-246,Luna,Baño,360.0,Tarjeta,EMP-05,,0
DD-008982,2024-04-24,C-023,Tito,Baño,370.0,Tarjeta,EMP-08,alérgico a champú,1
DD-009352,2024-04-24,C-249,Kira,Guardería,180.0,Efectivo,EMP-04,propina incluida,0
DD-009266,2024-04-24,C-189,Zeus,Guardería,250.0,Efectivo,EMP-06,,0
DD-009455,2024-04-25,C-317,Beto,Adiestramiento,430.0,Transferencia,EMP-08,descuento aplicado,0
DD-009394,2024-04-25,C-282,Rosa,Corte,390.0,Efectivo,EMP-01,,0
DD-009099,2024-04-25,C-100,Rosa,Baño,360.0,Tarjeta,EMP-05,,0
DD-009334,2024-04-25,C-237,Tito,Adiestramiento,710.0,Tarjeta,EMP-04,descuento aplicado,0
DD-009107,2024-04-25,C-106,Charlie,Guardería,250.0,Tarjeta,EMP-08,,0
DD-009383,2024-04-25,C-275,Lobo,Guardería,230.0,Tarjeta,EMP-03,,0
DD-009348,2024-04-25,C-247,Rosa,Baño,310.0,Tarjeta,EMP-04,cliente VIP,0
DD-009458,2024-04-25,C-319,Princesa,Guardería,210.0,Tarjeta,EMP-05,descuento aplicado,0
DD-009413,2024-04-25,C-289,Kira,Guardería,200.0,Tarjeta,EMP-01,,0
DD-009141,2024-04-25,C-127,Beto,Baño,340.0,Efectivo,EMP-07,requiere cita previa,0
DD-009451,2024-04-25,C-316,Nina,Guardería,230.0,Efectivo,EMP-04,perro agresivo,0
DD-009222,2024-04-25,C-165,Frida,Baño,380.0,Efectivo,EMP-03,alérgico a champú,0
DD-009220,2024-04-25,C-165,Frida,Guardería,170.0,Efectivo,EMP-06,traer vacunas,0
DD-009157,2024-04-25,C-134,Luna,Adiestramiento,400.0,Tarjeta,EMP-03,traer vacunas,0
DD-008992,2024-04-25,C-027,Zeus,Baño,390.0,Efectivo,EMP-01,,1
DD-009433,2024-04-25,C-303,Toby,Corte,320.0,Efectivo,EMP-04,,0
DD-009217,2024-04-25,C-162,Kira,Guardería,230.0,Tarjeta,EMP-08,perro agresivo,0
DD-009215,2024-04-25,C-162,Kira,Adiestramiento,700.0,Tarjeta,EMP-03,primera visita,0
DD-009356,2024-04-25,C-251,Blanca,Baño,290.0,Tarjeta,EMP-08,,0
DD-009204,2024-04-25,C-155,Nala,Baño,330.0,Tarjeta,EMP-06,primera visita,0
DD-008950,2024-04-26,C-001,Lobo,Adiestramiento,540.0,Tarjeta,EMP-01,perro agresivo,1
DD-009450,2024-04-26,C-314,Blanca,Baño,330.0,Efectivo,EMP-07,propina incluida,0
DD-009415,2024-04-26,C-293,Blanca,Adiestramiento,490.0,Efectivo,EMP-04,primera visita,0
DD-009418,2024-04-26,C-294,Rex,Guardería,230.0,Tarjeta,EMP-04,alérgico a champú,0
DD-009422,2024-04-26,C-299,Negro,Guardería,170.0,Tarjeta,EMP-03,alérgico a champú,0
DD-009089,2024-04-26,C-094,Bear,Hotel,510.0,Tarjeta,EMP-04,cliente frecuente,0
DD-009134,2024-04-26,C-122,Pepa,Guardería,170.0,Efectivo,EMP-08,,0
DD-008995,2024-04-26,C-029,Gus,Baño,400.0,Efectivo,EMP-04,,1
DD-009247,2024-04-26,C-182,Negro,Baño,280.0,Efectivo,EMP-06,cliente VIP,0
DD-008966,2024-04-26,C-012,Chispa,Guardería,190.0,Transferencia,EMP-07,traer vacunas,1
DD-009053,2024-04-26,C-070,Buddy,Corte,310.0,Efectivo,EMP-04,,1
DD-009237,2024-04-26,C-176,Estrella,Guardería,210.0,Transferencia,EMP-07,traer vacunas,0
DD-009230,2024-04-26,C-171,Bear,Baño,250.0,Efectivo,EMP-06,,0
DD-008980,2024-04-26,C-019,Canela,Guardería,150.0,Tarjeta,EMP-06,,1
DD-009060,2024-04-26,C-074,Fifi,Baño,400.0,Tarjeta,EMP-08,,1
DD-009034,2024-04-26,C-058,Gordo,Guardería,160.0,Transferencia,EMP-08,pago pendiente,1
DD-009084,2024-04-26,C-087,Sasha,Baño,360.0,Efectivo,EMP-06,,0
DD-009380,2024-04-26,C-274,Nena,Corte,380.0,Efectivo,EMP-08,requiere cita previa,0
DD-008999,2024-04-26,C-033,Max,Adiestramiento,400.0,Efectivo,EMP-01,,1
DD-009018,2024-04-27,C-047,Gus,Guardería,150.0,Transferencia,EMP-05,pago pendiente,1
DD-009179,2024-04-27,C-143,Rex,Guardería,150.0,Efectivo,EMP-02,,0
DD-009257,2024-04-27,C-186,Frida,Guardería,200.0,Tarjeta,EMP-03,,0
DD-009270,2024-04-27,C-194,Nina,Guardería,160.0,Efectivo,EMP-02,,0
DD-009068,2024-04-27,C-078,Kira,Guardería,210.0,Transferencia,EMP-05,descuento aplicado,1
DD-009009,2024-04-27,C-041,Tigrillo,Guardería,220.0,Efectivo,EMP-08,descuento aplicado,1
DD-009210,2024-04-27,C-158,Negro,Corte,260.0,Efectivo,EMP-06,,0
DD-008968,2024-04-27,C-013,Coco,Guardería,210.0,Efectivo,EMP-06,primera visita,1
DD-009050,2024-04-27,C-069,Paloma,Corte,450.0,Tarjeta,EMP-02,,1
DD-009368,2024-04-27,C-259,Paloma,Baño,300.0,Transferencia,EMP-01,,0
DD-009399,2024-04-27,C-285,Daisy,Corte,480.0,Efectivo,EMP-07,descuento aplicado,0
DD-009073,2024-04-27,C-080,Luna,Baño,250.0,Tarjeta,EMP-03,,1
DD-009367,2024-04-28,C-258,Lola,Guardería,250.0,Efectivo,EMP-06,perro agresivo,0
DD-009145,2024-04-28,C-129,Tigrillo,Baño,200.0,Efectivo,EMP-01,,0
DD-008976,2024-04-28,C-016,Max,Guardería,200.0,Tarjeta,EMP-06,,1
DD-009219,2024-04-28,C-164,Gus,Corte,330.0,Transferencia,EMP-05,,0
DD-009355,2024-04-28,C-251,Blanca,Guardería,180.0,Efectivo,EMP-08,,0
DD-009349,2024-04-28,C-247,Rosa,Guardería,180.0,Tarjeta,EMP-03,propina incluida,0
DD-009362,2024-04-28,C-256,Chato,Guardería,220.0,Efectivo,EMP-07,,0
DD-009412,2024-04-28,C-289,Kira,Baño,400.0,Tarjeta,EMP-03,,0
DD-009006,2024-04-28,C-038,Buddy,Corte,460.0,Efectivo,EMP-04,pago pendiente,1
DD-009291,2024-04-28,C-210,Max,Hotel,430.0,Efectivo,EMP-06,,0
DD-009311,2024-04-28,C-222,Canela,Hotel,500.0,Efectivo,EMP-07,,0
DD-009055,2024-04-29,C-071,Daisy,Guardería,180.0,Tarjeta,EMP-06,cliente frecuente,1
DD-009200,2024-04-29,C-154,Nena,Hotel,420.0,Transferencia,EMP-08,alérgico a champú,0
DD-009448,2024-04-29,C-313,Nala,Hotel,420.0,Tarjeta,EMP-01,,0
DD-009203,2024-04-29,C-155,Nala,Hotel,480.0,Transferencia,EMP-03,requiere cita previa,0
DD-009452,2024-04-29,C-316,Nina,Baño,400.0,Efectivo,EMP-06,cliente frecuente,0
DD-009225,2024-04-29,C-168,Charlie,Corte,360.0,Tarjeta,EMP-04,cliente frecuente,0
DD-009028,2024-04-29,C-053,Buddy,Corte,380.0,Transferencia,EMP-04,propina incluida,1
DD-009341,2024-04-29,C-245,Frida,Baño,350.0,Transferencia,EMP-02,alérgico a champú,0
DD-008984,2024-04-29,C-023,Tito,Corte,320.0,Efectivo,EMP-02,,1
DD-009143,2024-04-29,C-128,Chico,Baño,240.0,Tarjeta,EMP-04,,0
DD-009425,2024-04-29,C-300,Manchas,Baño,390.0,Tarjeta,EMP-05,perro agresivo,0
DD-009304,2024-04-29,C-216,Bonita,Baño,410.0,Transferencia,EMP-06,,0
DD-009074,2024-04-30,C-080,Luna,Baño,240.0,Efectivo,EMP-07,traer vacunas,1
DD-009117,2024-04-30,C-113,Lola,Corte,400.0,Tarjeta,EMP-03,propina incluida,0
DD-009048,2024-04-30,C-067,Bonita,Baño,350.0,Efectivo,EMP-07,,1
DD-009443,2024-04-30,C-310,Paloma,Guardería,210.0,Efectivo,EMP-03,requiere cita previa,0
DD-009406,2024-04-30,C-287,Maya,Guardería,160.0,Tarjeta,EMP-07,cliente VIP,0
DD-009339,2024-04-30,C-244,Coco,Baño,340.0,Efectivo,EMP-05,,0
DD-009323,2024-04-30,C-231,Fifi,Adiestramiento,770.0,Efectivo,EMP-08,traer vacunas,0
DD-009308,2024-04-30,C-217,Sultan,Hotel,460.0,Efectivo,EMP-05,alérgico a champú,0
DD-009008,2024-04-30,C-040,Manchas,Guardería,150.0,Efectivo,EMP-02,,1
DD-009276,2024-04-30,C-196,Nina,Adiestramiento,600.0,Tarjeta,EMP-02,traer vacunas,0
DD-009375,2024-04-30,C-269,Maya,Corte,310.0,Efectivo,EMP-05,primera visita,0
DD-009021,2024-04-30,C-048,Buddy,Baño,410.0,Tarjeta,EMP-01,requiere cita previa,1
DD-009032,2024-04-30,C-056,Bonita,Guardería,170.0,Efectivo,EMP-05,alérgico a champú,1
DD-009436,2024-04-30,C-304,Buddy,Guardería,210.0,Tarjeta,EMP-06,perro agresivo,0
DD-009201,2024-04-30,C-154,Nena,Guardería,230.0,Tarjeta,EMP-07,propina incluida,0
DD-009241,2024-04-30,C-179,Nina,Hotel,520.0,Tarjeta,EMP-01,,0
DD-009701,2024-05-01,C-129,Tigrillo,Baño,440.0,Efectivo,EMP-08,perro agresivo,0
DD-009739,2024-05-01,C-145,Lola,Baño,250.0,Tarjeta,EMP-06,alérgico a champú,0
DD-009509,2024-05-01,C-023,Tito,Baño,250.0,Tarjeta,EMP-06,descuento aplicado,1
DD-009748,2024-05-01,C-150,Duke,Baño,220.0,Tarjeta,EMP-05,,0
DD-009958,2024-05-01,C-251,Blanca,Adiestramiento,580.0,Transferencia,EMP-06,descuento aplicado,0
DD-009674,2024-05-01,C-115,Charlie,Guardería,230.0,Tarjeta,EMP-02,,0
DD-009883,2024-05-01,C-216,Bonita,Hotel,500.0,Efectivo,EMP-04,perro agresivo,0
DD-009986,2024-05-01,C-269,Maya,Guardería,220.0,Efectivo,EMP-05,pago pendiente,0
DD-009468,2024-05-01,C-006,Thor,Guardería,160.0,Efectivo,EMP-07,alérgico a champú,1
DD-009720,2024-05-01,C-137,Sasha,Baño,350.0,Tarjeta,EMP-04,,0
DD-009612,2024-05-01,C-078,Kira,Baño,310.0,Tarjeta,EMP-08,traer vacunas,1
DD-009792,2024-05-01,C-171,Bear,Hotel,520.0,Tarjeta,EMP-03,cliente frecuente,0
DD-009785,2024-05-01,C-169,Gordo,Corte,330.0,Efectivo,EMP-07,,0
DD-010088,2024-05-01,C-317,Beto,Hotel,390.0,Efectivo,EMP-02,,0
DD-009488,2024-05-01,C-015,Panda,Guardería,240.0,Transferencia,EMP-07,,1
DD-009839,2024-05-01,C-195,Rocky,Guardería,180.0,Tarjeta,EMP-08,alérgico a champú,0
DD-009993,2024-05-01,C-271,Pancho,Hotel,450.0,Tarjeta,EMP-06,traer vacunas,0
DD-009608,2024-05-01,C-077,Kira,Baño,360.0,Tarjeta,EMP-08,,1
DD-009887,2024-05-02,C-218,Mia,Corte,470.0,Tarjeta,EMP-04,requiere cita previa,0
DD-009811,2024-05-02,C-182,Negro,Adiestramiento,610.0,Transferencia,EMP-08,,0
DD-009692,2024-05-02,C-126,Manchas,Corte,300.0,Efectivo,EMP-02,pago pendiente,0
DD-009583,2024-05-02,C-063,Estrella,Baño,210.0,Tarjeta,EMP-08,,1
DD-010038,2024-05-02,C-292,Chico,Hotel,460.0,Efectivo,EMP-08,,0
DD-009584,2024-05-02,C-064,Bella,Hotel,520.0,Transferencia,EMP-02,cliente VIP,1
DD-009955,2024-05-02,C-250,Pepa,Guardería,220.0,Tarjeta,EMP-01,perro agresivo,0
DD-009953,2024-05-02,C-250,Pepa,Corte,300.0,Tarjeta,EMP-01,pago pendiente,0
DD-009870,2024-05-02,C-213,Pancho,Guardería,170.0,Efectivo,EMP-01,,0
DD-009504,2024-05-02,C-019,Canela,Guardería,210.0,Tarjeta,EMP-08,,1
DD-009948,2024-05-02,C-249,Kira,Guardería,240.0,Efectivo,EMP-06,cliente frecuente,0
DD-009651,2024-05-02,C-104,Rosa,Guardería,160.0,Efectivo,EMP-02,,0
DD-009984,2024-05-02,C-268,Nala,Guardería,250.0,Efectivo,EMP-05,,0
DD-009853,2024-05-02,C-205,Pepa,Hotel,370.0,Efectivo,EMP-01,,0
DD-009911,2024-05-02,C-232,Thor,Baño,430.0,Efectivo,EMP-02,perro agresivo,0
DD-009775,2024-05-02,C-165,Frida,Baño,420.0,Transferencia,EMP-02,,0
DD-009767,2024-05-02,C-161,Chispa,Corte,480.0,Tarjeta,EMP-04,requiere cita previa,0
DD-009798,2024-05-02,C-174,Chispa,Guardería,180.0,Efectivo,EMP-06,requiere cita previa,0
DD-010081,2024-05-02,C-313,Nala,Guardería,230.0,Tarjeta,EMP-03,,0
DD-009936,2024-05-02,C-244,Coco,Baño,280.0,Efectivo,EMP-06,perro agresivo,0
DD-009805,2024-05-02,C-180,Buddy,Guardería,150.0,Tarjeta,EMP-08,,0
DD-010006,2024-05-03,C-277,Panda,Guardería,190.0,Efectivo,EMP-05,descuento aplicado,0
DD-009541,2024-05-03,C-045,Thor,Guardería,190.0,Tarjeta,EMP-06,primera visita,1
DD-009638,2024-05-03,C-093,Thor,Baño,330.0,Tarjeta,EMP-06,,0
DD-009924,2024-05-03,C-238,Max,Adiestramiento,580.0,Transferencia,EMP-02,cliente frecuente,0
DD-009556,2024-05-03,C-051,Simba,Guardería,160.0,Efectivo,EMP-05,,1
DD-009979,2024-05-03,C-266,Rex,Guardería,190.0,Tarjeta,EMP-07,primera visita,0
DD-009473,2024-05-03,C-009,Rosa,Baño,420.0,Efectivo,EMP-05,cliente frecuente,1
DD-009518,2024-05-03,C-030,Bear,Corte,340.0,Transferencia,EMP-04,propina incluida,1
DD-009602,2024-05-03,C-073,Max,Corte,280.0,Tarjeta,EMP-01,traer vacunas,1
DD-009688,2024-05-03,C-124,Manchas,Guardería,190.0,Efectivo,EMP-05,propina incluida,0
DD-009809,2024-05-03,C-182,Negro,Guardería,150.0,Efectivo,EMP-02,,0
DD-009770,2024-05-03,C-162,Kira,Corte,400.0,Efectivo,EMP-04,requiere cita previa,0
DD-009996,2024-05-03,C-272,Boby,Baño,400.0,Transferencia,EMP-06,pago pendiente,0
DD-009824,2024-05-03,C-189,Zeus,Hotel,550.0,Transferencia,EMP-08,pago pendiente,0
DD-009944,2024-05-03,C-247,Rosa,Baño,220.0,Tarjeta,EMP-04,alérgico a champú,0
DD-009619,2024-05-03,C-080,Luna,Corte,480.0,Efectivo,EMP-07,perro agresivo,1
DD-009938,2024-05-03,C-244,Coco,Corte,270.0,Transferencia,EMP-04,primera visita,0
DD-010084,2024-05-03,C-314,Blanca,Hotel,530.0,Efectivo,EMP-03,cliente frecuente,0
DD-009493,2024-05-03,C-015,Panda,Guardería,150.0,Efectivo,EMP-03,,1
DD-009554,2024-05-03,C-050,Max,Adiestramiento,560.0,Tarjeta,EMP-06,alérgico a champú,1
DD-009816,2024-05-03,C-185,Toby,Corte,320.0,Efectivo,EMP-02,,0
DD-010073,2024-05-03,C-311,Nala,Guardería,220.0,Efectivo,EMP-03,descuento aplicado,0
DD-009885,2024-05-04,C-218,Mia,Guardería,210.0,Efectivo,EMP-08,perro agresivo,0
DD-009858,2024-05-04,C-207,Ringo,Baño,210.0,Tarjeta,EMP-07,propina incluida,0
DD-009639,2024-05-04,C-093,Thor,Guardería,200.0,Efectivo,EMP-02,,0
DD-009994,2024-05-04,C-271,Pancho,Baño,410.0,Efectivo,EMP-02,,0
DD-009778,2024-05-04,C-165,Frida,Corte,320.0,Efectivo,EMP-04,alérgico a champú,0
DD-009474,2024-05-04,C-010,Maya,Guardería,230.0,Tarjeta,EMP-01,,1
DD-009971,2024-05-04,C-260,Bonita,Baño,220.0,Tarjeta,EMP-05,primera visita,0
DD-009939,2024-05-04,C-244,Coco,Baño,270.0,Efectivo,EMP-03,pago pendiente,0
DD-010051,2024-05-04,C-298,Ringo,Baño,420.0,Tarjeta,EMP-06,primera visita,0
DD-009731,2024-05-04,C-141,Maya,Hotel,450.0,Transferencia,EMP-01,,0
DD-009949,2024-05-04,C-249,Kira,Corte,350.0,Efectivo,EMP-03,,0
DD-009951,2024-05-04,C-249,Kira,Guardería,210.0,Efectivo,EMP-07,cliente VIP,0
DD-009852,2024-05-04,C-204,Nala,Adiestramiento,730.0,Tarjeta,EMP-05,,0
DD-009969,2024-05-04,C-260,Bonita,Baño,230.0,Efectivo,EMP-03,,0
DD-009793,2024-05-04,C-173,Charlie,Guardería,200.0,Tarjeta,EMP-01,,0
DD-009510,2024-05-04,C-023,Tito,Guardería,160.0,Efectivo,EMP-08,,1
DD-009523,2024-05-04,C-032,Tito,Guardería,180.0,Transferencia,EMP-06,requiere cita previa,1
DD-009812,2024-05-04,C-182,Negro,Corte,360.0,Tarjeta,EMP-07,,0
DD-009677,2024-05-04,C-118,Bonita,Hotel,550.0,Tarjeta,EMP-04,propina incluida,0
DD-010013,2024-05-04,C-281,Bear,Adiestramiento,660.0,Tarjeta,EMP-05,cliente frecuente,0
DD-009907,2024-05-04,C-230,Chico,Hotel,570.0,Tarjeta,EMP-03,primera visita,0
DD-009555,2024-05-05,C-051,Simba,Guardería,170.0,Transferencia,EMP-02,propina incluida,1
DD-009728,2024-05-05,C-141,Maya,Corte,350.0,Transferencia,EMP-03,cliente VIP,0
DD-009941,2024-05-05,C-245,Frida,Baño,400.0,Transferencia,EMP-07,,0
DD-009496,2024-05-05,C-017,Canela,Hotel,590.0,Efectivo,EMP-01,primera visita,1
DD-010069,2024-05-05,C-309,Boby,Baño,420.0,Efectivo,EMP-04,,0
DD-009549,2024-05-05,C-048,Buddy,Baño,350.0,Transferencia,EMP-05,,1
DD-009760,2024-05-05,C-158,Negro,Guardería,190.0,Tarjeta,EMP-03,propina incluida,0
DD-009486,2024-05-05,C-014,Nena,Guardería,190.0,Tarjeta,EMP-04,,1
DD-009484,2024-05-05,C-012,Chispa,Corte,310.0,Transferencia,EMP-07,,1
DD-009650,2024-05-05,C-103,Panda,Baño,240.0,Efectivo,EMP-08,perro agresivo,0
DD-009823,2024-05-05,C-189,Zeus,Adiestramiento,670.0,Efectivo,EMP-08,,0
DD-009678,2024-05-05,C-120,Duke,Adiestramiento,790.0,Efectivo,EMP-02,,0
DD-009833,2024-05-05,C-193,Zeus,Corte,400.0,Transferencia,EMP-08,,0
DD-010015,2024-05-05,C-282,Rosa,Adiestramiento,750.0,Efectivo,EMP-04,,0
DD-010003,2024-05-06,C-276,Charlie,Baño,280.0,Transferencia,EMP-04,,0
DD-009797,2024-05-06,C-174,Chispa,Baño,290.0,Tarjeta,EMP-08,,0
DD-009655,2024-05-06,C-107,Lobo,Hotel,400.0,Efectivo,EMP-04,,0
DD-009615,2024-05-06,C-078,Kira,Guardería,200.0,Tarjeta,EMP-06,pago pendiente,1
DD-009892,2024-05-06,C-223,Sasha,Baño,230.0,Efectivo,EMP-06,,0
DD-009628,2024-05-06,C-086,Gordo,Baño,430.0,Tarjeta,EMP-07,pago pendiente,0
DD-009820,2024-05-06,C-187,Simba,Guardería,180.0,Transferencia,EMP-08,primera visita,0
DD-009652,2024-05-06,C-105,Tito,Guardería,200.0,Tarjeta,EMP-01,descuento aplicado,0
DD-009669,2024-05-06,C-112,Princesa,Guardería,200.0,Tarjeta,EMP-04,,0
DD-009888,2024-05-06,C-219,Nina,Guardería,180.0,Efectivo,EMP-04,,0
DD-009804,2024-05-06,C-180,Buddy,Baño,210.0,Efectivo,EMP-07,,0
DD-009681,2024-05-06,C-121,Duke,Guardería,240.0,Tarjeta,EMP-02,,0
DD-009686,2024-05-06,C-123,Ringo,Hotel,390.0,Efectivo,EMP-07,pago pendiente,0
DD-009932,2024-05-06,C-243,Maya,Corte,430.0,Efectivo,EMP-08,,0
DD-009707,2024-05-06,C-131,Sultan,Guardería,160.0,Efectivo,EMP-03,perro agresivo,0
DD-009992,2024-05-06,C-271,Pancho,Hotel,430.0,Tarjeta,EMP-07,cliente VIP,0
DD-009574,2024-05-06,C-059,Pepa,Guardería,180.0,Efectivo,EMP-07,pago pendiente,1
DD-009895,2024-05-06,C-225,Simba,Guardería,220.0,Efectivo,EMP-06,,0
DD-010090,2024-05-06,C-317,Beto,Guardería,240.0,Efectivo,EMP-03,perro agresivo,0
DD-009495,2024-05-06,C-017,Canela,Guardería,240.0,Efectivo,EMP-03,,1
DD-010054,2024-05-06,C-298,Ringo,Corte,380.0,Efectivo,EMP-01,,0
DD-010071,2024-05-07,C-310,Paloma,Baño,400.0,Efectivo,EMP-03,alérgico a champú,0
DD-009807,2024-05-07,C-181,Nala,Guardería,240.0,Efectivo,EMP-06,,0
DD-009722,2024-05-07,C-138,Bear,Adiestramiento,690.0,Efectivo,EMP-03,,0
DD-009861,2024-05-07,C-209,Manchas,Guardería,190.0,Transferencia,EMP-07,requiere cita previa,0
DD-009857,2024-05-07,C-207,Ringo,Corte,370.0,Efectivo,EMP-03,,0
DD-009881,2024-05-07,C-216,Bonita,Corte,250.0,Tarjeta,EMP-03,,0
DD-009850,2024-05-07,C-203,Princesa,Hotel,440.0,Tarjeta,EMP-01,cliente frecuente,0
DD-009990,2024-05-07,C-270,Luna,Hotel,570.0,Efectivo,EMP-04,cliente VIP,0
DD-009864,2024-05-07,C-210,Max,Guardería,170.0,Tarjeta,EMP-01,,0
DD-010032,2024-05-07,C-288,Boby,Adiestramiento,640.0,Tarjeta,EMP-04,,0
DD-009553,2024-05-07,C-050,Max,Hotel,540.0,Tarjeta,EMP-02,traer vacunas,1
DD-009611,2024-05-07,C-078,Kira,Baño,360.0,Efectivo,EMP-08,descuento aplicado,1
DD-010010,2024-05-07,C-278,Estrella,Baño,330.0,Transferencia,EMP-07,,0
DD-009737,2024-05-07,C-144,Rex,Hotel,500.0,Efectivo,EMP-01,,0
DD-009489,2024-05-07,C-015,Panda,Hotel,520.0,Efectivo,EMP-08,primera visita,1
DD-009535,2024-05-07,C-043,Luna,Guardería,200.0,Tarjeta,EMP-02,pago pendiente,1
DD-009708,2024-05-07,C-131,Sultan,Corte,360.0,Transferencia,EMP-07,,0
DD-009821,2024-05-07,C-187,Simba,Baño,210.0,Tarjeta,EMP-03,cliente VIP,0
DD-009643,2024-05-07,C-097,Bella,Hotel,380.0,Tarjeta,EMP-04,cliente VIP,0
DD-009837,2024-05-07,C-195,Rocky,Hotel,500.0,Efectivo,EMP-04,alérgico a champú,0
DD-009787,2024-05-07,C-169,Gordo,Adiestramiento,560.0,Tarjeta,EMP-01,cliente frecuente,0
DD-010041,2024-05-07,C-293,Blanca,Baño,440.0,Transferencia,EMP-03,,0
DD-009967,2024-05-08,C-258,Lola,Guardería,160.0,Tarjeta,EMP-07,,0
DD-009976,2024-05-08,C-263,Nena,Guardería,160.0,Tarjeta,EMP-06,descuento aplicado,0
DD-009871,2024-05-08,C-213,Pancho,Corte,260.0,Tarjeta,EMP-06,cliente VIP,0
DD-009890,2024-05-08,C-220,Sammy,Corte,270.0,Tarjeta,EMP-03,,0
DD-009634,2024-05-08,C-091,Kira,Baño,370.0,Tarjeta,EMP-07,,0
DD-009972,2024-05-08,C-260,Bonita,Guardería,180.0,Efectivo,EMP-07,requiere cita previa,0
DD-009956,2024-05-08,C-251,Blanca,Baño,420.0,Transferencia,EMP-04,pago pendiente,0
DD-009989,2024-05-08,C-270,Luna,Baño,230.0,Efectivo,EMP-08,pago pendiente,0
DD-009640,2024-05-08,C-094,Bear,Baño,430.0,Tarjeta,EMP-08,descuento aplicado,0
DD-009954,2024-05-08,C-250,Pepa,Guardería,160.0,Efectivo,EMP-05,primera visita,0
DD-009691,2024-05-08,C-125,Tigrillo,Baño,380.0,Transferencia,EMP-07,propina incluida,0
DD-009947,2024-05-08,C-248,Thor,Guardería,160.0,Efectivo,EMP-02,cliente frecuente,0
DD-009664,2024-05-08,C-109,Lobo,Hotel,450.0,Tarjeta,EMP-03,,0
DD-009899,2024-05-08,C-226,Chispa,Baño,360.0,Efectivo,EMP-02,,0
DD-009762,2024-05-08,C-159,Sultan,Guardería,180.0,Efectivo,EMP-08,primera visita,0
DD-009471,2024-05-08,C-007,Tito,Guardería,220.0,Transferencia,EMP-03,,1
DD-009906,2024-05-08,C-230,Chico,Guardería,180.0,Efectivo,EMP-05,pago pendiente,0
DD-009581,2024-05-08,C-062,Zeus,Hotel,440.0,Tarjeta,EMP-01,,1
DD-009735,2024-05-08,C-144,Rex,Corte,280.0,Tarjeta,EMP-06,traer vacunas,0
DD-009463,2024-05-08,C-004,Paloma,Baño,300.0,Efectivo,EMP-03,requiere cita previa,1
DD-009766,2024-05-08,C-161,Chispa,Guardería,180.0,Tarjeta,EMP-06,,0
DD-009894,2024-05-08,C-224,Zeus,Hotel,480.0,Efectivo,EMP-08,,0
DD-009781,2024-05-08,C-166,Boby,Hotel,520.0,Efectivo,EMP-03,cliente VIP,0
DD-009564,2024-05-08,C-056,Bonita,Hotel,540.0,Tarjeta,EMP-04,,1
DD-009738,2024-05-09,C-144,Rex,Guardería,240.0,Efectivo,EMP-07,,0
DD-009910,2024-05-09,C-231,Fifi,Guardería,240.0,Transferencia,EMP-01,descuento aplicado,0
DD-009869,2024-05-09,C-213,Pancho,Baño,290.0,Efectivo,EMP-08,,0
DD-009696,2024-05-09,C-127,Beto,Guardería,180.0,Efectivo,EMP-08,,0
DD-009959,2024-05-09,C-252,Kira,Guardería,220.0,Tarjeta,EMP-01,propina incluida,0
DD-009961,2024-05-09,C-253,Luna,Baño,360.0,Efectivo,EMP-01,traer vacunas,0
DD-009578,2024-05-09,C-061,Toby,Guardería,250.0,Efectivo,EMP-02,requiere cita previa,1
DD-010048,2024-05-09,C-296,Duke,Guardería,220.0,Efectivo,EMP-02,,0
DD-009462,2024-05-09,C-003,Bella,Baño,330.0,Tarjeta,EMP-01,propina incluida,1
DD-010079,2024-05-09,C-313,Nala,Guardería,230.0,Efectivo,EMP-06,,0
DD-010061,2024-05-09,C-304,Buddy,Guardería,180.0,Efectivo,EMP-06,,0
DD-009985,2024-05-09,C-268,Nala,Corte,450.0,Tarjeta,EMP-06,perro agresivo,0
DD-009828,2024-05-09,C-191,Sammy,Guardería,190.0,Efectivo,EMP-04,traer vacunas,0
DD-009740,2024-05-09,C-146,Ringo,Baño,380.0,Transferencia,EMP-05,traer vacunas,0
DD-009500,2024-05-09,C-019,Canela,Baño,380.0,Transferencia,EMP-03,requiere cita previa,1
DD-009620,2024-05-09,C-081,Luna,Guardería,220.0,Tarjeta,EMP-03,propina incluida,0
DD-009876,2024-05-09,C-214,Gordo,Guardería,240.0,Efectivo,EMP-08,,0
DD-009943,2024-05-09,C-246,Luna,Baño,300.0,Tarjeta,EMP-04,primera visita,0
DD-009918,2024-05-09,C-235,Blanca,Baño,410.0,Transferencia,EMP-06,,0
DD-009721,2024-05-09,C-137,Sasha,Guardería,180.0,Tarjeta,EMP-08,propina incluida,0
DD-009580,2024-05-10,C-062,Zeus,Guardería,200.0,Efectivo,EMP-07,traer vacunas,1
DD-009527,2024-05-10,C-034,Gus,Baño,270.0,Tarjeta,EMP-07,,1
DD-009854,2024-05-10,C-206,Simba,Adiestramiento,610.0,Efectivo,EMP-06,primera visita,0
DD-009905,2024-05-10,C-230,Chico,Adiestramiento,650.0,Tarjeta,EMP-05,,0
DD-009514,2024-05-10,C-027,Zeus,Corte,310.0,Tarjeta,EMP-04,,1
DD-010056,2024-05-10,C-300,Manchas,Corte,480.0,Efectivo,EMP-02,descuento aplicado,0
DD-009977,2024-05-10,C-265,Duke,Guardería,200.0,Transferencia,EMP-06,cliente VIP,0
DD-009618,2024-05-10,C-080,Luna,Baño,370.0,Transferencia,EMP-05,,1
DD-010043,2024-05-10,C-294,Rex,Guardería,200.0,Efectivo,EMP-07,pago pendiente,0
DD-009537,2024-05-10,C-044,Tigrillo,Guardería,240.0,Tarjeta,EMP-06,,1
DD-009940,2024-05-10,C-244,Coco,Hotel,430.0,Efectivo,EMP-07,,0
DD-009508,2024-05-10,C-022,Sammy,Hotel,380.0,Tarjeta,EMP-02,,1
DD-009925,2024-05-10,C-238,Max,Guardería,160.0,Efectivo,EMP-03,,0
DD-009930,2024-05-10,C-242,Sammy,Guardería,250.0,Tarjeta,EMP-07,propina incluida,0
DD-009745,2024-05-11,C-149,Toby,Guardería,210.0,Transferencia,EMP-02,propina incluida,0
DD-009934,2024-05-11,C-243,Maya,Guardería,160.0,Tarjeta,EMP-06,propina incluida,0
DD-010083,2024-05-11,C-314,Blanca,Hotel,370.0,Tarjeta,EMP-04,,0
DD-009749,2024-05-11,C-152,Rex,Guardería,220.0,Efectivo,EMP-05,,0
DD-009521,2024-05-11,C-032,Tito,Baño,440.0,Efectivo,EMP-08,,1
DD-009946,2024-05-11,C-248,Thor,Hotel,400.0,Efectivo,EMP-05,pago pendiente,0
DD-009756,2024-05-11,C-156,Beto,Guardería,200.0,Efectivo,EMP-04,,0
DD-009573,2024-05-11,C-059,Pepa,Guardería,220.0,Tarjeta,EMP-04,perro agresivo,1
DD-009515,2024-05-11,C-028,Princesa,Hotel,380.0,Tarjeta,EMP-07,cliente frecuente,1
DD-009653,2024-05-11,C-105,Tito,Guardería,220.0,Efectivo,EMP-02,,0
DD-009818,2024-05-11,C-186,Frida,Guardería,170.0,Tarjeta,EMP-01,cliente frecuente,0
DD-009627,2024-05-11,C-085,Beto,Guardería,240.0,Efectivo,EMP-08,descuento aplicado,0
DD-010033,2024-05-11,C-288,Boby,Baño,410.0,Efectivo,EMP-08,,0
DD-009974,2024-05-11,C-261,Sultan,Guardería,200.0,Efectivo,EMP-01,pago pendiente,0
DD-009594,2024-05-11,C-068,Lola,Guardería,210.0,Tarjeta,EMP-02,,1
DD-009559,2024-05-11,C-053,Buddy,Corte,390.0,Transferencia,EMP-07,,1
DD-010023,2024-05-11,C-285,Daisy,Guardería,210.0,Transferencia,EMP-02,descuento aplicado,0
DD-009576,2024-05-11,C-060,Lobo,Baño,200.0,Transferencia,EMP-07,,1
DD-009835,2024-05-11,C-194,Nina,Hotel,580.0,Tarjeta,EMP-02,,0
DD-009585,2024-05-12,C-064,Bella,Guardería,240.0,Tarjeta,EMP-07,,1
DD-009697,2024-05-12,C-128,Chico,Baño,300.0,Tarjeta,EMP-08,,0
DD-010092,2024-05-12,C-319,Princesa,Guardería,170.0,Efectivo,EMP-08,,0
DD-010064,2024-05-12,C-305,Paloma,Guardería,230.0,Efectivo,EMP-04,alérgico a champú,0
DD-009635,2024-05-12,C-091,Kira,Baño,290.0,Transferencia,EMP-06,cliente VIP,0
DD-009709,2024-05-12,C-131,Sultan,Hotel,370.0,Tarjeta,EMP-06,,0
DD-009846,2024-05-12,C-201,Rosa,Guardería,150.0,Efectivo,EMP-03,descuento aplicado,0
DD-010014,2024-05-12,C-282,Rosa,Hotel,570.0,Tarjeta,EMP-07,,0
DD-009579,2024-05-12,C-062,Zeus,Baño,450.0,Efectivo,EMP-03,,1
DD-009725,2024-05-12,C-139,Panda,Corte,300.0,Efectivo,EMP-03,,0
DD-009642,2024-05-12,C-096,Chato,Guardería,190.0,Tarjeta,EMP-07,,0
DD-009605,2024-05-12,C-074,Fifi,Guardería,160.0,Tarjeta,EMP-04,cliente frecuente,1
DD-009750,2024-05-12,C-152,Rex,Hotel,540.0,Tarjeta,EMP-03,cliente frecuente,0
DD-009711,2024-05-12,C-132,Blanca,Corte,480.0,Tarjeta,EMP-03,alérgico a champú,0
DD-009978,2024-05-12,C-265,Duke,Baño,350.0,Efectivo,EMP-04,,0
DD-009529,2024-05-12,C-035,Pancho,Guardería,180.0,Efectivo,EMP-04,,1
DD-009689,2024-05-12,C-124,Manchas,Guardería,170.0,Efectivo,EMP-08,primera visita,0
DD-009665,2024-05-12,C-111,Thor,Guardería,160.0,Transferencia,EMP-06,primera visita,0
DD-010017,2024-05-12,C-283,Princesa,Baño,270.0,Efectivo,EMP-03,descuento aplicado,0
DD-009666,2024-05-12,C-111,Thor,Guardería,190.0,Efectivo,EMP-04,cliente frecuente,0
DD-010044,2024-05-13,C-295,Chico,Guardería,220.0,Tarjeta,EMP-08,,0
DD-009759,2024-05-13,C-158,Negro,Corte,460.0,Efectivo,EMP-07,alérgico a champú,0
DD-009476,2024-05-13,C-010,Maya,Baño,230.0,Tarjeta,EMP-02,,1
DD-009480,2024-05-13,C-011,Daisy,Baño,220.0,Tarjeta,EMP-05,requiere cita previa,1
DD-009841,2024-05-13,C-196,Nina,Guardería,240.0,Transferencia,EMP-01,alérgico a champú,0
DD-009560,2024-05-13,C-054,Mia,Baño,400.0,Efectivo,EMP-05,,1
DD-010011,2024-05-13,C-278,Estrella,Corte,390.0,Tarjeta,EMP-04,pago pendiente,0
DD-009865,2024-05-13,C-210,Max,Baño,220.0,Transferencia,EMP-03,perro agresivo,0
DD-009723,2024-05-13,C-138,Bear,Guardería,180.0,Efectivo,EMP-04,,0
DD-009801,2024-05-13,C-178,Coco,Baño,350.0,Transferencia,EMP-05,,0
DD-009987,2024-05-13,C-269,Maya,Corte,330.0,Transferencia,EMP-07,perro agresivo,0
DD-009834,2024-05-13,C-194,Nina,Hotel,470.0,Tarjeta,EMP-05,,0
DD-009724,2024-05-13,C-138,Bear,Guardería,160.0,Efectivo,EMP-01,,0
DD-009704,2024-05-13,C-131,Sultan,Guardería,220.0,Tarjeta,EMP-02,,0
DD-009962,2024-05-13,C-253,Luna,Baño,250.0,Tarjeta,EMP-02,,0
DD-009575,2024-05-13,C-060,Lobo,Baño,200.0,Tarjeta,EMP-07,,1
DD-010005,2024-05-14,C-276,Charlie,Guardería,200.0,Efectivo,EMP-02,propina incluida,0
DD-009771,2024-05-14,C-163,Rocky,Guardería,220.0,Efectivo,EMP-06,,0
DD-009933,2024-05-14,C-243,Maya,Hotel,370.0,Efectivo,EMP-05,,0
DD-009621,2024-05-14,C-081,Luna,Baño,340.0,Tarjeta,EMP-07,,0
DD-009548,2024-05-14,C-048,Buddy,Guardería,240.0,Tarjeta,EMP-03,perro agresivo,1
DD-009859,2024-05-14,C-207,Ringo,Adiestramiento,690.0,Tarjeta,EMP-07,perro agresivo,0
DD-010089,2024-05-14,C-317,Beto,Hotel,570.0,Tarjeta,EMP-03,,0
DD-009973,2024-05-14,C-261,Sultan,Baño,360.0,Tarjeta,EMP-04,descuento aplicado,0
DD-009609,2024-05-14,C-077,Kira,Baño,400.0,Efectivo,EMP-02,requiere cita previa,1
DD-009641,2024-05-14,C-095,Nala,Guardería,240.0,Efectivo,EMP-08,,0
DD-009644,2024-05-14,C-097,Bella,Baño,300.0,Efectivo,EMP-06,alérgico a champú,0
DD-010070,2024-05-14,C-309,Boby,Corte,250.0,Tarjeta,EMP-08,perro agresivo,0
DD-009679,2024-05-14,C-121,Duke,Hotel,530.0,Efectivo,EMP-03,,0
DD-009499,2024-05-14,C-018,Toby,Guardería,230.0,Tarjeta,EMP-01,,1
DD-009830,2024-05-14,C-192,Sammy,Hotel,400.0,Efectivo,EMP-07,cliente VIP,0
DD-009464,2024-05-14,C-004,Paloma,Baño,360.0,Transferencia,EMP-04,requiere cita previa,1
DD-010060,2024-05-14,C-302,Fifi,Baño,430.0,Tarjeta,EMP-01,,0
DD-009909,2024-05-14,C-231,Fifi,Guardería,180.0,Tarjeta,EMP-06,perro agresivo,0
DD-010028,2024-05-14,C-287,Maya,Corte,360.0,Efectivo,EMP-05,alérgico a champú,0
DD-009856,2024-05-14,C-207,Ringo,Baño,350.0,Tarjeta,EMP-06,,0
DD-009849,2024-05-14,C-203,Princesa,Guardería,210.0,Efectivo,EMP-08,cliente frecuente,0
DD-009966,2024-05-14,C-256,Chato,Hotel,530.0,Tarjeta,EMP-05,,0
DD-009512,2024-05-15,C-025,Lola,Corte,320.0,Tarjeta,EMP-03,,1
DD-009868,2024-05-15,C-212,Negro,Guardería,240.0,Tarjeta,EMP-07,traer vacunas,0
DD-009840,2024-05-15,C-196,Nina,Guardería,240.0,Efectivo,EMP-01,cliente frecuente,0
DD-009829,2024-05-15,C-192,Sammy,Guardería,160.0,Tarjeta,EMP-08,cliente VIP,0
DD-009558,2024-05-15,C-053,Buddy,Guardería,160.0,Tarjeta,EMP-02,,1
DD-010027,2024-05-15,C-287,Maya,Guardería,200.0,Tarjeta,EMP-06,,0
DD-009757,2024-05-15,C-157,Thor,Corte,360.0,Efectivo,EMP-02,,0
DD-009503,2024-05-15,C-019,Canela,Guardería,230.0,Efectivo,EMP-02,perro agresivo,1
DD-009730,2024-05-15,C-141,Maya,Corte,430.0,Efectivo,EMP-06,,0
DD-009773,2024-05-15,C-164,Gus,Adiestramiento,430.0,Transferencia,EMP-05,pago pendiente,0
DD-009942,2024-05-15,C-246,Luna,Corte,390.0,Efectivo,EMP-07,pago pendiente,0
DD-009506,2024-05-15,C-020,Fifi,Hotel,380.0,Efectivo,EMP-03,traer vacunas,1
DD-009908,2024-05-15,C-231,Fifi,Hotel,450.0,Efectivo,EMP-02,descuento aplicado,0
DD-009717,2024-05-15,C-135,Bella,Hotel,530.0,Tarjeta,EMP-07,alérgico a champú,0
DD-009545,2024-05-15,C-046,Chato,Hotel,360.0,Tarjeta,EMP-05,cliente frecuente,1
DD-010052,2024-05-16,C-298,Ringo,Baño,380.0,Tarjeta,EMP-07,requiere cita previa,0
DD-009586,2024-05-16,C-065,Buddy,Baño,370.0,Efectivo,EMP-07,primera visita,1
DD-009875,2024-05-16,C-214,Gordo,Corte,250.0,Tarjeta,EMP-05,pago pendiente,0
DD-010012,2024-05-16,C-280,Nena,Guardería,200.0,Transferencia,EMP-08,pago pendiente,0
DD-009912,2024-05-16,C-232,Thor,Baño,240.0,Efectivo,EMP-01,perro agresivo,0
DD-009803,2024-05-16,C-179,Nina,Baño,210.0,Efectivo,EMP-06,,0
DD-009571,2024-05-16,C-058,Gordo,Corte,410.0,Efectivo,EMP-04,traer vacunas,1
DD-009776,2024-05-16,C-165,Frida,Guardería,170.0,Tarjeta,EMP-02,pago pendiente,0
DD-009763,2024-05-16,C-159,Sultan,Corte,250.0,Tarjeta,EMP-08,requiere cita previa,0
DD-009789,2024-05-16,C-170,Frida,Baño,380.0,Tarjeta,EMP-05,primera visita,0
DD-009743,2024-05-16,C-148,Lola,Hotel,470.0,Efectivo,EMP-06,cliente frecuente,0
DD-009920,2024-05-16,C-236,Frida,Guardería,190.0,Efectivo,EMP-05,,0
DD-009983,2024-05-16,C-268,Nala,Corte,490.0,Tarjeta,EMP-05,,0
DD-009950,2024-05-16,C-249,Kira,Adiestramiento,440.0,Tarjeta,EMP-06,cliente VIP,0
DD-009683,2024-05-16,C-123,Ringo,Guardería,170.0,Efectivo,EMP-02,perro agresivo,0
DD-009516,2024-05-16,C-028,Princesa,Adiestramiento,620.0,Efectivo,EMP-08,traer vacunas,1
DD-009965,2024-05-16,C-255,Frida,Corte,270.0,Efectivo,EMP-04,perro agresivo,0
DD-009630,2024-05-16,C-087,Sasha,Adiestramiento,510.0,Efectivo,EMP-03,,0
DD-010035,2024-05-16,C-289,Kira,Guardería,250.0,Efectivo,EMP-06,,0
DD-009597,2024-05-16,C-070,Buddy,Baño,390.0,Transferencia,EMP-08,alérgico a champú,1
DD-009733,2024-05-16,C-142,Estrella,Guardería,210.0,Efectivo,EMP-06,propina incluida,0
DD-009610,2024-05-16,C-077,Kira,Baño,370.0,Efectivo,EMP-07,,1
DD-009517,2024-05-16,C-029,Gus,Guardería,160.0,Tarjeta,EMP-01,traer vacunas,1
DD-009891,2024-05-16,C-222,Canela,Guardería,230.0,Transferencia,EMP-02,traer vacunas,0
DD-010053,2024-05-16,C-298,Ringo,Baño,240.0,Tarjeta,EMP-05,requiere cita previa,0
DD-009550,2024-05-16,C-049,Max,Baño,330.0,Efectivo,EMP-08,pago pendiente,1
DD-009524,2024-05-17,C-032,Tito,Baño,260.0,Transferencia,EMP-05,alérgico a champú,1
DD-010047,2024-05-17,C-296,Duke,Hotel,540.0,Tarjeta,EMP-03,requiere cita previa,0
DD-009538,2024-05-17,C-044,Tigrillo,Guardería,200.0,Transferencia,EMP-02,cliente frecuente,1
DD-009599,2024-05-17,C-071,Daisy,Baño,290.0,Tarjeta,EMP-01,,1
DD-009903,2024-05-17,C-229,Bella,Guardería,160.0,Tarjeta,EMP-01,descuento aplicado,0
DD-009659,2024-05-17,C-108,Sasha,Hotel,390.0,Tarjeta,EMP-05,pago pendiente,0
DD-009752,2024-05-17,C-153,Chato,Baño,220.0,Tarjeta,EMP-04,pago pendiente,0
DD-010049,2024-05-17,C-297,Sasha,Guardería,150.0,Efectivo,EMP-03,requiere cita previa,0
DD-009682,2024-05-17,C-122,Pepa,Guardería,210.0,Efectivo,EMP-06,perro agresivo,0
DD-009663,2024-05-17,C-109,Lobo,Baño,330.0,Tarjeta,EMP-08,perro agresivo,0
DD-009501,2024-05-17,C-019,Canela,Guardería,240.0,Efectivo,EMP-02,primera visita,1
DD-009670,2024-05-17,C-112,Princesa,Guardería,220.0,Efectivo,EMP-02,traer vacunas,0
DD-009712,2024-05-17,C-133,Gus,Baño,350.0,Efectivo,EMP-06,,0
DD-009617,2024-05-17,C-079,Charlie,Guardería,220.0,Tarjeta,EMP-08,,1
DD-009747,2024-05-17,C-150,Duke,Baño,290.0,Efectivo,EMP-07,,0
DD-009591,2024-05-17,C-066,Rocky,Guardería,200.0,Efectivo,EMP-06,pago pendiente,1
DD-009531,2024-05-17,C-036,Rex,Hotel,350.0,Efectivo,EMP-01,,1
DD-009519,2024-05-17,C-030,Bear,Guardería,210.0,Efectivo,EMP-07,descuento aplicado,1
DD-009487,2024-05-17,C-014,Nena,Guardería,230.0,Tarjeta,EMP-04,pago pendiente,1
DD-009872,2024-05-17,C-213,Pancho,Guardería,210.0,Efectivo,EMP-01,,0
DD-009808,2024-05-18,C-182,Negro,Corte,340.0,Tarjeta,EMP-08,perro agresivo,0
DD-009860,2024-05-18,C-208,Coco,Baño,280.0,Tarjeta,EMP-04,descuento aplicado,0
DD-009862,2024-05-18,C-209,Manchas,Guardería,150.0,Transferencia,EMP-06,requiere cita previa,0
DD-009900,2024-05-18,C-227,Maya,Corte,480.0,Tarjeta,EMP-06,,0
DD-009552,2024-05-18,C-050,Max,Hotel,430.0,Tarjeta,EMP-04,requiere cita previa,1
DD-009570,2024-05-18,C-058,Gordo,Guardería,200.0,Transferencia,EMP-05,cliente VIP,1
DD-010008,2024-05-18,C-277,Panda,Guardería,200.0,Efectivo,EMP-03,cliente frecuente,0
DD-010004,2024-05-18,C-276,Charlie,Guardería,180.0,Tarjeta,EMP-05,,0
DD-009988,2024-05-18,C-269,Maya,Adiestramiento,780.0,Tarjeta,EMP-03,cliente VIP,0
DD-010037,2024-05-18,C-290,Lola,Hotel,450.0,Tarjeta,EMP-03,,0
DD-009492,2024-05-18,C-015,Panda,Guardería,230.0,Tarjeta,EMP-05,propina incluida,1
DD-009968,2024-05-18,C-259,Paloma,Baño,410.0,Efectivo,EMP-01,primera visita,0
DD-009673,2024-05-18,C-115,Charlie,Guardería,160.0,Tarjeta,EMP-07,descuento aplicado,0
DD-009676,2024-05-18,C-117,Daisy,Corte,410.0,Efectivo,EMP-04,,0
DD-009702,2024-05-18,C-130,Gordo,Guardería,210.0,Tarjeta,EMP-06,pago pendiente,0
DD-009562,2024-05-18,C-055,Bear,Corte,420.0,Tarjeta,EMP-06,,1
DD-009472,2024-05-18,C-007,Tito,Baño,290.0,Transferencia,EMP-03,,1
DD-009919,2024-05-18,C-236,Frida,Guardería,220.0,Efectivo,EMP-01,perro agresivo,0
DD-009478,2024-05-18,C-010,Maya,Hotel,460.0,Efectivo,EMP-05,,1
DD-009782,2024-05-18,C-166,Boby,Guardería,240.0,Tarjeta,EMP-03,perro agresivo,0
DD-009765,2024-05-18,C-160,Boby,Adiestramiento,520.0,Tarjeta,EMP-06,,0
DD-009783,2024-05-18,C-167,Coco,Guardería,220.0,Tarjeta,EMP-01,traer vacunas,0
DD-010087,2024-05-18,C-316,Nina,Guardería,230.0,Efectivo,EMP-04,,0
DD-009582,2024-05-19,C-063,Estrella,Adiestramiento,490.0,Tarjeta,EMP-05,,1
DD-010036,2024-05-19,C-289,Kira,Guardería,160.0,Efectivo,EMP-07,propina incluida,0
DD-009845,2024-05-19,C-200,Paloma,Hotel,470.0,Efectivo,EMP-07,cliente VIP,0
DD-009827,2024-05-19,C-191,Sammy,Guardería,170.0,Transferencia,EMP-04,propina incluida,0
DD-009622,2024-05-19,C-081,Luna,Hotel,560.0,Tarjeta,EMP-08,primera visita,0
DD-009633,2024-05-19,C-088,Simba,Guardería,180.0,Tarjeta,EMP-04,alérgico a champú,0
DD-010046,2024-05-19,C-296,Duke,Baño,410.0,Efectivo,EMP-07,,0
DD-009648,2024-05-19,C-102,Chispa,Corte,290.0,Tarjeta,EMP-08,cliente VIP,0
DD-010019,2024-05-19,C-284,Duke,Guardería,170.0,Tarjeta,EMP-03,cliente VIP,0
DD-009817,2024-05-19,C-186,Frida,Hotel,540.0,Transferencia,EMP-05,,0
DD-009662,2024-05-19,C-109,Lobo,Guardería,170.0,Efectivo,EMP-02,requiere cita previa,0
DD-009926,2024-05-19,C-240,Mia,Guardería,220.0,Tarjeta,EMP-02,pago pendiente,0
DD-009715,2024-05-19,C-134,Luna,Baño,330.0,Tarjeta,EMP-05,,0
DD-009838,2024-05-19,C-195,Rocky,Guardería,220.0,Tarjeta,EMP-06,,0
DD-010018,2024-05-19,C-283,Princesa,Baño,240.0,Efectivo,EMP-05,cliente frecuente,0
DD-009593,2024-05-19,C-067,Bonita,Guardería,150.0,Efectivo,EMP-01,,1
DD-010075,2024-05-20,C-311,Nala,Guardería,160.0,Efectivo,EMP-08,descuento aplicado,0
DD-009479,2024-05-20,C-011,Daisy,Guardería,200.0,Tarjeta,EMP-04,,1
DD-009539,2024-05-20,C-044,Tigrillo,Hotel,470.0,Efectivo,EMP-01,propina incluida,1
DD-009507,2024-05-20,C-020,Fifi,Corte,290.0,Tarjeta,EMP-06,,1
DD-010031,2024-05-20,C-288,Boby,Guardería,180.0,Tarjeta,EMP-02,alérgico a champú,0
DD-010074,2024-05-20,C-311,Nala,Adiestramiento,460.0,Tarjeta,EMP-01,pago pendiente,0
DD-010082,2024-05-20,C-314,Blanca,Guardería,220.0,Efectivo,EMP-07,descuento aplicado,0
DD-009494,2024-05-20,C-017,Canela,Guardería,190.0,Efectivo,EMP-01,cliente VIP,1
DD-010078,2024-05-20,C-312,Bella,Baño,320.0,Efectivo,EMP-03,requiere cita previa,0
DD-009963,2024-05-20,C-254,Fifi,Guardería,200.0,Transferencia,EMP-03,perro agresivo,0
DD-009874,2024-05-20,C-214,Gordo,Guardería,220.0,Efectivo,EMP-07,,0
DD-009800,2024-05-20,C-176,Estrella,Guardería,240.0,Transferencia,EMP-02,propina incluida,0
DD-009613,2024-05-20,C-078,Kira,Baño,270.0,Efectivo,EMP-03,,1
DD-009625,2024-05-20,C-082,Zeus,Baño,200.0,Tarjeta,EMP-06,propina incluida,0
DD-009777,2024-05-20,C-165,Frida,Guardería,220.0,Efectivo,EMP-02,requiere cita previa,0
DD-009982,2024-05-20,C-267,Daisy,Hotel,510.0,Efectivo,EMP-03,cliente VIP,0
DD-009981,2024-05-20,C-267,Daisy,Corte,260.0,Efectivo,EMP-04,,0
DD-009654,2024-05-20,C-106,Charlie,Corte,300.0,Tarjeta,EMP-03,,0
DD-009658,2024-05-20,C-107,Lobo,Baño,440.0,Transferencia,EMP-04,alérgico a champú,0
DD-010029,2024-05-20,C-288,Boby,Guardería,240.0,Efectivo,EMP-03,primera visita,0
DD-009685,2024-05-20,C-123,Ringo,Baño,370.0,Tarjeta,EMP-07,,0
DD-009774,2024-05-20,C-164,Gus,Guardería,220.0,Efectivo,EMP-05,,0
DD-009952,2024-05-20,C-250,Pepa,Guardería,240.0,Efectivo,EMP-07,pago pendiente,0
DD-009916,2024-05-21,C-233,Manchas,Guardería,180.0,Efectivo,EMP-04,pago pendiente,0
DD-010026,2024-05-21,C-287,Maya,Guardería,230.0,Efectivo,EMP-05,,0
DD-010076,2024-05-21,C-311,Nala,Baño,420.0,Efectivo,EMP-04,,0
DD-009882,2024-05-21,C-216,Bonita,Guardería,200.0,Efectivo,EMP-08,perro agresivo,0
DD-009897,2024-05-21,C-225,Simba,Guardería,160.0,Transferencia,EMP-08,,0
DD-010077,2024-05-21,C-312,Bella,Baño,430.0,Tarjeta,EMP-02,perro agresivo,0
DD-009995,2024-05-21,C-272,Boby,Baño,320.0,Efectivo,EMP-01,alérgico a champú,0
DD-009825,2024-05-21,C-189,Zeus,Guardería,240.0,Tarjeta,EMP-03,cliente frecuente,0
DD-009601,2024-05-21,C-073,Max,Guardería,180.0,Tarjeta,EMP-06,descuento aplicado,1
DD-009616,2024-05-21,C-079,Charlie,Guardería,160.0,Efectivo,EMP-07,,1
DD-009794,2024-05-21,C-173,Charlie,Baño,260.0,Tarjeta,EMP-07,perro agresivo,0
DD-009637,2024-05-21,C-093,Thor,Guardería,170.0,Efectivo,EMP-03,primera visita,0
DD-009544,2024-05-21,C-045,Thor,Baño,220.0,Efectivo,EMP-05,cliente VIP,1
DD-009802,2024-05-21,C-179,Nina,Corte,290.0,Efectivo,EMP-01,descuento aplicado,0
DD-009736,2024-05-21,C-144,Rex,Baño,200.0,Tarjeta,EMP-03,primera visita,0
DD-009577,2024-05-21,C-061,Toby,Corte,500.0,Efectivo,EMP-04,,1
DD-009819,2024-05-21,C-186,Frida,Baño,450.0,Efectivo,EMP-05,,0
DD-009513,2024-05-21,C-027,Zeus,Corte,370.0,Tarjeta,EMP-06,pago pendiente,1
DD-009596,2024-05-21,C-069,Paloma,Baño,440.0,Efectivo,EMP-06,alérgico a champú,1
DD-009481,2024-05-21,C-011,Daisy,Corte,440.0,Efectivo,EMP-06,,1
DD-009667,2024-05-21,C-111,Thor,Guardería,240.0,Efectivo,EMP-01,cliente VIP,0
DD-009710,2024-05-21,C-132,Blanca,Adiestramiento,580.0,Efectivo,EMP-02,,0
DD-009848,2024-05-21,C-202,Tigrillo,Baño,340.0,Efectivo,EMP-08,,0
DD-009695,2024-05-21,C-127,Beto,Baño,280.0,Efectivo,EMP-02,propina incluida,0
DD-009831,2024-05-22,C-192,Sammy,Guardería,210.0,Efectivo,EMP-07,alérgico a champú,0
DD-009561,2024-05-22,C-054,Mia,Hotel,580.0,Tarjeta,EMP-04,traer vacunas,1
DD-009914,2024-05-22,C-232,Thor,Guardería,200.0,Efectivo,EMP-06,primera visita,0
DD-010030,2024-05-22,C-288,Boby,Guardería,230.0,Efectivo,EMP-04,,0
DD-009921,2024-05-22,C-236,Frida,Hotel,530.0,Transferencia,EMP-02,,0
DD-009923,2024-05-22,C-237,Tito,Corte,310.0,Efectivo,EMP-01,,0
DD-010034,2024-05-22,C-289,Kira,Guardería,180.0,Tarjeta,EMP-06,,0
DD-009927,2024-05-22,C-240,Mia,Hotel,530.0,Tarjeta,EMP-02,,0
DD-009690,2024-05-22,C-125,Tigrillo,Baño,310.0,Tarjeta,EMP-02,descuento aplicado,0
DD-009466,2024-05-22,C-005,Canela,Baño,240.0,Tarjeta,EMP-05,,1
DD-010025,2024-05-22,C-286,Estrella,Guardería,240.0,Efectivo,EMP-03,alérgico a champú,0
DD-009520,2024-05-22,C-030,Bear,Guardería,200.0,Efectivo,EMP-01,cliente frecuente,1
DD-009647,2024-05-22,C-098,Ringo,Hotel,580.0,Efectivo,EMP-03,primera visita,0
DD-009705,2024-05-22,C-131,Sultan,Adiestramiento,500.0,Tarjeta,EMP-01,,0
DD-010094,2024-05-22,C-320,Negro,Baño,280.0,Tarjeta,EMP-07,perro agresivo,0
DD-009826,2024-05-22,C-190,Beto,Guardería,190.0,Tarjeta,EMP-07,,0
DD-009726,2024-05-22,C-139,Panda,Guardería,190.0,Efectivo,EMP-06,traer vacunas,0
DD-009600,2024-05-22,C-072,Chico,Corte,250.0,Tarjeta,EMP-06,,1
DD-009536,2024-05-22,C-043,Luna,Guardería,200.0,Efectivo,EMP-06,,1
DD-009991,2024-05-22,C-270,Luna,Baño,380.0,Tarjeta,EMP-02,,0
DD-010059,2024-05-22,C-301,Gus,Corte,350.0,Tarjeta,EMP-01,,0
DD-010039,2024-05-22,C-293,Blanca,Guardería,180.0,Efectivo,EMP-04,pago pendiente,0
DD-009729,2024-05-23,C-141,Maya,Corte,490.0,Efectivo,EMP-08,alérgico a champú,0
DD-009727,2024-05-23,C-140,Chispa,Guardería,200.0,Efectivo,EMP-01,perro agresivo,0
DD-009530,2024-05-23,C-036,Rex,Corte,280.0,Efectivo,EMP-06,,1
DD-010068,2024-05-23,C-308,Nina,Baño,340.0,Tarjeta,EMP-07,,0
DD-009755,2024-05-23,C-156,Beto,Baño,380.0,Tarjeta,EMP-06,,0
DD-010055,2024-05-23,C-299,Negro,Guardería,160.0,Efectivo,EMP-08,descuento aplicado,0
DD-009522,2024-05-23,C-032,Tito,Baño,350.0,Efectivo,EMP-01,cliente VIP,1
DD-009913,2024-05-23,C-232,Thor,Baño,440.0,Tarjeta,EMP-06,traer vacunas,0
DD-009693,2024-05-23,C-126,Manchas,Guardería,170.0,Efectivo,EMP-08,,0
DD-010063,2024-05-23,C-304,Buddy,Guardería,240.0,Transferencia,EMP-01,cliente VIP,0
DD-009915,2024-05-23,C-232,Thor,Guardería,240.0,Efectivo,EMP-08,primera visita,0
DD-010007,2024-05-23,C-277,Panda,Adiestramiento,500.0,Efectivo,EMP-02,perro agresivo,0
DD-009844,2024-05-23,C-198,Chato,Guardería,180.0,Tarjeta,EMP-06,,0
DD-009791,2024-05-23,C-171,Bear,Corte,330.0,Efectivo,EMP-04,pago pendiente,0
DD-009460,2024-05-23,C-001,Lobo,Guardería,160.0,Efectivo,EMP-06,,1
DD-009901,2024-05-23,C-228,Sasha,Guardería,230.0,Transferencia,EMP-01,propina incluida,0
DD-009902,2024-05-23,C-229,Bella,Guardería,150.0,Efectivo,EMP-03,cliente frecuente,0
DD-009847,2024-05-23,C-201,Rosa,Baño,390.0,Tarjeta,EMP-04,cliente VIP,0
DD-009866,2024-05-23,C-211,Lobo,Baño,240.0,Tarjeta,EMP-03,propina incluida,0
DD-009768,2024-05-23,C-161,Chispa,Corte,340.0,Tarjeta,EMP-07,cliente VIP,0
DD-009815,2024-05-23,C-184,Mia,Baño,270.0,Efectivo,EMP-02,,0
DD-009880,2024-05-23,C-216,Bonita,Guardería,160.0,Tarjeta,EMP-02,perro agresivo,0
DD-009563,2024-05-23,C-056,Bonita,Guardería,250.0,Efectivo,EMP-07,cliente frecuente,1
DD-009836,2024-05-23,C-194,Nina,Guardería,220.0,Tarjeta,EMP-03,propina incluida,0
DD-009657,2024-05-24,C-107,Lobo,Guardería,230.0,Efectivo,EMP-08,,0
DD-010058,2024-05-24,C-301,Gus,Guardería,190.0,Tarjeta,EMP-01,requiere cita previa,0
DD-010020,2024-05-24,C-285,Daisy,Guardería,250.0,Efectivo,EMP-07,alérgico a champú,0
DD-009878,2024-05-24,C-216,Bonita,Corte,340.0,Transferencia,EMP-05,requiere cita previa,0
DD-009656,2024-05-24,C-107,Lobo,Guardería,170.0,Tarjeta,EMP-06,alérgico a champú,0
DD-010022,2024-05-24,C-285,Daisy,Guardería,240.0,Tarjeta,EMP-01,primera visita,0
DD-009505,2024-05-24,C-020,Fifi,Hotel,410.0,Tarjeta,EMP-04,,1
DD-009867,2024-05-24,C-211,Lobo,Guardería,190.0,Tarjeta,EMP-03,,0
DD-009964,2024-05-24,C-254,Fifi,Baño,200.0,Efectivo,EMP-02,pago pendiente,0
DD-009764,2024-05-24,C-159,Sultan,Guardería,190.0,Efectivo,EMP-01,,0
DD-009786,2024-05-24,C-169,Gordo,Guardería,170.0,Transferencia,EMP-03,descuento aplicado,0
DD-009788,2024-05-24,C-170,Frida,Corte,270.0,Efectivo,EMP-08,,0
DD-009694,2024-05-24,C-127,Beto,Baño,260.0,Tarjeta,EMP-04,,0
DD-009626,2024-05-24,C-084,Pancho,Baño,260.0,Tarjeta,EMP-07,,0
DD-009482,2024-05-24,C-011,Daisy,Baño,280.0,Efectivo,EMP-07,cliente VIP,1
DD-009636,2024-05-24,C-091,Kira,Adiestramiento,430.0,Efectivo,EMP-08,,0
DD-009491,2024-05-24,C-015,Panda,Hotel,420.0,Tarjeta,EMP-08,,1
DD-009533,2024-05-24,C-039,Tigrillo,Guardería,200.0,Transferencia,EMP-07,,1
DD-009980,2024-05-24,C-266,Rex,Hotel,580.0,Efectivo,EMP-07,,0
DD-010050,2024-05-25,C-297,Sasha,Baño,340.0,Tarjeta,EMP-05,,0
DD-009661,2024-05-25,C-108,Sasha,Corte,320.0,Efectivo,EMP-06,cliente frecuente,0
DD-009687,2024-05-25,C-123,Ringo,Guardería,220.0,Transferencia,EMP-06,descuento aplicado,0
DD-009595,2024-05-25,C-069,Paloma,Guardería,200.0,Efectivo,EMP-03,cliente frecuente,1
DD-009843,2024-05-25,C-198,Chato,Guardería,230.0,Efectivo,EMP-01,cliente VIP,0
DD-009779,2024-05-25,C-165,Frida,Guardería,220.0,Tarjeta,EMP-07,alérgico a champú,0
DD-009649,2024-05-25,C-102,Chispa,Guardería,210.0,Transferencia,EMP-04,propina incluida,0
DD-009784,2024-05-25,C-167,Coco,Guardería,200.0,Efectivo,EMP-05,,0
DD-009565,2024-05-25,C-056,Bonita,Guardería,240.0,Tarjeta,EMP-02,,1
DD-009898,2024-05-25,C-226,Chispa,Baño,390.0,Transferencia,EMP-06,perro agresivo,0
DD-009832,2024-05-25,C-192,Sammy,Hotel,380.0,Tarjeta,EMP-06,,0
DD-009997,2024-05-25,C-274,Nena,Adiestramiento,720.0,Tarjeta,EMP-03,pago pendiente,0
DD-010091,2024-05-25,C-318,Negro,Guardería,240.0,Efectivo,EMP-08,,0
DD-009741,2024-05-25,C-147,Rex,Guardería,160.0,Tarjeta,EMP-05,propina incluida,0
DD-009569,2024-05-25,C-058,Gordo,Guardería,210.0,Tarjeta,EMP-06,primera visita,1
DD-009734,2024-05-25,C-143,Rex,Hotel,380.0,Tarjeta,EMP-01,,0
DD-009813,2024-05-25,C-183,Sammy,Corte,300.0,Tarjeta,EMP-07,,0
DD-009822,2024-05-25,C-188,Chico,Guardería,190.0,Tarjeta,EMP-01,primera visita,0
DD-010066,2024-05-25,C-307,Daisy,Guardería,180.0,Efectivo,EMP-07,propina incluida,0
DD-010040,2024-05-26,C-293,Blanca,Guardería,200.0,Efectivo,EMP-08,perro agresivo,0
DD-010016,2024-05-26,C-282,Rosa,Corte,400.0,Efectivo,EMP-08,,0
DD-009970,2024-05-26,C-260,Bonita,Baño,340.0,Efectivo,EMP-05,traer vacunas,0
DD-009603,2024-05-26,C-073,Max,Baño,390.0,Transferencia,EMP-02,traer vacunas,1
DD-009587,2024-05-26,C-065,Buddy,Hotel,580.0,Efectivo,EMP-02,primera visita,1
DD-009931,2024-05-26,C-243,Maya,Guardería,150.0,Tarjeta,EMP-04,,0
DD-009761,2024-05-26,C-158,Negro,Baño,210.0,Efectivo,EMP-06,traer vacunas,0
DD-009922,2024-05-26,C-237,Tito,Adiestramiento,520.0,Tarjeta,EMP-06,traer vacunas,0
DD-009806,2024-05-26,C-180,Buddy,Adiestramiento,770.0,Transferencia,EMP-03,propina incluida,0
DD-009889,2024-05-26,C-219,Nina,Guardería,210.0,Tarjeta,EMP-01,cliente VIP,0
DD-009790,2024-05-26,C-171,Bear,Guardería,200.0,Transferencia,EMP-04,pago pendiente,0
DD-010093,2024-05-26,C-320,Negro,Baño,210.0,Tarjeta,EMP-02,traer vacunas,0
DD-010065,2024-05-26,C-306,Pepa,Baño,380.0,Tarjeta,EMP-03,primera visita,0
DD-010080,2024-05-26,C-313,Nala,Baño,370.0,Tarjeta,EMP-04,,0
DD-009525,2024-05-26,C-033,Max,Guardería,190.0,Tarjeta,EMP-01,perro agresivo,1
DD-009703,2024-05-26,C-130,Gordo,Baño,310.0,Tarjeta,EMP-07,,0
DD-009873,2024-05-26,C-214,Gordo,Guardería,240.0,Efectivo,EMP-04,requiere cita previa,0
DD-009528,2024-05-26,C-035,Pancho,Guardería,220.0,Transferencia,EMP-07,pago pendiente,1
DD-009851,2024-05-26,C-204,Nala,Guardería,190.0,Efectivo,EMP-06,descuento aplicado,0
DD-009877,2024-05-27,C-214,Gordo,Hotel,580.0,Efectivo,EMP-08,,0
DD-009814,2024-05-27,C-183,Sammy,Guardería,180.0,Tarjeta,EMP-06,cliente frecuente,0
DD-009465,2024-05-27,C-005,Canela,Guardería,240.0,Efectivo,EMP-06,descuento aplicado,1
DD-009567,2024-05-27,C-057,Bella,Baño,320.0,Tarjeta,EMP-02,,1
DD-010085,2024-05-27,C-314,Blanca,Hotel,580.0,Efectivo,EMP-08,,0
DD-009842,2024-05-27,C-197,Mia,Guardería,190.0,Efectivo,EMP-07,descuento aplicado,0
DD-009896,2024-05-27,C-225,Simba,Guardería,180.0,Tarjeta,EMP-02,alérgico a champú,0
DD-009795,2024-05-27,C-174,Chispa,Guardería,220.0,Efectivo,EMP-03,primera visita,0
DD-009572,2024-05-27,C-059,Pepa,Guardería,180.0,Transferencia,EMP-06,primera visita,1
DD-009668,2024-05-27,C-111,Thor,Guardería,230.0,Tarjeta,EMP-06,perro agresivo,0
DD-009917,2024-05-27,C-234,Toby,Baño,210.0,Tarjeta,EMP-05,,0
DD-009928,2024-05-27,C-241,Canela,Baño,400.0,Tarjeta,EMP-05,,0
DD-009526,2024-05-27,C-034,Gus,Guardería,220.0,Efectivo,EMP-06,descuento aplicado,1
DD-009716,2024-05-27,C-135,Bella,Guardería,210.0,Efectivo,EMP-03,pago pendiente,0
DD-009646,2024-05-27,C-098,Ringo,Guardería,160.0,Transferencia,EMP-07,,0
DD-009929,2024-05-27,C-241,Canela,Corte,270.0,Transferencia,EMP-08,requiere cita previa,0
DD-009607,2024-05-27,C-075,Chato,Baño,220.0,Tarjeta,EMP-03,traer vacunas,1
DD-009863,2024-05-27,C-209,Manchas,Guardería,160.0,Tarjeta,EMP-06,primera visita,0
DD-009623,2024-05-27,C-082,Zeus,Corte,480.0,Efectivo,EMP-03,,0
DD-009675,2024-05-27,C-115,Charlie,Hotel,430.0,Transferencia,EMP-07,pago pendiente,0
DD-009632,2024-05-27,C-088,Simba,Guardería,160.0,Efectivo,EMP-08,descuento aplicado,0
DD-009485,2024-05-28,C-013,Coco,Guardería,200.0,Transferencia,EMP-03,,1
DD-009483,2024-05-28,C-012,Chispa,Guardería,190.0,Efectivo,EMP-02,,1
DD-009547,2024-05-28,C-047,Gus,Baño,310.0,Tarjeta,EMP-03,propina incluida,1
DD-009542,2024-05-28,C-045,Thor,Hotel,510.0,Tarjeta,EMP-05,,1
DD-009477,2024-05-28,C-010,Maya,Corte,330.0,Tarjeta,EMP-02,,1
DD-010045,2024-05-28,C-295,Chico,Hotel,440.0,Efectivo,EMP-06,traer vacunas,0
DD-009534,2024-05-28,C-042,Nena,Guardería,240.0,Transferencia,EMP-05,,1
DD-009467,2024-05-28,C-005,Canela,Baño,330.0,Efectivo,EMP-05,,1
DD-009855,2024-05-28,C-207,Ringo,Adiestramiento,710.0,Efectivo,EMP-03,pago pendiente,0
DD-009744,2024-05-28,C-149,Toby,Corte,470.0,Transferencia,EMP-04,perro agresivo,0
DD-009796,2024-05-28,C-174,Chispa,Baño,320.0,Transferencia,EMP-04,,0
DD-009758,2024-05-28,C-157,Thor,Corte,420.0,Efectivo,EMP-08,propina incluida,0
DD-010000,2024-05-28,C-276,Charlie,Hotel,570.0,Efectivo,EMP-02,descuento aplicado,0
DD-009772,2024-05-28,C-163,Rocky,Guardería,220.0,Transferencia,EMP-04,,0
DD-009945,2024-05-28,C-248,Thor,Guardería,160.0,Efectivo,EMP-08,,0
DD-009645,2024-05-28,C-097,Bella,Guardería,230.0,Tarjeta,EMP-03,,0
DD-009698,2024-05-28,C-128,Chico,Baño,220.0,Tarjeta,EMP-07,perro agresivo,0
DD-009699,2024-05-28,C-129,Tigrillo,Guardería,220.0,Transferencia,EMP-05,cliente frecuente,0
DD-009606,2024-05-28,C-075,Chato,Guardería,220.0,Tarjeta,EMP-06,primera visita,1
DD-009672,2024-05-29,C-113,Lola,Guardería,220.0,Tarjeta,EMP-01,,0
DD-009660,2024-05-29,C-108,Sasha,Hotel,540.0,Transferencia,EMP-07,perro agresivo,0
DD-009540,2024-05-29,C-045,Thor,Guardería,170.0,Efectivo,EMP-02,,1
DD-009490,2024-05-29,C-015,Panda,Hotel,420.0,Efectivo,EMP-06,,1
DD-009684,2024-05-29,C-123,Ringo,Baño,310.0,Efectivo,EMP-04,traer vacunas,0
DD-009532,2024-05-29,C-038,Buddy,Guardería,200.0,Transferencia,EMP-02,,1
DD-009780,2024-05-29,C-166,Boby,Baño,450.0,Transferencia,EMP-03,,0
DD-009732,2024-05-29,C-141,Maya,Corte,280.0,Tarjeta,EMP-05,cliente frecuente,0
DD-009937,2024-05-29,C-244,Coco,Guardería,190.0,Efectivo,EMP-01,pago pendiente,0
DD-009935,2024-05-29,C-243,Maya,Guardería,220.0,Efectivo,EMP-03,pago pendiente,0
DD-009742,2024-05-29,C-147,Rex,Corte,360.0,Tarjeta,EMP-03,traer vacunas,0
DD-009746,2024-05-29,C-150,Duke,Guardería,160.0,Tarjeta,EMP-04,,0
DD-009754,2024-05-29,C-155,Nala,Guardería,170.0,Efectivo,EMP-01,perro agresivo,0
DD-009470,2024-05-29,C-007,Tito,Hotel,500.0,Tarjeta,EMP-01,,1
DD-009799,2024-05-29,C-175,Panda,Guardería,200.0,Tarjeta,EMP-06,,0
DD-009753,2024-05-29,C-154,Nena,Hotel,400.0,Tarjeta,EMP-07,,0
DD-009546,2024-05-29,C-047,Gus,Corte,380.0,Tarjeta,EMP-05,primera visita,1
DD-009886,2024-05-29,C-218,Mia,Guardería,210.0,Transferencia,EMP-06,,0
DD-010021,2024-05-29,C-285,Daisy,Guardería,240.0,Transferencia,EMP-07,primera visita,0
DD-009604,2024-05-29,C-073,Max,Adiestramiento,700.0,Tarjeta,EMP-06,,1
DD-009590,2024-05-29,C-066,Rocky,Corte,250.0,Efectivo,EMP-07,cliente frecuente,1
DD-010001,2024-05-29,C-276,Charlie,Hotel,510.0,Efectivo,EMP-07,primera visita,0
DD-010086,2024-05-29,C-315,Zeus,Hotel,510.0,Efectivo,EMP-04,primera visita,0
DD-009624,2024-05-29,C-082,Zeus,Baño,250.0,Efectivo,EMP-07,primera visita,0
DD-009461,2024-05-29,C-002,Mia,Baño,390.0,Tarjeta,EMP-03,,1
DD-009879,2024-05-29,C-216,Bonita,Baño,230.0,Tarjeta,EMP-06,perro agresivo,0
DD-009631,2024-05-29,C-087,Sasha,Hotel,520.0,Efectivo,EMP-02,cliente frecuente,0
DD-009568,2024-05-29,C-057,Bella,Corte,430.0,Efectivo,EMP-03,cliente VIP,1
DD-010024,2024-05-29,C-286,Estrella,Corte,310.0,Efectivo,EMP-03,,0
DD-009884,2024-05-30,C-217,Sultan,Guardería,250.0,Transferencia,EMP-02,alérgico a champú,0
DD-009502,2024-05-30,C-019,Canela,Baño,410.0,Transferencia,EMP-04,primera visita,1
DD-009719,2024-05-30,C-136,Simba,Guardería,150.0,Efectivo,EMP-08,cliente frecuente,0
DD-010095,2024-05-30,C-320,Negro,Baño,350.0,Tarjeta,EMP-01,,0
DD-009810,2024-05-30,C-182,Negro,Guardería,210.0,Transferencia,EMP-01,,0
DD-010067,2024-05-30,C-307,Daisy,Guardería,220.0,Efectivo,EMP-08,,0
DD-009706,2024-05-30,C-131,Sultan,Corte,310.0,Transferencia,EMP-08,,0
DD-009751,2024-05-30,C-152,Rex,Baño,380.0,Tarjeta,EMP-01,,0
DD-009614,2024-05-30,C-078,Kira,Guardería,190.0,Tarjeta,EMP-01,perro agresivo,1
DD-009904,2024-05-30,C-230,Chico,Guardería,240.0,Efectivo,EMP-02,cliente frecuente,0
DD-009960,2024-05-30,C-252,Kira,Baño,340.0,Tarjeta,EMP-04,propina incluida,0
DD-009680,2024-05-30,C-121,Duke,Baño,370.0,Efectivo,EMP-06,pago pendiente,0
DD-009551,2024-05-30,C-049,Max,Guardería,190.0,Tarjeta,EMP-02,,1
DD-010072,2024-05-30,C-311,Nala,Guardería,180.0,Efectivo,EMP-07,cliente frecuente,0
DD-009671,2024-05-30,C-113,Lola,Guardería,190.0,Efectivo,EMP-02,,0
DD-009459,2024-05-30,C-001,Lobo,Guardería,240.0,Tarjeta,EMP-06,propina incluida,1
DD-009498,2024-05-30,C-018,Toby,Baño,340.0,Tarjeta,EMP-07,,1
DD-009475,2024-05-31,C-010,Maya,Baño,280.0,Efectivo,EMP-01,,1
DD-009769,2024-05-31,C-161,Chispa,Hotel,510.0,Tarjeta,EMP-05,,0
DD-009469,2024-05-31,C-006,Thor,Baño,230.0,Efectivo,EMP-05,propina incluida,1
DD-009893,2024-05-31,C-223,Sasha,Guardería,160.0,Efectivo,EMP-04,descuento aplicado,0
DD-009589,2024-05-31,C-066,Rocky,Guardería,210.0,Tarjeta,EMP-04,,1
DD-009588,2024-05-31,C-065,Buddy,Baño,350.0,Transferencia,EMP-04,,1
DD-009543,2024-05-31,C-045,Thor,Guardería,150.0,Efectivo,EMP-03,cliente frecuente,1
DD-010062,2024-05-31,C-304,Buddy,Guardería,180.0,Efectivo,EMP-08,,0
DD-009497,2024-05-31,C-018,Toby,Baño,220.0,Tarjeta,EMP-08,requiere cita previa,1
DD-010009,2024-05-31,C-278,Estrella,Hotel,360.0,Efectivo,EMP-06,,0
DD-009592,2024-05-31,C-067,Bonita,Baño,360.0,Efectivo,EMP-08,,1
DD-010002,2024-05-31,C-276,Charlie,Baño,240.0,Transferencia,EMP-02,pago pendiente,0
DD-009999,2024-05-31,C-276,Charlie,Corte,410.0,Efectivo,EMP-05,,0
DD-009998,2024-05-31,C-275,Lobo,Baño,320.0,Tarjeta,EMP-03,cliente VIP,0
DD-009566,2024-05-31,C-056,Bonita,Corte,360.0,Transferencia,EMP-07,cliente frecuente,1
DD-009557,2024-05-31,C-052,Estrella,Corte,380.0,Efectivo,EMP-04,traer vacunas,1
DD-009629,2024-05-31,C-086,Gordo,Guardería,190.0,Efectivo,EMP-04,pago pendiente,0
DD-009598,2024-05-31,C-070,Buddy,Baño,290.0,Tarjeta,EMP-08,,1
DD-009975,2024-05-31,C-263,Nena,Baño,390.0,Efectivo,EMP-07,,0
DD-010042,2024-05-31,C-293,Blanca,Baño,440.0,Efectivo,EMP-05,cliente frecuente,0
DD-009957,2024-05-31,C-251,Blanca,Hotel,510.0,Transferencia,EMP-02,descuento aplicado,0
DD-009700,2024-05-31,C-129,Tigrillo,Corte,320.0,Efectivo,EMP-04,,0
DD-009713,2024-05-31,C-133,Gus,Hotel,410.0,Efectivo,EMP-06,,0
DD-009511,2024-05-31,C-024,Sultan,Baño,400.0,Efectivo,EMP-06,requiere cita previa,1
DD-009714,2024-05-31,C-133,Gus,Hotel,390.0,Efectivo,EMP-06,traer vacunas,0
DD-009718,2024-05-31,C-135,Bella,Guardería,150.0,Efectivo,EMP-02,pago pendiente,0
DD-010057,2024-05-31,C-300,Manchas,Baño,370.0,Tarjeta,EMP-01,alérgico a champú,0
DD-010494,2024-06-01,C-286,Estrella,Hotel,370.0,Efectivo,EMP-04,,0
DD-010357,2024-06-01,C-215,Daisy,Hotel,380.0,Tarjeta,EMP-03,descuento aplicado,0
DD-010279,2024-06-01,C-170,Frida,Baño,370.0,Efectivo,EMP-02,primera visita,0
DD-010195,2024-06-01,C-128,Chico,Adiestramiento,700.0,Efectivo,EMP-05,cliente VIP,0
DD-010196,2024-06-01,C-129,Tigrillo,Hotel,520.0,Tarjeta,EMP-08,alérgico a champú,0
DD-010319,2024-06-01,C-187,Simba,Hotel,420.0,Efectivo,EMP-03,cliente VIP,0
DD-010237,2024-06-01,C-150,Duke,Guardería,210.0,Efectivo,EMP-01,pago pendiente,0
DD-010146,2024-06-01,C-105,Tito,Corte,480.0,Efectivo,EMP-06,,0
DD-010442,2024-06-01,C-261,Sultan,Baño,330.0,Efectivo,EMP-04,perro agresivo,0
DD-010545,2024-06-01,C-313,Nala,Baño,260.0,Tarjeta,EMP-07,requiere cita previa,0
DD-010392,2024-06-01,C-236,Frida,Baño,320.0,Transferencia,EMP-06,,0
DD-010447,2024-06-02,C-263,Nena,Hotel,580.0,Tarjeta,EMP-08,descuento aplicado,0
DD-010162,2024-06-02,C-114,Rocky,Adiestramiento,590.0,Efectivo,EMP-05,,0
DD-010122,2024-06-02,C-094,Bear,Baño,200.0,Transferencia,EMP-08,,0
DD-010398,2024-06-02,C-239,Pancho,Baño,370.0,Tarjeta,EMP-06,,0
DD-010156,2024-06-02,C-110,Pancho,Hotel,360.0,Tarjeta,EMP-01,cliente frecuente,0
DD-010387,2024-06-02,C-232,Thor,Baño,360.0,Efectivo,EMP-02,primera visita,0
DD-010399,2024-06-02,C-240,Mia,Guardería,240.0,Efectivo,EMP-02,cliente VIP,0
DD-010548,2024-06-02,C-315,Zeus,Adiestramiento,800.0,Tarjeta,EMP-07,propina incluida,0
DD-010542,2024-06-02,C-312,Bella,Baño,250.0,Efectivo,EMP-07,cliente VIP,0
DD-010289,2024-06-02,C-173,Charlie,Baño,430.0,Transferencia,EMP-08,,0
DD-010519,2024-06-02,C-298,Ringo,Guardería,220.0,Efectivo,EMP-04,traer vacunas,0
DD-010495,2024-06-03,C-287,Maya,Guardería,150.0,Transferencia,EMP-07,,0
DD-010549,2024-06-03,C-316,Nina,Corte,350.0,Tarjeta,EMP-07,traer vacunas,0
DD-010424,2024-06-03,C-252,Kira,Guardería,250.0,Tarjeta,EMP-05,pago pendiente,0
DD-010394,2024-06-03,C-237,Tito,Baño,340.0,Tarjeta,EMP-06,descuento aplicado,0
DD-010433,2024-06-03,C-259,Paloma,Guardería,220.0,Efectivo,EMP-01,traer vacunas,0
DD-010227,2024-06-03,C-146,Ringo,Guardería,220.0,Tarjeta,EMP-07,,0
DD-010527,2024-06-03,C-305,Paloma,Corte,410.0,Efectivo,EMP-04,alérgico a champú,0
DD-010370,2024-06-03,C-223,Sasha,Guardería,160.0,Efectivo,EMP-02,alérgico a champú,0
DD-010363,2024-06-03,C-219,Nina,Guardería,250.0,Transferencia,EMP-04,,0
DD-010364,2024-06-03,C-219,Nina,Hotel,430.0,Tarjeta,EMP-04,,0
DD-010354,2024-06-03,C-214,Gordo,Baño,350.0,Tarjeta,EMP-01,,0
DD-010470,2024-06-03,C-272,Boby,Baño,310.0,Tarjeta,EMP-01,,0
DD-010480,2024-06-03,C-276,Charlie,Baño,260.0,Efectivo,EMP-02,cliente frecuente,0
DD-010479,2024-06-03,C-276,Charlie,Guardería,240.0,Efectivo,EMP-02,,0
DD-010334,2024-06-03,C-201,Rosa,Guardería,180.0,Efectivo,EMP-07,,0
DD-010220,2024-06-04,C-142,Estrella,Adiestramiento,450.0,Tarjeta,EMP-05,cliente VIP,0
DD-010306,2024-06-04,C-181,Nala,Guardería,220.0,Efectivo,EMP-04,alérgico a champú,0
DD-010338,2024-06-04,C-201,Rosa,Guardería,190.0,Transferencia,EMP-03,,0
DD-010389,2024-06-04,C-233,Manchas,Guardería,180.0,Tarjeta,EMP-08,requiere cita previa,0
DD-010340,2024-06-04,C-205,Pepa,Adiestramiento,690.0,Tarjeta,EMP-08,,0
DD-010345,2024-06-04,C-207,Ringo,Adiestramiento,500.0,Efectivo,EMP-05,primera visita,0
DD-010377,2024-06-04,C-226,Chispa,Baño,390.0,Transferencia,EMP-06,,0
DD-010255,2024-06-04,C-160,Boby,Guardería,240.0,Efectivo,EMP-01,descuento aplicado,0
DD-010346,2024-06-04,C-207,Ringo,Guardería,160.0,Tarjeta,EMP-04,propina incluida,0
DD-010181,2024-06-04,C-122,Pepa,Guardería,150.0,Tarjeta,EMP-07,,0
DD-010191,2024-06-04,C-127,Beto,Baño,230.0,Efectivo,EMP-04,,0
DD-010182,2024-06-04,C-123,Ringo,Guardería,180.0,Transferencia,EMP-07,propina incluida,0
DD-010143,2024-06-04,C-102,Chispa,Hotel,440.0,Efectivo,EMP-02,,0
DD-010506,2024-06-04,C-292,Chico,Corte,400.0,Efectivo,EMP-01,requiere cita previa,0
DD-010432,2024-06-04,C-258,Lola,Adiestramiento,580.0,Efectivo,EMP-05,pago pendiente,0
DD-010138,2024-06-04,C-101,Fifi,Guardería,240.0,Efectivo,EMP-03,,0
DD-010434,2024-06-04,C-259,Paloma,Baño,280.0,Efectivo,EMP-02,alérgico a champú,0
DD-010444,2024-06-04,C-262,Charlie,Hotel,460.0,Tarjeta,EMP-05,cliente VIP,0
DD-010456,2024-06-04,C-268,Nala,Adiestramiento,480.0,Tarjeta,EMP-07,cliente VIP,0
DD-010473,2024-06-04,C-273,Nena,Adiestramiento,770.0,Tarjeta,EMP-01,descuento aplicado,0
DD-010132,2024-06-04,C-098,Ringo,Adiestramiento,680.0,Efectivo,EMP-01,,0
DD-010241,2024-06-05,C-150,Duke,Guardería,160.0,Efectivo,EMP-06,,0
DD-010401,2024-06-05,C-242,Sammy,Hotel,440.0,Tarjeta,EMP-05,cliente frecuente,0
DD-010313,2024-06-05,C-184,Mia,Adiestramiento,490.0,Tarjeta,EMP-02,,0
DD-010110,2024-06-05,C-087,Sasha,Guardería,240.0,Tarjeta,EMP-04,,0
DD-010342,2024-06-05,C-206,Simba,Baño,400.0,Tarjeta,EMP-02,,0
DD-010190,2024-06-05,C-126,Manchas,Guardería,210.0,Efectivo,EMP-06,,0
DD-010507,2024-06-05,C-292,Chico,Corte,330.0,Tarjeta,EMP-01,,0
DD-010517,2024-06-05,C-296,Duke,Guardería,170.0,Tarjeta,EMP-08,cliente frecuente,0
DD-010258,2024-06-05,C-161,Chispa,Hotel,410.0,Tarjeta,EMP-03,cliente VIP,0
DD-010302,2024-06-05,C-179,Nina,Guardería,240.0,Tarjeta,EMP-03,,0
DD-010465,2024-06-05,C-270,Luna,Hotel,580.0,Tarjeta,EMP-02,alérgico a champú,0
DD-010238,2024-06-05,C-150,Duke,Guardería,210.0,Efectivo,EMP-02,,0
DD-010384,2024-06-05,C-232,Thor,Baño,230.0,Efectivo,EMP-03,cliente VIP,0
DD-010379,2024-06-05,C-228,Sasha,Guardería,190.0,Efectivo,EMP-08,descuento aplicado,0
DD-010361,2024-06-05,C-218,Mia,Guardería,180.0,Transferencia,EMP-01,,0
DD-010232,2024-06-05,C-148,Lola,Corte,490.0,Tarjeta,EMP-07,requiere cita previa,0
DD-010446,2024-06-05,C-262,Charlie,Guardería,200.0,Efectivo,EMP-06,traer vacunas,0
DD-010099,2024-06-05,C-081,Luna,Guardería,160.0,Efectivo,EMP-03,,0
DD-010165,2024-06-05,C-115,Charlie,Guardería,180.0,Tarjeta,EMP-04,requiere cita previa,0
DD-010230,2024-06-05,C-146,Ringo,Guardería,210.0,Transferencia,EMP-03,primera visita,0
DD-010166,2024-06-06,C-115,Charlie,Guardería,240.0,Tarjeta,EMP-08,,0
DD-010251,2024-06-06,C-159,Sultan,Guardería,190.0,Tarjeta,EMP-06,,0
DD-010213,2024-06-06,C-138,Bear,Guardería,180.0,Efectivo,EMP-01,requiere cita previa,0
DD-010284,2024-06-06,C-172,Tito,Hotel,450.0,Efectivo,EMP-06,,0
DD-010497,2024-06-06,C-287,Maya,Guardería,210.0,Efectivo,EMP-04,primera visita,0
DD-010455,2024-06-06,C-267,Daisy,Adiestramiento,750.0,Efectivo,EMP-04,,0
DD-010505,2024-06-06,C-292,Chico,Guardería,180.0,Efectivo,EMP-06,requiere cita previa,0
DD-010348,2024-06-06,C-209,Manchas,Guardería,180.0,Tarjeta,EMP-07,cliente frecuente,0
DD-010358,2024-06-06,C-215,Daisy,Baño,280.0,Efectivo,EMP-03,traer vacunas,0
DD-010476,2024-06-06,C-275,Lobo,Baño,340.0,Efectivo,EMP-07,,0
DD-010119,2024-06-06,C-093,Thor,Guardería,190.0,Tarjeta,EMP-04,,0
DD-010403,2024-06-06,C-243,Maya,Guardería,210.0,Tarjeta,EMP-07,,0
DD-010118,2024-06-06,C-092,Rocky,Guardería,220.0,Tarjeta,EMP-06,,0
DD-010496,2024-06-06,C-287,Maya,Guardería,180.0,Tarjeta,EMP-04,cliente frecuente,0
DD-010297,2024-06-07,C-177,Princesa,Corte,290.0,Tarjeta,EMP-02,perro agresivo,0
DD-010293,2024-06-07,C-174,Chispa,Baño,420.0,Efectivo,EMP-03,,0
DD-010288,2024-06-07,C-172,Tito,Guardería,210.0,Efectivo,EMP-05,,0
DD-010233,2024-06-07,C-149,Toby,Corte,400.0,Tarjeta,EMP-07,pago pendiente,0
DD-010202,2024-06-07,C-132,Blanca,Hotel,600.0,Transferencia,EMP-04,descuento aplicado,0
DD-010466,2024-06-07,C-270,Luna,Guardería,240.0,Transferencia,EMP-06,primera visita,0
DD-010359,2024-06-07,C-216,Bonita,Guardería,180.0,Efectivo,EMP-04,,0
DD-010520,2024-06-07,C-298,Ringo,Baño,240.0,Tarjeta,EMP-08,,0
DD-010525,2024-06-07,C-300,Manchas,Guardería,240.0,Transferencia,EMP-01,cliente frecuente,0
DD-010413,2024-06-07,C-247,Rosa,Corte,400.0,Tarjeta,EMP-03,pago pendiente,0
DD-010101,2024-06-07,C-082,Zeus,Corte,450.0,Efectivo,EMP-02,alérgico a champú,0
DD-010303,2024-06-07,C-180,Buddy,Guardería,220.0,Tarjeta,EMP-02,pago pendiente,0
DD-010362,2024-06-07,C-219,Nina,Guardería,170.0,Tarjeta,EMP-04,propina incluida,0
DD-010537,2024-06-08,C-308,Nina,Baño,380.0,Transferencia,EMP-02,,0
DD-010318,2024-06-08,C-187,Simba,Adiestramiento,510.0,Transferencia,EMP-04,alérgico a champú,0
DD-010315,2024-06-08,C-185,Toby,Guardería,240.0,Efectivo,EMP-03,descuento aplicado,0
DD-010467,2024-06-08,C-270,Luna,Guardería,210.0,Efectivo,EMP-02,traer vacunas,0
DD-010459,2024-06-08,C-268,Nala,Guardería,220.0,Tarjeta,EMP-05,cliente frecuente,0
DD-010451,2024-06-08,C-265,Duke,Adiestramiento,710.0,Transferencia,EMP-04,,0
DD-010375,2024-06-08,C-226,Chispa,Adiestramiento,710.0,Tarjeta,EMP-08,cliente frecuente,0
DD-010397,2024-06-08,C-238,Max,Guardería,240.0,Efectivo,EMP-03,cliente VIP,0
DD-010287,2024-06-08,C-172,Tito,Corte,370.0,Efectivo,EMP-07,requiere cita previa,0
DD-010502,2024-06-08,C-289,Kira,Hotel,360.0,Efectivo,EMP-04,,0
DD-010558,2024-06-08,C-320,Negro,Hotel,590.0,Tarjeta,EMP-08,perro agresivo,0
DD-010126,2024-06-08,C-095,Nala,Baño,400.0,Tarjeta,EMP-01,alérgico a champú,0
DD-010180,2024-06-08,C-122,Pepa,Guardería,250.0,Tarjeta,EMP-03,cliente VIP,0
DD-010264,2024-06-09,C-162,Kira,Corte,330.0,Efectivo,EMP-06,alérgico a champú,0
DD-010443,2024-06-09,C-261,Sultan,Guardería,160.0,Tarjeta,EMP-03,,0
DD-010283,2024-06-09,C-171,Bear,Guardería,190.0,Efectivo,EMP-07,traer vacunas,0
DD-010187,2024-06-09,C-126,Manchas,Guardería,160.0,Tarjeta,EMP-05,,0
DD-010185,2024-06-09,C-125,Tigrillo,Baño,340.0,Efectivo,EMP-07,traer vacunas,0
DD-010261,2024-06-09,C-162,Kira,Adiestramiento,480.0,Tarjeta,EMP-07,primera visita,0
DD-010534,2024-06-09,C-308,Nina,Baño,330.0,Tarjeta,EMP-08,alérgico a champú,0
DD-010418,2024-06-09,C-248,Thor,Guardería,190.0,Transferencia,EMP-03,requiere cita previa,0
DD-010526,2024-06-09,C-304,Buddy,Guardería,160.0,Tarjeta,EMP-08,cliente frecuente,0
DD-010323,2024-06-09,C-190,Beto,Guardería,180.0,Tarjeta,EMP-04,,0
DD-010414,2024-06-09,C-247,Rosa,Hotel,540.0,Efectivo,EMP-01,descuento aplicado,0
DD-010498,2024-06-09,C-288,Boby,Guardería,220.0,Efectivo,EMP-04,propina incluida,0
DD-010350,2024-06-09,C-210,Max,Hotel,360.0,Efectivo,EMP-03,pago pendiente,0
DD-010492,2024-06-09,C-285,Daisy,Guardería,180.0,Efectivo,EMP-02,,0
DD-010250,2024-06-09,C-158,Negro,Guardería,150.0,Tarjeta,EMP-02,pago pendiente,0
DD-010509,2024-06-09,C-293,Blanca,Corte,500.0,Efectivo,EMP-03,propina incluida,0
DD-010474,2024-06-09,C-273,Nena,Guardería,160.0,Tarjeta,EMP-07,primera visita,0
DD-010464,2024-06-10,C-270,Luna,Baño,240.0,Tarjeta,EMP-02,,0
DD-010178,2024-06-10,C-120,Duke,Baño,350.0,Tarjeta,EMP-06,traer vacunas,0
DD-010516,2024-06-10,C-296,Duke,Guardería,170.0,Efectivo,EMP-06,,0
DD-010421,2024-06-10,C-250,Pepa,Guardería,160.0,Transferencia,EMP-01,,0
DD-010435,2024-06-10,C-259,Paloma,Guardería,160.0,Transferencia,EMP-02,perro agresivo,0
DD-010409,2024-06-10,C-245,Frida,Baño,210.0,Efectivo,EMP-07,requiere cita previa,0
DD-010329,2024-06-10,C-194,Nina,Guardería,230.0,Efectivo,EMP-04,traer vacunas,0
DD-010107,2024-06-10,C-084,Pancho,Guardería,240.0,Efectivo,EMP-03,,0
DD-010309,2024-06-10,C-182,Negro,Corte,410.0,Tarjeta,EMP-07,,0
DD-010274,2024-06-10,C-167,Coco,Baño,380.0,Efectivo,EMP-07,,0
DD-010373,2024-06-10,C-223,Sasha,Guardería,170.0,Efectivo,EMP-06,,0
DD-010150,2024-06-10,C-107,Lobo,Corte,370.0,Efectivo,EMP-06,,0
DD-010487,2024-06-10,C-281,Bear,Corte,300.0,Efectivo,EMP-04,,0
DD-010343,2024-06-10,C-206,Simba,Corte,440.0,Transferencia,EMP-04,perro agresivo,0
DD-010229,2024-06-10,C-146,Ringo,Baño,340.0,Efectivo,EMP-08,,0
DD-010491,2024-06-10,C-284,Duke,Guardería,220.0,Efectivo,EMP-03,primera visita,0
DD-010533,2024-06-10,C-307,Daisy,Guardería,240.0,Efectivo,EMP-05,cliente VIP,0
DD-010231,2024-06-10,C-148,Lola,Baño,370.0,Efectivo,EMP-01,,0
DD-010417,2024-06-10,C-248,Thor,Guardería,220.0,Transferencia,EMP-07,pago pendiente,0
DD-010331,2024-06-11,C-198,Chato,Corte,300.0,Efectivo,EMP-03,requiere cita previa,0
DD-010499,2024-06-11,C-288,Boby,Baño,450.0,Transferencia,EMP-02,,0
DD-010121,2024-06-11,C-094,Bear,Corte,370.0,Tarjeta,EMP-03,cliente VIP,0
DD-010263,2024-06-11,C-162,Kira,Corte,300.0,Tarjeta,EMP-07,perro agresivo,0
DD-010312,2024-06-11,C-184,Mia,Adiestramiento,540.0,Efectivo,EMP-07,propina incluida,0
DD-010136,2024-06-11,C-100,Rosa,Baño,380.0,Efectivo,EMP-02,descuento aplicado,0
DD-010137,2024-06-11,C-101,Fifi,Guardería,180.0,Tarjeta,EMP-03,perro agresivo,0
DD-010189,2024-06-11,C-126,Manchas,Baño,210.0,Efectivo,EMP-05,primera visita,0
DD-010301,2024-06-11,C-179,Nina,Hotel,510.0,Efectivo,EMP-07,perro agresivo,0
DD-010271,2024-06-11,C-166,Boby,Baño,300.0,Efectivo,EMP-02,propina incluida,0
DD-010556,2024-06-11,C-320,Negro,Hotel,480.0,Tarjeta,EMP-01,,0
DD-010186,2024-06-11,C-125,Tigrillo,Baño,330.0,Tarjeta,EMP-02,requiere cita previa,0
DD-010173,2024-06-11,C-118,Bonita,Corte,300.0,Efectivo,EMP-08,,0
DD-010500,2024-06-11,C-288,Boby,Guardería,200.0,Tarjeta,EMP-02,descuento aplicado,0
DD-010513,2024-06-11,C-296,Duke,Guardería,190.0,Tarjeta,EMP-07,alérgico a champú,0
DD-010504,2024-06-11,C-291,Blanca,Guardería,190.0,Transferencia,EMP-02,,0
DD-010205,2024-06-12,C-134,Luna,Baño,360.0,Efectivo,EMP-07,,0
DD-010127,2024-06-12,C-095,Nala,Guardería,240.0,Efectivo,EMP-04,,0
DD-010390,2024-06-12,C-234,Toby,Guardería,230.0,Tarjeta,EMP-01,cliente frecuente,0
DD-010508,2024-06-12,C-292,Chico,Baño,250.0,Efectivo,EMP-05,,0
DD-010193,2024-06-12,C-128,Chico,Corte,430.0,Transferencia,EMP-08,alérgico a champú,0
DD-010453,2024-06-12,C-266,Rex,Baño,240.0,Transferencia,EMP-08,,0
DD-010402,2024-06-12,C-242,Sammy,Adiestramiento,620.0,Efectivo,EMP-05,,0
DD-010211,2024-06-12,C-137,Sasha,Corte,450.0,Efectivo,EMP-04,,0
DD-010523,2024-06-12,C-300,Manchas,Guardería,210.0,Transferencia,EMP-04,,0
DD-010543,2024-06-12,C-312,Bella,Guardería,210.0,Tarjeta,EMP-03,,0
DD-010131,2024-06-13,C-098,Ringo,Guardería,210.0,Efectivo,EMP-05,,0
DD-010223,2024-06-13,C-145,Lola,Guardería,180.0,Tarjeta,EMP-06,cliente VIP,0
DD-010481,2024-06-13,C-278,Estrella,Baño,270.0,Tarjeta,EMP-06,cliente frecuente,0
DD-010344,2024-06-13,C-207,Ringo,Adiestramiento,420.0,Efectivo,EMP-04,,0
DD-010201,2024-06-13,C-130,Gordo,Guardería,190.0,Efectivo,EMP-08,,0
DD-010224,2024-06-13,C-145,Lola,Hotel,570.0,Tarjeta,EMP-07,perro agresivo,0
DD-010147,2024-06-13,C-106,Charlie,Hotel,440.0,Efectivo,EMP-04,,0
DD-010557,2024-06-13,C-320,Negro,Guardería,200.0,Tarjeta,EMP-05,descuento aplicado,0
DD-010437,2024-06-13,C-260,Bonita,Hotel,390.0,Efectivo,EMP-04,,0
DD-010252,2024-06-13,C-159,Sultan,Baño,240.0,Transferencia,EMP-04,,0
DD-010552,2024-06-13,C-317,Beto,Guardería,210.0,Efectivo,EMP-05,,0
DD-010124,2024-06-14,C-095,Nala,Baño,280.0,Efectivo,EMP-02,,0
DD-010174,2024-06-14,C-118,Bonita,Adiestramiento,680.0,Efectivo,EMP-01,traer vacunas,0
DD-010322,2024-06-14,C-189,Zeus,Guardería,240.0,Transferencia,EMP-06,perro agresivo,0
DD-010332,2024-06-14,C-198,Chato,Guardería,210.0,Efectivo,EMP-03,alérgico a champú,0
DD-010308,2024-06-14,C-182,Negro,Guardería,210.0,Transferencia,EMP-01,primera visita,0
DD-010378,2024-06-14,C-227,Maya,Guardería,200.0,Tarjeta,EMP-01,,0
DD-010355,2024-06-14,C-214,Gordo,Baño,420.0,Transferencia,EMP-02,,0
DD-010154,2024-06-14,C-109,Lobo,Hotel,590.0,Transferencia,EMP-04,,0
DD-010300,2024-06-14,C-179,Nina,Hotel,370.0,Efectivo,EMP-05,requiere cita previa,0
DD-010393,2024-06-14,C-237,Tito,Corte,300.0,Transferencia,EMP-02,,0
DD-010555,2024-06-14,C-320,Negro,Guardería,180.0,Tarjeta,EMP-01,,0
DD-010096,2024-06-14,C-081,Luna,Baño,430.0,Efectivo,EMP-02,,0
DD-010198,2024-06-14,C-130,Gordo,Baño,330.0,Efectivo,EMP-07,,0
DD-010129,2024-06-14,C-097,Bella,Guardería,240.0,Efectivo,EMP-07,pago pendiente,0
DD-010458,2024-06-14,C-268,Nala,Guardería,160.0,Efectivo,EMP-02,cliente frecuente,0
DD-010292,2024-06-14,C-174,Chispa,Corte,490.0,Efectivo,EMP-04,alérgico a champú,0
DD-010200,2024-06-14,C-130,Gordo,Guardería,170.0,Efectivo,EMP-05,descuento aplicado,0
DD-010135,2024-06-14,C-100,Rosa,Baño,340.0,Tarjeta,EMP-07,descuento aplicado,0
DD-010482,2024-06-14,C-278,Estrella,Hotel,380.0,Transferencia,EMP-02,propina incluida,0
DD-010253,2024-06-14,C-159,Sultan,Baño,300.0,Transferencia,EMP-01,,0
DD-010351,2024-06-15,C-211,Lobo,Baño,290.0,Efectivo,EMP-06,alérgico a champú,0
DD-010270,2024-06-15,C-166,Boby,Guardería,250.0,Tarjeta,EMP-04,requiere cita previa,0
DD-010327,2024-06-15,C-192,Sammy,Baño,280.0,Efectivo,EMP-06,cliente frecuente,0
DD-010445,2024-06-15,C-262,Charlie,Corte,470.0,Tarjeta,EMP-06,cliente frecuente,0
DD-010170,2024-06-15,C-118,Bonita,Guardería,230.0,Transferencia,EMP-03,descuento aplicado,0
DD-010439,2024-06-15,C-261,Sultan,Guardería,190.0,Tarjeta,EMP-04,,0
DD-010486,2024-06-15,C-281,Bear,Guardería,170.0,Efectivo,EMP-03,cliente frecuente,0
DD-010209,2024-06-15,C-135,Bella,Guardería,210.0,Tarjeta,EMP-06,,0
DD-010268,2024-06-15,C-164,Gus,Hotel,520.0,Efectivo,EMP-04,,0
DD-010408,2024-06-15,C-244,Coco,Corte,310.0,Efectivo,EMP-05,,0
DD-010369,2024-06-15,C-221,Beto,Corte,420.0,Efectivo,EMP-05,traer vacunas,0
DD-010299,2024-06-15,C-178,Coco,Baño,430.0,Efectivo,EMP-03,propina incluida,0
DD-010452,2024-06-15,C-266,Rex,Baño,400.0,Tarjeta,EMP-01,propina incluida,0
DD-010396,2024-06-15,C-238,Max,Guardería,230.0,Efectivo,EMP-01,alérgico a champú,0
DD-010281,2024-06-15,C-170,Frida,Guardería,180.0,Efectivo,EMP-03,perro agresivo,0
DD-010535,2024-06-15,C-308,Nina,Baño,310.0,Tarjeta,EMP-07,perro agresivo,0
DD-010368,2024-06-15,C-221,Beto,Baño,260.0,Efectivo,EMP-01,,0
DD-010158,2024-06-15,C-111,Thor,Baño,210.0,Efectivo,EMP-01,primera visita,0
DD-010243,2024-06-15,C-153,Chato,Guardería,150.0,Transferencia,EMP-01,propina incluida,0
DD-010256,2024-06-16,C-160,Boby,Baño,250.0,Efectivo,EMP-06,,0
DD-010510,2024-06-16,C-293,Blanca,Hotel,590.0,Efectivo,EMP-08,,0
DD-010381,2024-06-16,C-229,Bella,Hotel,350.0,Transferencia,EMP-07,perro agresivo,0
DD-010514,2024-06-16,C-296,Duke,Hotel,350.0,Transferencia,EMP-01,,0
DD-010406,2024-06-16,C-243,Maya,Baño,260.0,Tarjeta,EMP-07,,0
DD-010522,2024-06-16,C-299,Negro,Guardería,230.0,Efectivo,EMP-05,alérgico a champú,0
DD-010367,2024-06-16,C-220,Sammy,Baño,280.0,Tarjeta,EMP-06,,0
DD-010169,2024-06-16,C-117,Daisy,Guardería,240.0,Tarjeta,EMP-01,traer vacunas,0
DD-010524,2024-06-16,C-300,Manchas,Guardería,250.0,Tarjeta,EMP-04,traer vacunas,0
DD-010336,2024-06-16,C-201,Rosa,Guardería,180.0,Transferencia,EMP-05,perro agresivo,0
DD-010153,2024-06-16,C-109,Lobo,Guardería,210.0,Tarjeta,EMP-02,descuento aplicado,0
DD-010282,2024-06-16,C-171,Bear,Guardería,150.0,Efectivo,EMP-07,,0
DD-010425,2024-06-16,C-253,Luna,Adiestramiento,500.0,Tarjeta,EMP-01,cliente VIP,0
DD-010280,2024-06-16,C-170,Frida,Corte,440.0,Efectivo,EMP-08,,0
DD-010225,2024-06-16,C-145,Lola,Guardería,250.0,Efectivo,EMP-02,alérgico a champú,0
DD-010316,2024-06-16,C-187,Simba,Baño,350.0,Tarjeta,EMP-08,primera visita,0
DD-010512,2024-06-17,C-295,Chico,Adiestramiento,720.0,Efectivo,EMP-03,primera visita,0
DD-010219,2024-06-17,C-141,Maya,Corte,270.0,Efectivo,EMP-03,,0
DD-010450,2024-06-17,C-265,Duke,Baño,370.0,Transferencia,EMP-02,,0
DD-010436,2024-06-17,C-259,Paloma,Corte,310.0,Efectivo,EMP-08,cliente VIP,0
DD-010290,2024-06-17,C-173,Charlie,Guardería,190.0,Efectivo,EMP-03,alérgico a champú,0
DD-010183,2024-06-17,C-123,Ringo,Baño,270.0,Transferencia,EMP-07,traer vacunas,0
DD-010240,2024-06-17,C-150,Duke,Baño,310.0,Efectivo,EMP-08,alérgico a champú,0
DD-010400,2024-06-17,C-241,Canela,Guardería,160.0,Tarjeta,EMP-01,propina incluida,0
DD-010228,2024-06-17,C-146,Ringo,Baño,200.0,Efectivo,EMP-04,primera visita,0
DD-010276,2024-06-17,C-168,Charlie,Guardería,190.0,Tarjeta,EMP-07,,0
DD-010337,2024-06-17,C-201,Rosa,Guardería,200.0,Efectivo,EMP-07,traer vacunas,0
DD-010326,2024-06-17,C-191,Sammy,Guardería,190.0,Efectivo,EMP-06,descuento aplicado,0
DD-010262,2024-06-17,C-162,Kira,Baño,290.0,Tarjeta,EMP-05,primera visita,0
DD-010259,2024-06-17,C-161,Chispa,Baño,430.0,Efectivo,EMP-01,perro agresivo,0
DD-010405,2024-06-17,C-243,Maya,Corte,320.0,Efectivo,EMP-06,pago pendiente,0
DD-010475,2024-06-17,C-274,Nena,Baño,380.0,Tarjeta,EMP-02,,0
DD-010415,2024-06-17,C-247,Rosa,Guardería,170.0,Tarjeta,EMP-07,primera visita,0
DD-010142,2024-06-17,C-101,Fifi,Guardería,220.0,Efectivo,EMP-02,requiere cita previa,0
DD-010216,2024-06-17,C-140,Chispa,Hotel,350.0,Tarjeta,EMP-01,propina incluida,0
DD-010477,2024-06-17,C-275,Lobo,Corte,340.0,Tarjeta,EMP-05,,0
DD-010114,2024-06-17,C-090,Coco,Baño,340.0,Tarjeta,EMP-07,,0
DD-010236,2024-06-17,C-149,Toby,Guardería,190.0,Tarjeta,EMP-05,traer vacunas,0
DD-010380,2024-06-18,C-228,Sasha,Guardería,180.0,Tarjeta,EMP-07,cliente VIP,0
DD-010305,2024-06-18,C-181,Nala,Hotel,430.0,Efectivo,EMP-03,,0
DD-010222,2024-06-18,C-144,Rex,Hotel,430.0,Transferencia,EMP-01,,0
DD-010152,2024-06-18,C-108,Sasha,Guardería,180.0,Efectivo,EMP-07,,0
DD-010294,2024-06-18,C-176,Estrella,Guardería,150.0,Tarjeta,EMP-06,,0
DD-010188,2024-06-18,C-126,Manchas,Guardería,230.0,Transferencia,EMP-03,,0
DD-010116,2024-06-18,C-092,Rocky,Corte,320.0,Efectivo,EMP-04,,0
DD-010360,2024-06-18,C-216,Bonita,Guardería,230.0,Efectivo,EMP-01,perro agresivo,0
DD-010106,2024-06-18,C-084,Pancho,Guardería,250.0,Tarjeta,EMP-02,,0
DD-010218,2024-06-18,C-141,Maya,Hotel,490.0,Tarjeta,EMP-04,cliente frecuente,0
DD-010254,2024-06-18,C-159,Sultan,Guardería,190.0,Tarjeta,EMP-08,propina incluida,0
DD-010257,2024-06-18,C-161,Chispa,Adiestramiento,590.0,Efectivo,EMP-07,alérgico a champú,0
DD-010296,2024-06-18,C-177,Princesa,Corte,370.0,Efectivo,EMP-08,,0
DD-010463,2024-06-18,C-269,Maya,Hotel,440.0,Tarjeta,EMP-06,,0
DD-010176,2024-06-18,C-119,Canela,Guardería,180.0,Efectivo,EMP-06,,0
DD-010307,2024-06-18,C-182,Negro,Corte,400.0,Tarjeta,EMP-07,,0
DD-010108,2024-06-19,C-084,Pancho,Corte,470.0,Tarjeta,EMP-05,propina incluida,0
DD-010410,2024-06-19,C-246,Luna,Baño,250.0,Tarjeta,EMP-06,,0
DD-010115,2024-06-19,C-091,Kira,Guardería,240.0,Efectivo,EMP-04,,0
DD-010483,2024-06-19,C-279,Coco,Corte,480.0,Efectivo,EMP-02,alérgico a champú,0
DD-010427,2024-06-19,C-254,Fifi,Guardería,220.0,Efectivo,EMP-08,cliente frecuente,0
DD-010426,2024-06-19,C-254,Fifi,Baño,440.0,Tarjeta,EMP-03,,0
DD-010123,2024-06-19,C-094,Bear,Hotel,440.0,Transferencia,EMP-05,cliente frecuente,0
DD-010531,2024-06-19,C-307,Daisy,Guardería,190.0,Efectivo,EMP-03,descuento aplicado,0
DD-010285,2024-06-19,C-172,Tito,Adiestramiento,610.0,Efectivo,EMP-07,pago pendiente,0
DD-010210,2024-06-19,C-136,Simba,Adiestramiento,770.0,Tarjeta,EMP-01,,0
DD-010215,2024-06-19,C-139,Panda,Hotel,590.0,Tarjeta,EMP-05,pago pendiente,0
DD-010529,2024-06-19,C-306,Pepa,Guardería,160.0,Tarjeta,EMP-08,pago pendiente,0
DD-010317,2024-06-19,C-187,Simba,Guardería,180.0,Tarjeta,EMP-02,,0
DD-010267,2024-06-19,C-164,Gus,Guardería,220.0,Tarjeta,EMP-01,traer vacunas,0
DD-010511,2024-06-19,C-293,Blanca,Baño,430.0,Tarjeta,EMP-02,,0
DD-010539,2024-06-19,C-309,Boby,Hotel,390.0,Efectivo,EMP-03,,0
DD-010221,2024-06-19,C-144,Rex,Guardería,200.0,Tarjeta,EMP-05,,0
DD-010325,2024-06-19,C-190,Beto,Guardería,190.0,Efectivo,EMP-07,,0
DD-010460,2024-06-20,C-268,Nala,Baño,350.0,Transferencia,EMP-06,,0
DD-010489,2024-06-20,C-282,Rosa,Hotel,540.0,Tarjeta,EMP-04,requiere cita previa,0
DD-010490,2024-06-20,C-283,Princesa,Baño,410.0,Efectivo,EMP-08,requiere cita previa,0
DD-010314,2024-06-20,C-184,Mia,Corte,440.0,Efectivo,EMP-04,pago pendiente,0
DD-010488,2024-06-20,C-282,Rosa,Guardería,210.0,Efectivo,EMP-01,cliente frecuente,0
DD-010540,2024-06-20,C-310,Paloma,Guardería,230.0,Efectivo,EMP-05,cliente VIP,0
DD-010347,2024-06-20,C-208,Coco,Guardería,160.0,Efectivo,EMP-01,alérgico a champú,0
DD-010353,2024-06-20,C-212,Negro,Guardería,240.0,Transferencia,EMP-01,requiere cita previa,0
DD-010097,2024-06-20,C-081,Luna,Baño,450.0,Efectivo,EMP-01,,0
DD-010544,2024-06-20,C-312,Bella,Guardería,180.0,Tarjeta,EMP-07,,0
DD-010217,2024-06-20,C-141,Maya,Corte,270.0,Tarjeta,EMP-07,,0
DD-010374,2024-06-20,C-225,Simba,Guardería,160.0,Tarjeta,EMP-04,primera visita,0
DD-010371,2024-06-20,C-223,Sasha,Guardería,200.0,Efectivo,EMP-08,,0
DD-010214,2024-06-21,C-139,Panda,Guardería,240.0,Efectivo,EMP-03,perro agresivo,0
DD-010550,2024-06-21,C-317,Beto,Guardería,150.0,Efectivo,EMP-01,primera visita,0
DD-010416,2024-06-21,C-248,Thor,Hotel,460.0,Transferencia,EMP-05,,0
DD-010404,2024-06-21,C-243,Maya,Baño,400.0,Efectivo,EMP-02,propina incluida,0
DD-010266,2024-06-21,C-162,Kira,Baño,210.0,Efectivo,EMP-03,,0
DD-010164,2024-06-21,C-114,Rocky,Hotel,400.0,Efectivo,EMP-06,cliente frecuente,0
DD-010286,2024-06-21,C-172,Tito,Guardería,180.0,Transferencia,EMP-06,,0
DD-010244,2024-06-21,C-154,Nena,Adiestramiento,640.0,Tarjeta,EMP-03,,0
DD-010204,2024-06-21,C-133,Gus,Baño,260.0,Efectivo,EMP-08,requiere cita previa,0
DD-010105,2024-06-21,C-083,Duke,Baño,320.0,Efectivo,EMP-04,pago pendiente,0
DD-010275,2024-06-21,C-167,Coco,Guardería,210.0,Tarjeta,EMP-03,,0
DD-010310,2024-06-21,C-183,Sammy,Baño,290.0,Efectivo,EMP-08,requiere cita previa,0
DD-010160,2024-06-21,C-112,Princesa,Guardería,200.0,Tarjeta,EMP-01,alérgico a champú,0
DD-010278,2024-06-22,C-169,Gordo,Guardería,180.0,Tarjeta,EMP-07,,0
DD-010320,2024-06-22,C-188,Chico,Hotel,520.0,Efectivo,EMP-08,cliente VIP,0
DD-010248,2024-06-22,C-157,Thor,Baño,400.0,Transferencia,EMP-07,primera visita,0
DD-010339,2024-06-22,C-201,Rosa,Baño,450.0,Tarjeta,EMP-07,,0
DD-010462,2024-06-22,C-269,Maya,Guardería,200.0,Transferencia,EMP-08,alérgico a champú,0
DD-010111,2024-06-22,C-088,Simba,Guardería,240.0,Efectivo,EMP-06,,0
DD-010333,2024-06-22,C-200,Paloma,Guardería,230.0,Efectivo,EMP-07,,0
DD-010411,2024-06-22,C-246,Luna,Hotel,480.0,Tarjeta,EMP-03,propina incluida,0
DD-010104,2024-06-22,C-083,Duke,Guardería,170.0,Tarjeta,EMP-05,,0
DD-010376,2024-06-22,C-226,Chispa,Baño,400.0,Efectivo,EMP-01,requiere cita previa,0
DD-010265,2024-06-23,C-162,Kira,Hotel,580.0,Tarjeta,EMP-03,descuento aplicado,0
DD-010226,2024-06-23,C-146,Ringo,Baño,210.0,Tarjeta,EMP-04,,0
DD-010098,2024-06-23,C-081,Luna,Hotel,550.0,Tarjeta,EMP-07,primera visita,0
DD-010553,2024-06-23,C-319,Princesa,Guardería,170.0,Tarjeta,EMP-01,cliente VIP,0
DD-010172,2024-06-23,C-118,Bonita,Guardería,170.0,Tarjeta,EMP-02,pago pendiente,0
DD-010194,2024-06-23,C-128,Chico,Hotel,480.0,Tarjeta,EMP-02,perro agresivo,0
DD-010117,2024-06-23,C-092,Rocky,Guardería,170.0,Tarjeta,EMP-08,descuento aplicado,0
DD-010554,2024-06-23,C-320,Negro,Baño,260.0,Transferencia,EMP-03,,0
DD-010324,2024-06-23,C-190,Beto,Guardería,240.0,Tarjeta,EMP-01,propina incluida,0
DD-010235,2024-06-23,C-149,Toby,Guardería,190.0,Efectivo,EMP-05,cliente VIP,0
DD-010422,2024-06-23,C-250,Pepa,Guardería,200.0,Efectivo,EMP-02,primera visita,0
DD-010471,2024-06-23,C-272,Boby,Guardería,160.0,Tarjeta,EMP-08,propina incluida,0
DD-010388,2024-06-23,C-233,Manchas,Corte,480.0,Transferencia,EMP-04,traer vacunas,0
DD-010239,2024-06-24,C-150,Duke,Corte,420.0,Efectivo,EMP-04,alérgico a champú,0
DD-010454,2024-06-24,C-267,Daisy,Guardería,200.0,Efectivo,EMP-02,cliente VIP,0
DD-010382,2024-06-24,C-229,Bella,Guardería,210.0,Efectivo,EMP-05,alérgico a champú,0
DD-010291,2024-06-24,C-173,Charlie,Hotel,560.0,Tarjeta,EMP-02,alérgico a champú,0
DD-010103,2024-06-24,C-082,Zeus,Corte,250.0,Efectivo,EMP-01,cliente frecuente,0
DD-010151,2024-06-24,C-107,Lobo,Adiestramiento,610.0,Tarjeta,EMP-08,pago pendiente,0
DD-010109,2024-06-24,C-085,Beto,Corte,410.0,Tarjeta,EMP-01,perro agresivo,0
DD-010335,2024-06-24,C-201,Rosa,Baño,280.0,Tarjeta,EMP-08,,0
DD-010341,2024-06-24,C-205,Pepa,Baño,350.0,Tarjeta,EMP-04,,0
DD-010538,2024-06-24,C-308,Nina,Baño,410.0,Efectivo,EMP-02,perro agresivo,0
DD-010304,2024-06-24,C-180,Buddy,Guardería,180.0,Efectivo,EMP-06,cliente VIP,0
DD-010140,2024-06-25,C-101,Fifi,Hotel,350.0,Efectivo,EMP-04,,0
DD-010102,2024-06-25,C-082,Zeus,Baño,350.0,Transferencia,EMP-02,propina incluida,0
DD-010328,2024-06-25,C-194,Nina,Guardería,180.0,Transferencia,EMP-04,primera visita,0
DD-010448,2024-06-25,C-263,Nena,Baño,230.0,Efectivo,EMP-07,pago pendiente,0
DD-010518,2024-06-25,C-296,Duke,Baño,340.0,Efectivo,EMP-05,cliente VIP,0
DD-010366,2024-06-25,C-220,Sammy,Corte,320.0,Efectivo,EMP-08,,0
DD-010208,2024-06-25,C-135,Bella,Guardería,200.0,Efectivo,EMP-07,,0
DD-010157,2024-06-25,C-111,Thor,Guardería,170.0,Tarjeta,EMP-05,cliente frecuente,0
DD-010155,2024-06-25,C-109,Lobo,Hotel,500.0,Efectivo,EMP-07,cliente frecuente,0
DD-010551,2024-06-25,C-317,Beto,Guardería,160.0,Efectivo,EMP-05,,0
DD-010546,2024-06-25,C-315,Zeus,Hotel,500.0,Tarjeta,EMP-04,cliente frecuente,0
DD-010478,2024-06-26,C-275,Lobo,Baño,370.0,Efectivo,EMP-07,,0
DD-010484,2024-06-26,C-279,Coco,Hotel,370.0,Efectivo,EMP-04,,0
DD-010385,2024-06-26,C-232,Thor,Guardería,190.0,Efectivo,EMP-08,descuento aplicado,0
DD-010167,2024-06-26,C-116,Bonita,Guardería,150.0,Transferencia,EMP-04,perro agresivo,0
DD-010356,2024-06-26,C-214,Gordo,Guardería,250.0,Efectivo,EMP-06,,0
DD-010249,2024-06-26,C-157,Thor,Corte,390.0,Efectivo,EMP-04,requiere cita previa,0
DD-010420,2024-06-26,C-249,Kira,Corte,350.0,Tarjeta,EMP-05,,0
DD-010419,2024-06-26,C-249,Kira,Guardería,200.0,Efectivo,EMP-02,primera visita,0
DD-010168,2024-06-26,C-117,Daisy,Guardería,160.0,Tarjeta,EMP-04,,0
DD-010449,2024-06-26,C-265,Duke,Guardería,150.0,Tarjeta,EMP-01,,0
DD-010133,2024-06-26,C-099,Gordo,Guardería,160.0,Tarjeta,EMP-02,,0
DD-010177,2024-06-26,C-119,Canela,Corte,440.0,Efectivo,EMP-08,,0
DD-010206,2024-06-26,C-134,Luna,Baño,440.0,Efectivo,EMP-05,,0
DD-010407,2024-06-26,C-244,Coco,Guardería,230.0,Tarjeta,EMP-04,cliente VIP,0
DD-010365,2024-06-26,C-219,Nina,Baño,450.0,Efectivo,EMP-08,,0
DD-010277,2024-06-27,C-169,Gordo,Baño,320.0,Tarjeta,EMP-03,,0
DD-010144,2024-06-27,C-104,Rosa,Hotel,360.0,Efectivo,EMP-08,,0
DD-010412,2024-06-27,C-247,Rosa,Corte,380.0,Tarjeta,EMP-08,traer vacunas,0
DD-010330,2024-06-27,C-195,Rocky,Guardería,230.0,Tarjeta,EMP-07,perro agresivo,0
DD-010536,2024-06-27,C-308,Nina,Baño,440.0,Efectivo,EMP-03,traer vacunas,0
DD-010493,2024-06-27,C-285,Daisy,Guardería,160.0,Transferencia,EMP-07,,0
DD-010386,2024-06-27,C-232,Thor,Guardería,170.0,Tarjeta,EMP-05,perro agresivo,0
DD-010175,2024-06-27,C-119,Canela,Adiestramiento,450.0,Efectivo,EMP-02,,0
DD-010260,2024-06-27,C-161,Chispa,Guardería,230.0,Efectivo,EMP-04,primera visita,0
DD-010207,2024-06-27,C-134,Luna,Baño,270.0,Transferencia,EMP-08,alérgico a champú,0
DD-010242,2024-06-27,C-152,Rex,Baño,240.0,Transferencia,EMP-03,cliente VIP,0
DD-010130,2024-06-27,C-098,Ringo,Corte,490.0,Tarjeta,EMP-08,,0
DD-010159,2024-06-27,C-112,Princesa,Baño,340.0,Efectivo,EMP-05,traer vacunas,0
DD-010547,2024-06-27,C-315,Zeus,Corte,290.0,Efectivo,EMP-04,,0
DD-010321,2024-06-27,C-188,Chico,Guardería,170.0,Tarjeta,EMP-08,,0
DD-010441,2024-06-28,C-261,Sultan,Baño,360.0,Efectivo,EMP-03,cliente frecuente,0
DD-010383,2024-06-28,C-232,Thor,Baño,380.0,Efectivo,EMP-06,pago pendiente,0
DD-010532,2024-06-28,C-307,Daisy,Guardería,160.0,Tarjeta,EMP-01,traer vacunas,0
DD-010184,2024-06-28,C-124,Manchas,Corte,420.0,Efectivo,EMP-05,pago pendiente,0
DD-010395,2024-06-28,C-237,Tito,Guardería,220.0,Tarjeta,EMP-06,,0
DD-010113,2024-06-28,C-090,Coco,Guardería,180.0,Transferencia,EMP-04,cliente VIP,0
DD-010485,2024-06-28,C-280,Nena,Guardería,170.0,Transferencia,EMP-02,requiere cita previa,0
DD-010120,2024-06-28,C-093,Thor,Adiestramiento,750.0,Tarjeta,EMP-02,cliente frecuente,0
DD-010428,2024-06-28,C-256,Chato,Adiestramiento,660.0,Efectivo,EMP-03,propina incluida,0
DD-010128,2024-06-28,C-096,Chato,Corte,490.0,Tarjeta,EMP-05,requiere cita previa,0
DD-010134,2024-06-28,C-099,Gordo,Baño,320.0,Transferencia,EMP-03,propina incluida,0
DD-010541,2024-06-28,C-311,Nala,Baño,220.0,Transferencia,EMP-01,requiere cita previa,0
DD-010179,2024-06-28,C-122,Pepa,Guardería,230.0,Efectivo,EMP-02,alérgico a champú,0
DD-010246,2024-06-28,C-155,Nala,Guardería,240.0,Efectivo,EMP-01,,0
DD-010530,2024-06-29,C-306,Pepa,Baño,280.0,Tarjeta,EMP-02,,0
DD-010472,2024-06-29,C-273,Nena,Guardería,210.0,Efectivo,EMP-06,primera visita,0
DD-010100,2024-06-29,C-081,Luna,Corte,460.0,Efectivo,EMP-06,,0
DD-010192,2024-06-29,C-127,Beto,Guardería,180.0,Transferencia,EMP-05,,0
DD-010269,2024-06-29,C-165,Frida,Corte,420.0,Efectivo,EMP-06,propina incluida,0
DD-010197,2024-06-29,C-130,Gordo,Adiestramiento,570.0,Tarjeta,EMP-08,alérgico a champú,0
DD-010199,2024-06-29,C-130,Gordo,Adiestramiento,500.0,Tarjeta,EMP-03,alérgico a champú,0
DD-010247,2024-06-29,C-156,Beto,Adiestramiento,800.0,Efectivo,EMP-06,propina incluida,0
DD-010311,2024-06-29,C-183,Sammy,Guardería,230.0,Tarjeta,EMP-06,cliente frecuente,0
DD-010272,2024-06-29,C-166,Boby,Guardería,220.0,Transferencia,EMP-01,,0
DD-010515,2024-06-29,C-296,Duke,Guardería,180.0,Efectivo,EMP-03,pago pendiente,0
DD-010141,2024-06-29,C-101,Fifi,Guardería,190.0,Tarjeta,EMP-06,cliente frecuente,0
DD-010440,2024-06-29,C-261,Sultan,Baño,300.0,Tarjeta,EMP-03,primera visita,0
DD-010139,2024-06-29,C-101,Fifi,Guardería,150.0,Transferencia,EMP-06,,0
DD-010431,2024-06-29,C-257,Canela,Corte,440.0,Tarjeta,EMP-02,descuento aplicado,0
DD-010429,2024-06-29,C-256,Chato,Hotel,490.0,Tarjeta,EMP-03,traer vacunas,0
DD-010171,2024-06-29,C-118,Bonita,Guardería,220.0,Efectivo,EMP-01,descuento aplicado,0
DD-010501,2024-06-29,C-289,Kira,Corte,380.0,Tarjeta,EMP-02,,0
DD-010503,2024-06-29,C-290,Lola,Guardería,170.0,Tarjeta,EMP-02,propina incluida,0
DD-010212,2024-06-29,C-138,Bear,Corte,330.0,Tarjeta,EMP-05,traer vacunas,0
DD-010372,2024-06-29,C-223,Sasha,Baño,350.0,Tarjeta,EMP-06,cliente frecuente,0
DD-010161,2024-06-29,C-113,Lola,Guardería,230.0,Tarjeta,EMP-03,,0
DD-010469,2024-06-29,C-272,Boby,Baño,450.0,Transferencia,EMP-08,perro agresivo,0
DD-010149,2024-06-30,C-107,Lobo,Corte,340.0,Tarjeta,EMP-07,,0
DD-010468,2024-06-30,C-271,Pancho,Guardería,180.0,Tarjeta,EMP-06,alérgico a champú,0
DD-010125,2024-06-30,C-095,Nala,Corte,410.0,Tarjeta,EMP-02,,0
DD-010234,2024-06-30,C-149,Toby,Baño,340.0,Efectivo,EMP-06,,0
DD-010203,2024-06-30,C-133,Gus,Hotel,460.0,Efectivo,EMP-04,cliente frecuente,0
DD-010461,2024-06-30,C-269,Maya,Corte,420.0,Tarjeta,EMP-08,,0
DD-010245,2024-06-30,C-155,Nala,Guardería,160.0,Tarjeta,EMP-03,,0
DD-010457,2024-06-30,C-268,Nala,Guardería,220.0,Efectivo,EMP-07,perro agresivo,0
DD-010521,2024-06-30,C-299,Negro,Adiestramiento,700.0,Efectivo,EMP-07,,0
DD-010438,2024-06-30,C-260,Bonita,Hotel,490.0,Efectivo,EMP-08,descuento aplicado,0
DD-010352,2024-06-30,C-212,Negro,Guardería,220.0,Transferencia,EMP-07,perro agresivo,0
DD-010430,2024-06-30,C-257,Canela,Baño,240.0,Efectivo,EMP-07,alérgico a champú,0
DD-010391,2024-06-30,C-234,Toby,Hotel,360.0,Tarjeta,EMP-05,descuento aplicado,0
DD-010528,2024-06-30,C-305,Paloma,Corte,450.0,Efectivo,EMP-02,,0
DD-010423,2024-06-30,C-252,Kira,Guardería,170.0,Tarjeta,EMP-01,,0
DD-010112,2024-06-30,C-088,Simba,Guardería,230.0,Efectivo,EMP-01,pago pendiente,0
DD-010273,2024-06-30,C-166,Boby,Guardería,230.0,Efectivo,EMP-05,primera visita,0
DD-010145,2024-06-30,C-105,Tito,Baño,200.0,Efectivo,EMP-04,perro agresivo,0
DD-010148,2024-06-30,C-106,Charlie,Hotel,520.0,Efectivo,EMP-01,,0
DD-010295,2024-06-30,C-177,Princesa,Guardería,190.0,Tarjeta,EMP-07,alérgico a champú,0
DD-010298,2024-06-30,C-178,Coco,Guardería,240.0,Efectivo,EMP-08,pago pendiente,0
DD-010163,2024-06-30,C-114,Rocky,Baño,220.0,Transferencia,EMP-06,,0
DD-010349,2024-06-30,C-210,Max,Guardería,190.0,Efectivo,EMP-03,,0
